 
======== [Mon 10/05/2026 17:59:38.61] line_poller start ======== 
=== Line poller 2026-10-05 2026-10-05T21:59:38Z ===
  2 context rows on slate
  4 upcoming events from slate endpoint (1 API call)
  ✓ polled 1 events, locked close_total on 0, skipped 1 in-progress
  📝 history writes: 1 ok, 0 failed
  📚 book_lines: 0 rows written (change-only) across 19 book-events scanned
  📈 line_history: 114 rows written (server-side, always-write for Split sparkline)
======== [Mon 10/05/2026 18:00:14.20] exit=0 ======== 
 
======== [Mon 10/05/2026 18:01:05.06] line_poller start ======== 
=== Line poller 2026-10-05 2026-10-05T22:01:05Z ===
  2 context rows on slate
  4 upcoming events from slate endpoint (1 API call)
  ✓ polled 1 events, locked close_total on 0, skipped 1 in-progress
  📝 history writes: 1 ok, 0 failed
  📚 book_lines: 0 rows written (change-only) across 19 book-events scanned
  📈 line_history: 114 rows written (server-side, always-write for Split sparkline)
======== [Mon 10/05/2026 18:01:28.33] exit=0 ======== 
 
======== [Mon 10/05/2026 18:15:02.31] line_poller start ======== 
=== Line poller 2026-10-05 2026-10-05T22:15:02Z ===
  2 context rows on slate
  4 upcoming events from slate endpoint (1 API call)
  ✓ polled 1 events, locked close_total on 0, skipped 1 in-progress
  📝 history writes: 1 ok, 0 failed
  📚 book_lines: 7 rows written (change-only) across 19 book-events scanned
  📈 line_history: 114 rows written (server-side, always-write for Split sparkline)
======== [Mon 10/05/2026 18:15:25.04] exit=0 ======== 
 
======== [Mon 10/05/2026 18:30:02.31] line_poller start ======== 
=== Line poller 2026-10-05 2026-10-05T22:30:02Z ===
  2 context rows on slate
  4 upcoming events from slate endpoint (1 API call)
  ✓ polled 1 events, locked close_total on 0, skipped 1 in-progress
  📝 history writes: 1 ok, 0 failed
  📚 book_lines: 15 rows written (change-only) across 19 book-events scanned
  📈 line_history: 114 rows written (server-side, always-write for Split sparkline)
======== [Mon 10/05/2026 18:30:25.71] exit=0 ======== 
 
======== [Mon 10/05/2026 18:45:02.33] line_poller start ======== 
=== Line poller 2026-10-05 2026-10-05T22:45:02Z ===
  2 context rows on slate
  4 upcoming events from slate endpoint (1 API call)
  ✓ polled 1 events, locked close_total on 0, skipped 1 in-progress
  📝 history writes: 1 ok, 0 failed
  📚 book_lines: 11 rows written (change-only) across 19 book-events scanned
  📈 line_history: 114 rows written (server-side, always-write for Split sparkline)
======== [Mon 10/05/2026 18:45:25.82] exit=0 ======== 
 
======== [Mon 10/05/2026 19:00:02.33] line_poller start ======== 
=== Line poller 2026-10-05 2026-10-05T23:00:02Z ===
  2 context rows on slate
  4 upcoming events from slate endpoint (1 API call)
  ✓ polled 1 events, locked close_total on 0, skipped 1 in-progress
  📝 history writes: 1 ok, 0 failed
  📚 book_lines: 3 rows written (change-only) across 19 book-events scanned
  📈 line_history: 114 rows written (server-side, always-write for Split sparkline)
======== [Mon 10/05/2026 19:00:31.28] exit=0 ======== 
 
======== [Mon 10/05/2026 19:15:02.36] line_poller start ======== 
=== Line poller 2026-10-05 2026-10-05T23:15:02Z ===
  2 context rows on slate
  4 upcoming events from slate endpoint (1 API call)
  ✓ polled 1 events, locked close_total on 0, skipped 1 in-progress
  📝 history writes: 1 ok, 0 failed
  📚 book_lines: 28 rows written (change-only) across 19 book-events scanned
  📈 line_history: 114 rows written (server-side, always-write for Split sparkline)
======== [Mon 10/05/2026 19:15:24.99] exit=0 ======== 
 
======== [Mon 10/05/2026 19:30:02.35] line_poller start ======== 
=== Line poller 2026-10-05 2026-10-05T23:30:02Z ===
  2 context rows on slate
  4 upcoming events from slate endpoint (1 API call)
  ✓ polled 1 events, locked close_total on 0, skipped 1 in-progress
  📝 history writes: 1 ok, 0 failed
  📚 book_lines: 16 rows written (change-only) across 19 book-events scanned
  📈 line_history: 114 rows written (server-side, always-write for Split sparkline)
======== [Mon 10/05/2026 19:30:25.20] exit=0 ======== 
 
======== [Mon 10/05/2026 19:45:02.37] line_poller start ======== 
=== Line poller 2026-10-05 2026-10-05T23:45:02Z ===
  2 context rows on slate
  4 upcoming events from slate endpoint (1 API call)
  ✓ polled 1 events, locked close_total on 0, skipped 1 in-progress
  📝 history writes: 1 ok, 0 failed
  📚 book_lines: 11 rows written (change-only) across 19 book-events scanned
  📈 line_history: 114 rows written (server-side, always-write for Split sparkline)
======== [Mon 10/05/2026 19:45:25.81] exit=0 ======== 
 
======== [Mon 10/05/2026 20:00:02.35] line_poller start ======== 
=== Line poller 2026-10-05 2026-10-06T00:00:02Z ===
  2 context rows on slate
  4 upcoming events from slate endpoint (1 API call)
  ✓ polled 0 events, locked close_total on 0, skipped 2 in-progress
  📝 history writes: 0 ok, 0 failed
  📚 book_lines: 0 rows written (change-only) across 0 book-events scanned
  📈 line_history: 0 rows written (server-side, always-write for Split sparkline)
======== [Mon 10/05/2026 20:00:03.61] exit=0 ======== 
 
======== [Mon 10/05/2026 20:15:02.38] line_poller start ======== 
=== Line poller 2026-10-05 2026-10-06T00:15:02Z ===
  2 context rows on slate
  5 upcoming events from slate endpoint (1 API call)
  ✓ polled 0 events, locked close_total on 0, skipped 2 in-progress
  📝 history writes: 0 ok, 0 failed
  📚 book_lines: 0 rows written (change-only) across 0 book-events scanned
  📈 line_history: 0 rows written (server-side, always-write for Split sparkline)
======== [Mon 10/05/2026 20:15:03.66] exit=0 ======== 
 
======== [Mon 10/05/2026 20:30:02.37] line_poller start ======== 
=== Line poller 2026-10-05 2026-10-06T00:30:02Z ===
  2 context rows on slate
  4 upcoming events from slate endpoint (1 API call)
  ✓ polled 0 events, locked close_total on 0, skipped 1 in-progress
  📝 history writes: 0 ok, 0 failed
  📚 book_lines: 0 rows written (change-only) across 0 book-events scanned
  📈 line_history: 0 rows written (server-side, always-write for Split sparkline)
======== [Mon 10/05/2026 20:30:03.45] exit=0 ======== 
 
======== [Mon 10/05/2026 20:45:02.38] line_poller start ======== 
=== Line poller 2026-10-05 2026-10-06T00:45:02Z ===
  2 context rows on slate
  4 upcoming events from slate endpoint (1 API call)
  ✓ polled 0 events, locked close_total on 0, skipped 1 in-progress
  📝 history writes: 0 ok, 0 failed
  📚 book_lines: 0 rows written (change-only) across 0 book-events scanned
  📈 line_history: 0 rows written (server-side, always-write for Split sparkline)
======== [Mon 10/05/2026 20:45:05.18] exit=0 ======== 
 
======== [Mon 10/05/2026 21:00:02.39] line_poller start ======== 
=== Line poller 2026-10-05 2026-10-06T01:00:02Z ===
  2 context rows on slate
  4 upcoming events from slate endpoint (1 API call)
  ✓ polled 0 events, locked close_total on 0, skipped 1 in-progress
  📝 history writes: 0 ok, 0 failed
  📚 book_lines: 0 rows written (change-only) across 0 book-events scanned
  📈 line_history: 0 rows written (server-side, always-write for Split sparkline)
======== [Mon 10/05/2026 21:00:03.72] exit=0 ======== 
 
======== [Mon 10/05/2026 21:15:01.41] line_poller start ======== 
=== Line poller 2026-10-05 2026-10-06T01:15:01Z ===
  2 context rows on slate
  4 upcoming events from slate endpoint (1 API call)
  ✓ polled 0 events, locked close_total on 0, skipped 1 in-progress
  📝 history writes: 0 ok, 0 failed
  📚 book_lines: 0 rows written (change-only) across 0 book-events scanned
  📈 line_history: 0 rows written (server-side, always-write for Split sparkline)
======== [Mon 10/05/2026 21:15:02.92] exit=0 ======== 
 
======== [Mon 10/05/2026 21:30:01.42] line_poller start ======== 
=== Line poller 2026-10-05 2026-10-06T01:30:01Z ===
  2 context rows on slate
  4 upcoming events from slate endpoint (1 API call)
  ✓ polled 0 events, locked close_total on 0, skipped 1 in-progress
  📝 history writes: 0 ok, 0 failed
  📚 book_lines: 0 rows written (change-only) across 0 book-events scanned
  📈 line_history: 0 rows written (server-side, always-write for Split sparkline)
======== [Mon 10/05/2026 21:30:02.68] exit=0 ======== 
 
======== [Mon 10/05/2026 21:45:01.42] line_poller start ======== 
=== Line poller 2026-10-05 2026-10-06T01:45:01Z ===
  2 context rows on slate
  4 upcoming events from slate endpoint (1 API call)
  ✓ polled 0 events, locked close_total on 0, skipped 1 in-progress
  📝 history writes: 0 ok, 0 failed
  📚 book_lines: 0 rows written (change-only) across 0 book-events scanned
  📈 line_history: 0 rows written (server-side, always-write for Split sparkline)
======== [Mon 10/05/2026 21:45:02.68] exit=0 ======== 
 
======== [Mon 10/05/2026 22:00:01.43] line_poller start ======== 
=== Line poller 2026-10-05 2026-10-06T02:00:01Z ===
  2 context rows on slate
  4 upcoming events from slate endpoint (1 API call)
  ✓ polled 0 events, locked close_total on 0, skipped 1 in-progress
  📝 history writes: 0 ok, 0 failed
  📚 book_lines: 0 rows written (change-only) across 0 book-events scanned
  📈 line_history: 0 rows written (server-side, always-write for Split sparkline)
======== [Mon 10/05/2026 22:00:02.69] exit=0 ======== 
 
======== [Mon 10/05/2026 22:15:01.44] line_poller start ======== 
=== Line poller 2026-10-05 2026-10-06T02:15:01Z ===
  2 context rows on slate
  4 upcoming events from slate endpoint (1 API call)
  ✓ polled 0 events, locked close_total on 0, skipped 1 in-progress
  📝 history writes: 0 ok, 0 failed
  📚 book_lines: 0 rows written (change-only) across 0 book-events scanned
  📈 line_history: 0 rows written (server-side, always-write for Split sparkline)
======== [Mon 10/05/2026 22:15:02.85] exit=0 ======== 
 
======== [Mon 10/05/2026 22:30:01.44] line_poller start ======== 
=== Line poller 2026-10-05 2026-10-06T02:30:01Z ===
  2 context rows on slate
  4 upcoming events from slate endpoint (1 API call)
  ✓ polled 0 events, locked close_total on 0, skipped 1 in-progress
  📝 history writes: 0 ok, 0 failed
  📚 book_lines: 0 rows written (change-only) across 0 book-events scanned
  📈 line_history: 0 rows written (server-side, always-write for Split sparkline)
======== [Mon 10/05/2026 22:30:02.65] exit=0 ======== 
 
======== [Mon 10/05/2026 22:45:01.44] line_poller start ======== 
=== Line poller 2026-10-05 2026-10-06T02:45:01Z ===
  2 context rows on slate
  4 upcoming events from slate endpoint (1 API call)
  ✓ polled 0 events, locked close_total on 0, skipped 1 in-progress
  📝 history writes: 0 ok, 0 failed
  📚 book_lines: 0 rows written (change-only) across 0 book-events scanned
  📈 line_history: 0 rows written (server-side, always-write for Split sparkline)
======== [Mon 10/05/2026 22:45:02.68] exit=0 ======== 
 
======== [Mon 10/05/2026 23:00:01.44] line_poller start ======== 
=== Line poller 2026-10-05 2026-10-06T03:00:01Z ===
  2 context rows on slate
  4 upcoming events from slate endpoint (1 API call)
  ✓ polled 0 events, locked close_total on 0, skipped 1 in-progress
  📝 history writes: 0 ok, 0 failed
  📚 book_lines: 0 rows written (change-only) across 0 book-events scanned
  📈 line_history: 0 rows written (server-side, always-write for Split sparkline)
======== [Mon 10/05/2026 23:00:03.80] exit=0 ======== 
 
======== [Mon 10/05/2026 23:15:01.47] line_poller start ======== 
=== Line poller 2026-10-05 2026-10-06T03:15:01Z ===
  2 context rows on slate
  5 upcoming events from slate endpoint (1 API call)
  ✓ polled 0 events, locked close_total on 0, skipped 1 in-progress
  📝 history writes: 0 ok, 0 failed
  📚 book_lines: 0 rows written (change-only) across 0 book-events scanned
  📈 line_history: 0 rows written (server-side, always-write for Split sparkline)
======== [Mon 10/05/2026 23:15:02.80] exit=0 ======== 
 
======== [Mon 10/05/2026 23:30:01.47] line_poller start ======== 
=== Line poller 2026-10-05 2026-10-06T03:30:01Z ===
  2 context rows on slate
  4 upcoming events from slate endpoint (1 API call)
  ✓ polled 0 events, locked close_total on 0, skipped 0 in-progress
  📝 history writes: 0 ok, 0 failed
  📚 book_lines: 0 rows written (change-only) across 0 book-events scanned
  📈 line_history: 0 rows written (server-side, always-write for Split sparkline)
======== [Mon 10/05/2026 23:30:02.67] exit=0 ======== 
 
======== [Mon 10/05/2026 23:45:01.45] line_poller start ======== 
=== Line poller 2026-10-05 2026-10-06T03:45:01Z ===
  2 context rows on slate
  4 upcoming events from slate endpoint (1 API call)
  ✓ polled 0 events, locked close_total on 0, skipped 0 in-progress
  📝 history writes: 0 ok, 0 failed
  📚 book_lines: 0 rows written (change-only) across 0 book-events scanned
  📈 line_history: 0 rows written (server-side, always-write for Split sparkline)
======== [Mon 10/05/2026 23:45:02.76] exit=0 ======== 
 
======== [Tue 10/06/2026  0:00:01.48] line_poller start ======== 
=== Line poller 2026-10-06 2026-10-06T04:00:01Z ===
  2 context rows on slate
  4 upcoming events from slate endpoint (1 API call)
  ✓ polled 2 events, locked close_total on 0, skipped 0 in-progress
  📝 history writes: 2 ok, 0 failed
  📚 book_lines: 113 rows written (change-only) across 38 book-events scanned
  📈 line_history: 226 rows written (server-side, always-write for Split sparkline)
======== [Tue 10/06/2026  0:00:55.35] exit=0 ======== 
 
======== [Tue 10/06/2026  0:15:01.48] line_poller start ======== 
=== Line poller 2026-10-06 2026-10-06T04:15:01Z ===
  2 context rows on slate
  4 upcoming events from slate endpoint (1 API call)
  ✓ polled 2 events, locked close_total on 0, skipped 0 in-progress
  📝 history writes: 2 ok, 0 failed
  📚 book_lines: 22 rows written (change-only) across 38 book-events scanned
  📈 line_history: 226 rows written (server-side, always-write for Split sparkline)
======== [Tue 10/06/2026  0:15:44.59] exit=0 ======== 
 
======== [Tue 10/06/2026  0:30:01.45] line_poller start ======== 
=== Line poller 2026-10-06 2026-10-06T04:30:01Z ===
  2 context rows on slate
  4 upcoming events from slate endpoint (1 API call)
  ✓ polled 2 events, locked close_total on 0, skipped 0 in-progress
  📝 history writes: 2 ok, 0 failed
  📚 book_lines: 8 rows written (change-only) across 38 book-events scanned
  📈 line_history: 226 rows written (server-side, always-write for Split sparkline)
======== [Tue 10/06/2026  0:30:44.80] exit=0 ======== 
 
======== [Tue 10/06/2026  0:45:01.46] line_poller start ======== 
=== Line poller 2026-10-06 2026-10-06T04:45:01Z ===
  2 context rows on slate
  4 upcoming events from slate endpoint (1 API call)
  ✓ polled 2 events, locked close_total on 0, skipped 0 in-progress
  📝 history writes: 2 ok, 0 failed
  📚 book_lines: 7 rows written (change-only) across 38 book-events scanned
  📈 line_history: 226 rows written (server-side, always-write for Split sparkline)
======== [Tue 10/06/2026  0:45:44.43] exit=0 ======== 
 
======== [Tue 10/06/2026  1:00:01.48] line_poller start ======== 
=== Line poller 2026-10-06 2026-10-06T05:00:01Z ===
  2 context rows on slate
  4 upcoming events from slate endpoint (1 API call)
  ✓ polled 2 events, locked close_total on 0, skipped 0 in-progress
  📝 history writes: 2 ok, 0 failed
  📚 book_lines: 4 rows written (change-only) across 38 book-events scanned
  📈 line_history: 226 rows written (server-side, always-write for Split sparkline)
======== [Tue 10/06/2026  1:00:44.65] exit=0 ======== 
 
======== [Tue 10/06/2026  1:15:01.48] line_poller start ======== 
=== Line poller 2026-10-06 2026-10-06T05:15:01Z ===
  2 context rows on slate
  4 upcoming events from slate endpoint (1 API call)
  ✓ polled 2 events, locked close_total on 0, skipped 0 in-progress
  📝 history writes: 2 ok, 0 failed
  📚 book_lines: 21 rows written (change-only) across 38 book-events scanned
  📈 line_history: 226 rows written (server-side, always-write for Split sparkline)
======== [Tue 10/06/2026  1:15:45.02] exit=0 ======== 
 
======== [Tue 10/06/2026  1:30:01.48] line_poller start ======== 
=== Line poller 2026-10-06 2026-10-06T05:30:01Z ===
  2 context rows on slate
  4 upcoming events from slate endpoint (1 API call)
  ✓ polled 2 events, locked close_total on 0, skipped 0 in-progress
  📝 history writes: 2 ok, 0 failed
  📚 book_lines: 2 rows written (change-only) across 38 book-events scanned
  📈 line_history: 226 rows written (server-side, always-write for Split sparkline)
======== [Tue 10/06/2026  1:30:44.02] exit=0 ======== 
 
======== [Tue 10/06/2026  1:45:01.49] line_poller start ======== 
=== Line poller 2026-10-06 2026-10-06T05:45:01Z ===
  2 context rows on slate
  4 upcoming events from slate endpoint (1 API call)
  ✓ polled 2 events, locked close_total on 0, skipped 0 in-progress
  📝 history writes: 2 ok, 0 failed
  📚 book_lines: 1 rows written (change-only) across 38 book-events scanned
  📈 line_history: 226 rows written (server-side, always-write for Split sparkline)
======== [Tue 10/06/2026  1:45:44.67] exit=0 ======== 
 
======== [Tue 10/06/2026  2:00:01.52] line_poller start ======== 
=== Line poller 2026-10-06 2026-10-06T06:00:01Z ===
  2 context rows on slate
  4 upcoming events from slate endpoint (1 API call)
  ✓ polled 2 events, locked close_total on 0, skipped 0 in-progress
  📝 history writes: 2 ok, 0 failed
  📚 book_lines: 9 rows written (change-only) across 38 book-events scanned
  📈 line_history: 226 rows written (server-side, always-write for Split sparkline)
======== [Tue 10/06/2026  2:00:44.82] exit=0 ======== 
 
======== [Tue 10/06/2026  2:15:01.53] line_poller start ======== 
=== Line poller 2026-10-06 2026-10-06T06:15:01Z ===
  2 context rows on slate
  4 upcoming events from slate endpoint (1 API call)
  ✓ polled 2 events, locked close_total on 0, skipped 0 in-progress
  📝 history writes: 2 ok, 0 failed
  📚 book_lines: 1 rows written (change-only) across 38 book-events scanned
  📈 line_history: 226 rows written (server-side, always-write for Split sparkline)
======== [Tue 10/06/2026  2:15:44.87] exit=0 ======== 
 
======== [Tue 10/06/2026  2:30:01.54] line_poller start ======== 
=== Line poller 2026-10-06 2026-10-06T06:30:01Z ===
  2 context rows on slate
  4 upcoming events from slate endpoint (1 API call)
  ✓ polled 2 events, locked close_total on 0, skipped 0 in-progress
  📝 history writes: 2 ok, 0 failed
  📚 book_lines: 5 rows written (change-only) across 38 book-events scanned
  📈 line_history: 226 rows written (server-side, always-write for Split sparkline)
======== [Tue 10/06/2026  2:30:44.63] exit=0 ======== 
 
======== [Tue 10/06/2026  2:45:01.55] line_poller start ======== 
=== Line poller 2026-10-06 2026-10-06T06:45:01Z ===
  2 context rows on slate
  4 upcoming events from slate endpoint (1 API call)
  ✓ polled 2 events, locked close_total on 0, skipped 0 in-progress
  📝 history writes: 2 ok, 0 failed
  📚 book_lines: 5 rows written (change-only) across 38 book-events scanned
  📈 line_history: 226 rows written (server-side, always-write for Split sparkline)
======== [Tue 10/06/2026  2:45:45.35] exit=0 ======== 
 
======== [Tue 10/06/2026  3:00:01.55] line_poller start ======== 
=== Line poller 2026-10-06 2026-10-06T07:00:01Z ===
  2 context rows on slate
  4 upcoming events from slate endpoint (1 API call)
  ✓ polled 2 events, locked close_total on 0, skipped 0 in-progress
  📝 history writes: 2 ok, 0 failed
  📚 book_lines: 1 rows written (change-only) across 38 book-events scanned
  📈 line_history: 226 rows written (server-side, always-write for Split sparkline)
======== [Tue 10/06/2026  3:00:44.86] exit=0 ======== 
 
======== [Tue 10/06/2026  3:15:01.57] line_poller start ======== 
=== Line poller 2026-10-06 2026-10-06T07:15:01Z ===
  2 context rows on slate
  4 upcoming events from slate endpoint (1 API call)
  ✓ polled 2 events, locked close_total on 0, skipped 0 in-progress
  📝 history writes: 2 ok, 0 failed
  📚 book_lines: 1 rows written (change-only) across 38 book-events scanned
  📈 line_history: 226 rows written (server-side, always-write for Split sparkline)
======== [Tue 10/06/2026  3:15:46.67] exit=0 ======== 
 
======== [Tue 10/06/2026  3:30:01.54] line_poller start ======== 
=== Line poller 2026-10-06 2026-10-06T07:30:01Z ===
  2 context rows on slate
  4 upcoming events from slate endpoint (1 API call)
  ✓ polled 2 events, locked close_total on 0, skipped 0 in-progress
  📝 history writes: 2 ok, 0 failed
  📚 book_lines: 0 rows written (change-only) across 38 book-events scanned
  📈 line_history: 226 rows written (server-side, always-write for Split sparkline)
======== [Tue 10/06/2026  3:30:44.02] exit=0 ======== 
 
======== [Tue 10/06/2026  3:45:01.56] line_poller start ======== 
=== Line poller 2026-10-06 2026-10-06T07:45:01Z ===
  2 context rows on slate
  4 upcoming events from slate endpoint (1 API call)
  ✓ polled 2 events, locked close_total on 0, skipped 0 in-progress
  📝 history writes: 2 ok, 0 failed
  📚 book_lines: 0 rows written (change-only) across 38 book-events scanned
  📈 line_history: 226 rows written (server-side, always-write for Split sparkline)
======== [Tue 10/06/2026  3:45:45.45] exit=0 ======== 
 
======== [Tue 10/06/2026  4:00:01.56] line_poller start ======== 
=== Line poller 2026-10-06 2026-10-06T08:00:01Z ===
  2 context rows on slate
  4 upcoming events from slate endpoint (1 API call)
  ✓ polled 2 events, locked close_total on 0, skipped 0 in-progress
  📝 history writes: 2 ok, 0 failed
  📚 book_lines: 7 rows written (change-only) across 38 book-events scanned
  📈 line_history: 226 rows written (server-side, always-write for Split sparkline)
======== [Tue 10/06/2026  4:00:44.45] exit=0 ======== 
 
======== [Tue 10/06/2026  4:15:01.58] line_poller start ======== 
=== Line poller 2026-10-06 2026-10-06T08:15:01Z ===
  2 context rows on slate
  4 upcoming events from slate endpoint (1 API call)
  ✓ polled 2 events, locked close_total on 0, skipped 0 in-progress
  📝 history writes: 2 ok, 0 failed
  📚 book_lines: 1 rows written (change-only) across 38 book-events scanned
  📈 line_history: 226 rows written (server-side, always-write for Split sparkline)
======== [Tue 10/06/2026  4:15:44.41] exit=0 ======== 
 
======== [Tue 10/06/2026  4:30:01.59] line_poller start ======== 
=== Line poller 2026-10-06 2026-10-06T08:30:01Z ===
  2 context rows on slate
  4 upcoming events from slate endpoint (1 API call)
  ✓ polled 2 events, locked close_total on 0, skipped 0 in-progress
  📝 history writes: 2 ok, 0 failed
  📚 book_lines: 2 rows written (change-only) across 34 book-events scanned
  📈 line_history: 202 rows written (server-side, always-write for Split sparkline)
======== [Tue 10/06/2026  4:30:40.39] exit=0 ======== 
 
======== [Tue 10/06/2026  4:45:01.61] line_poller start ======== 
=== Line poller 2026-10-06 2026-10-06T08:45:01Z ===
  2 context rows on slate
  4 upcoming events from slate endpoint (1 API call)
  ✓ polled 2 events, locked close_total on 0, skipped 0 in-progress
  📝 history writes: 2 ok, 0 failed
  📚 book_lines: 2 rows written (change-only) across 34 book-events scanned
  📈 line_history: 202 rows written (server-side, always-write for Split sparkline)
======== [Tue 10/06/2026  4:45:40.65] exit=0 ======== 
 
======== [Tue 10/06/2026  5:00:01.61] line_poller start ======== 
=== Line poller 2026-10-06 2026-10-06T09:00:01Z ===
  2 context rows on slate
  4 upcoming events from slate endpoint (1 API call)
  ✓ polled 2 events, locked close_total on 0, skipped 0 in-progress
  📝 history writes: 2 ok, 0 failed
  📚 book_lines: 1 rows written (change-only) across 36 book-events scanned
  📈 line_history: 214 rows written (server-side, always-write for Split sparkline)
======== [Tue 10/06/2026  5:00:42.51] exit=0 ======== 
 
======== [Tue 10/06/2026  5:15:01.62] line_poller start ======== 
=== Line poller 2026-10-06 2026-10-06T09:15:01Z ===
  2 context rows on slate
  4 upcoming events from slate endpoint (1 API call)
  ✓ polled 2 events, locked close_total on 0, skipped 0 in-progress
  📝 history writes: 2 ok, 0 failed
  📚 book_lines: 9 rows written (change-only) across 38 book-events scanned
  📈 line_history: 226 rows written (server-side, always-write for Split sparkline)
======== [Tue 10/06/2026  5:15:44.52] exit=0 ======== 
 
======== [Tue 10/06/2026  5:30:01.62] line_poller start ======== 
=== Line poller 2026-10-06 2026-10-06T09:30:01Z ===
  2 context rows on slate
  4 upcoming events from slate endpoint (1 API call)
  ✓ polled 2 events, locked close_total on 0, skipped 0 in-progress
  📝 history writes: 2 ok, 0 failed
  📚 book_lines: 13 rows written (change-only) across 38 book-events scanned
  📈 line_history: 226 rows written (server-side, always-write for Split sparkline)
======== [Tue 10/06/2026  5:30:45.70] exit=0 ======== 
 
======== [Tue 10/06/2026  5:45:01.64] line_poller start ======== 
=== Line poller 2026-10-06 2026-10-06T09:45:01Z ===
  2 context rows on slate
  4 upcoming events from slate endpoint (1 API call)
  ✓ polled 2 events, locked close_total on 0, skipped 0 in-progress
  📝 history writes: 2 ok, 0 failed
  📚 book_lines: 2 rows written (change-only) across 38 book-events scanned
  📈 line_history: 226 rows written (server-side, always-write for Split sparkline)
======== [Tue 10/06/2026  5:45:44.92] exit=0 ======== 
 
======== [Tue 10/06/2026  6:00:01.63] line_poller start ======== 
=== Line poller 2026-10-06 2026-10-06T10:00:01Z ===
  2 context rows on slate
  4 upcoming events from slate endpoint (1 API call)
  ✓ polled 2 events, locked close_total on 0, skipped 0 in-progress
  📝 history writes: 2 ok, 0 failed
  📚 book_lines: 3 rows written (change-only) across 38 book-events scanned
  📈 line_history: 226 rows written (server-side, always-write for Split sparkline)
======== [Tue 10/06/2026  6:00:50.72] exit=0 ======== 
 
======== [Tue 10/06/2026  6:15:01.65] line_poller start ======== 
=== Line poller 2026-10-06 2026-10-06T10:15:01Z ===
  2 context rows on slate
  4 upcoming events from slate endpoint (1 API call)
  ✓ polled 2 events, locked close_total on 0, skipped 0 in-progress
  📝 history writes: 2 ok, 0 failed
  📚 book_lines: 5 rows written (change-only) across 38 book-events scanned
  📈 line_history: 226 rows written (server-side, always-write for Split sparkline)
======== [Tue 10/06/2026  6:15:45.78] exit=0 ======== 
 
======== [Tue 10/06/2026  6:30:01.67] line_poller start ======== 
=== Line poller 2026-10-06 2026-10-06T10:30:01Z ===
  2 context rows on slate
  4 upcoming events from slate endpoint (1 API call)
  ✓ polled 2 events, locked close_total on 0, skipped 0 in-progress
  📝 history writes: 2 ok, 0 failed
  📚 book_lines: 17 rows written (change-only) across 38 book-events scanned
  📈 line_history: 226 rows written (server-side, always-write for Split sparkline)
======== [Tue 10/06/2026  6:30:45.25] exit=0 ======== 
 
======== [Tue 10/06/2026  6:45:01.69] line_poller start ======== 
=== Line poller 2026-10-06 2026-10-06T10:45:01Z ===
  2 context rows on slate
  4 upcoming events from slate endpoint (1 API call)
  ✓ polled 2 events, locked close_total on 0, skipped 0 in-progress
  📝 history writes: 2 ok, 0 failed
  📚 book_lines: 1 rows written (change-only) across 38 book-events scanned
  📈 line_history: 226 rows written (server-side, always-write for Split sparkline)
======== [Tue 10/06/2026  6:45:45.38] exit=0 ======== 
 
======== [Tue 10/06/2026  7:00:01.69] line_poller start ======== 
=== Line poller 2026-10-06 2026-10-06T11:00:01Z ===
  2 context rows on slate
  4 upcoming events from slate endpoint (1 API call)
  ✓ polled 2 events, locked close_total on 0, skipped 0 in-progress
  📝 history writes: 2 ok, 0 failed
  📚 book_lines: 7 rows written (change-only) across 38 book-events scanned
  📈 line_history: 226 rows written (server-side, always-write for Split sparkline)
======== [Tue 10/06/2026  7:00:44.48] exit=0 ======== 
 
======== [Tue 10/06/2026  7:15:01.71] line_poller start ======== 
=== Line poller 2026-10-06 2026-10-06T11:15:01Z ===
  2 context rows on slate
  4 upcoming events from slate endpoint (1 API call)
  ✓ polled 2 events, locked close_total on 0, skipped 0 in-progress
  📝 history writes: 2 ok, 0 failed
  📚 book_lines: 4 rows written (change-only) across 38 book-events scanned
  📈 line_history: 226 rows written (server-side, always-write for Split sparkline)
======== [Tue 10/06/2026  7:15:46.49] exit=0 ======== 
 
======== [Tue 10/06/2026  9:35:16.10] line_poller start ======== 
=== Line poller 2026-10-06 2026-10-06T13:35:16Z ===
  0 context rows on slate
  ⚠️ slate odds fetch failed: HTTPSConnectionPool(host='api.the-odds-api.com', port=443): Max retries exceeded with url: /v4/sports/baseball_mlb/odds?apiKey=7526d2360f9203e651b629baf56fb235&regions=us%2Cus2&markets=totals%2Cspreads%2Ch2h&oddsFormat=american (Caused by NameResolutionError("HTTPSConnection(host='api.the-odds-api.com', port=443): Failed to resolve 'api.the-odds-api.com' ([Errno 11001] getaddrinfo failed)"))
  0 upcoming events from slate endpoint (1 API call)
  ✓ polled 0 events, locked close_total on 0, skipped 0 in-progress
  📝 history writes: 0 ok, 0 failed
  📚 book_lines: 0 rows written (change-only) across 0 book-events scanned
  📈 line_history: 0 rows written (server-side, always-write for Split sparkline)
======== [Tue 10/06/2026  9:35:16.41] exit=0 ======== 
 
======== [Tue 10/06/2026  9:45:02.50] line_poller start ======== 
=== Line poller 2026-10-06 2026-10-06T13:45:02Z ===
  2 context rows on slate
  4 upcoming events from slate endpoint (1 API call)
  ✓ polled 2 events, locked close_total on 0, skipped 0 in-progress
  📝 history writes: 2 ok, 0 failed
  📚 book_lines: 55 rows written (change-only) across 38 book-events scanned
  📈 line_history: 226 rows written (server-side, always-write for Split sparkline)
======== [Tue 10/06/2026  9:47:03.85] exit=0 ======== 
 
======== [Tue 10/06/2026 10:00:15.54] line_poller start ======== 
=== Line poller 2026-10-06 2026-10-06T14:00:15Z ===
  2 context rows on slate
  4 upcoming events from slate endpoint (1 API call)
  ✓ polled 2 events, locked close_total on 0, skipped 0 in-progress
  📝 history writes: 2 ok, 0 failed
  📚 book_lines: 14 rows written (change-only) across 38 book-events scanned
  📈 line_history: 222 rows written (server-side, always-write for Split sparkline)
======== [Tue 10/06/2026 10:01:30.73] exit=0 ======== 
 
======== [Tue 10/06/2026 10:34:38.15] line_poller start ======== 
^C 
======== [Tue 10/06/2026 10:45:02.11] line_poller start ======== 
=== Line poller 2026-10-06 2026-10-06T14:45:02Z ===
  2 context rows on slate
  4 upcoming events from slate endpoint (1 API call)
  ✓ polled 2 events, locked close_total on 0, skipped 0 in-progress
  📝 history writes: 2 ok, 0 failed
  📚 book_lines: 57 rows written (change-only) across 38 book-events scanned
  📈 line_history: 226 rows written (server-side, always-write for Split sparkline)
======== [Tue 10/06/2026 10:46:10.73] exit=0 ======== 
 
======== [Tue 10/06/2026 11:00:01.88] line_poller start ======== 
=== Line poller 2026-10-06 2026-10-06T15:00:02Z ===
  2 context rows on slate
  4 upcoming events from slate endpoint (1 API call)
    ⚠ book_lines writer error on 62d8e1c183: ('Connection aborted.', ConnectionResetError(10054, 'An existing connection was forcibly closed by the remote host', None, 10054, None))
  ✓ polled 2 events, locked close_total on 0, skipped 0 in-progress
  📝 history writes: 2 ok, 0 failed
  📚 book_lines: 3 rows written (change-only) across 19 book-events scanned
  📈 line_history: 226 rows written (server-side, always-write for Split sparkline)
======== [Tue 10/06/2026 11:02:14.40] exit=0 ======== 
 
======== [Tue 10/06/2026 11:15:02.11] line_poller start ======== 
=== Line poller 2026-10-06 2026-10-06T15:15:02Z ===
  2 context rows on slate
  4 upcoming events from slate endpoint (1 API call)
  ✓ polled 2 events, locked close_total on 0, skipped 0 in-progress
  📝 history writes: 2 ok, 0 failed
  📚 book_lines: 15 rows written (change-only) across 38 book-events scanned
  📈 line_history: 222 rows written (server-side, always-write for Split sparkline)
======== [Tue 10/06/2026 11:16:48.13] exit=0 ======== 
 
======== [Tue 10/06/2026 12:35:16.56] line_poller start ======== 
=== Line poller 2026-10-06 2026-10-06T17:49:35Z ===
  0 context rows on slate
  ⚠️ slate odds fetch failed: HTTPSConnectionPool(host='api.the-odds-api.com', port=443): Max retries exceeded with url: /v4/sports/baseball_mlb/odds?apiKey=7526d2360f9203e651b629baf56fb235&regions=us%2Cus2&markets=totals%2Cspreads%2Ch2h&oddsFormat=american (Caused by NameResolutionError("HTTPSConnection(host='api.the-odds-api.com', port=443): Failed to resolve 'api.the-odds-api.com' ([Errno 11001] getaddrinfo failed)"))
  0 upcoming events from slate endpoint (1 API call)
  ✓ polled 0 events, locked close_total on 0, skipped 0 in-progress
  📝 history writes: 0 ok, 0 failed
  📚 book_lines: 0 rows written (change-only) across 0 book-events scanned
  📈 line_history: 0 rows written (server-side, always-write for Split sparkline)
======== [Tue 10/06/2026 13:49:36.09] exit=0 ======== 
 
======== [Tue 10/06/2026 14:24:43.18] line_poller start ======== 
=== Line poller 2026-10-06 2026-10-06T18:24:43Z ===
  0 context rows on slate
  ⚠️ slate odds fetch failed: HTTPSConnectionPool(host='api.the-odds-api.com', port=443): Max retries exceeded with url: /v4/sports/baseball_mlb/odds?apiKey=7526d2360f9203e651b629baf56fb235&regions=us%2Cus2&markets=totals%2Cspreads%2Ch2h&oddsFormat=american (Caused by NameResolutionError("HTTPSConnection(host='api.the-odds-api.com', port=443): Failed to resolve 'api.the-odds-api.com' ([Errno 11001] getaddrinfo failed)"))
  0 upcoming events from slate endpoint (1 API call)
  ✓ polled 0 events, locked close_total on 0, skipped 0 in-progress
  📝 history writes: 0 ok, 0 failed
  📚 book_lines: 0 rows written (change-only) across 0 book-events scanned
  📈 line_history: 0 rows written (server-side, always-write for Split sparkline)
======== [Tue 10/06/2026 14:24:43.48] exit=0 ======== 
 
======== [Tue 10/06/2026 15:03:23.37] line_poller start ======== 
=== Line poller 2026-10-06 2026-10-06T19:03:23Z ===
  2 context rows on slate
  4 upcoming events from slate endpoint (1 API call)
  ✓ polled 2 events, locked close_total on 0, skipped 0 in-progress
  📝 history writes: 2 ok, 0 failed
  📚 book_lines: 71 rows written (change-only) across 38 book-events scanned
  📈 line_history: 226 rows written (server-side, always-write for Split sparkline)
======== [Tue 10/06/2026 15:04:53.82] exit=0 ======== 
 
======== [Tue 10/06/2026 15:15:01.93] line_poller start ======== 
=== Line poller 2026-10-06 2026-10-06T19:15:02Z ===
  2 context rows on slate
  4 upcoming events from slate endpoint (1 API call)
  ✓ polled 2 events, locked close_total on 0, skipped 0 in-progress
  📝 history writes: 2 ok, 0 failed
  📚 book_lines: 15 rows written (change-only) across 38 book-events scanned
  📈 line_history: 226 rows written (server-side, always-write for Split sparkline)
======== [Tue 10/06/2026 15:16:06.36] exit=0 ======== 
 
======== [Tue 10/06/2026 15:30:01.95] line_poller start ======== 
=== Line poller 2026-10-06 2026-10-06T19:30:02Z ===
  2 context rows on slate
  4 upcoming events from slate endpoint (1 API call)
  ✓ polled 2 events, locked close_total on 0, skipped 0 in-progress
  📝 history writes: 2 ok, 0 failed
  📚 book_lines: 9 rows written (change-only) across 38 book-events scanned
  📈 line_history: 226 rows written (server-side, always-write for Split sparkline)
======== [Tue 10/06/2026 15:31:01.34] exit=0 ======== 
 
======== [Tue 10/06/2026 15:45:01.93] line_poller start ======== 
=== Line poller 2026-10-06 2026-10-06T19:45:02Z ===
  2 context rows on slate
  4 upcoming events from slate endpoint (1 API call)
  ✓ polled 2 events, locked close_total on 0, skipped 0 in-progress
  📝 history writes: 2 ok, 0 failed
  📚 book_lines: 40 rows written (change-only) across 38 book-events scanned
  📈 line_history: 226 rows written (server-side, always-write for Split sparkline)
======== [Tue 10/06/2026 15:46:03.14] exit=0 ======== 
 
======== [Tue 10/06/2026 16:00:01.93] line_poller start ======== 
=== Line poller 2026-10-06 2026-10-06T20:00:02Z ===
  2 context rows on slate
  ⚠️ slate odds fetch HTTP 502: Internal Server Error
  0 upcoming events from slate endpoint (1 API call)
  ✓ polled 0 events, locked close_total on 0, skipped 0 in-progress
  📝 history writes: 0 ok, 0 failed
  📚 book_lines: 0 rows written (change-only) across 0 book-events scanned
  📈 line_history: 0 rows written (server-side, always-write for Split sparkline)
======== [Tue 10/06/2026 16:00:14.76] exit=0 ======== 
 
======== [Tue 10/06/2026 16:15:02.05] line_poller start ======== 
=== Line poller 2026-10-06 2026-10-06T20:15:02Z ===
  2 context rows on slate
  4 upcoming events from slate endpoint (1 API call)
  ✓ polled 2 events, locked close_total on 0, skipped 0 in-progress
  📝 history writes: 2 ok, 0 failed
  📚 book_lines: 43 rows written (change-only) across 38 book-events scanned
  📈 line_history: 226 rows written (server-side, always-write for Split sparkline)
======== [Tue 10/06/2026 16:16:32.35] exit=0 ======== 
 
======== [Tue 10/06/2026 16:30:01.60] line_poller start ======== 
=== Line poller 2026-10-06 2026-10-06T20:30:01Z ===
  2 context rows on slate
  4 upcoming events from slate endpoint (1 API call)
  ✓ polled 2 events, locked close_total on 0, skipped 0 in-progress
  📝 history writes: 2 ok, 0 failed
  📚 book_lines: 23 rows written (change-only) across 38 book-events scanned
  📈 line_history: 226 rows written (server-side, always-write for Split sparkline)
======== [Tue 10/06/2026 16:30:49.59] exit=0 ======== 
 
======== [Tue 10/06/2026 16:45:01.90] line_poller start ======== 
=== Line poller 2026-10-06 2026-10-06T20:45:02Z ===
  2 context rows on slate
  4 upcoming events from slate endpoint (1 API call)
  ✓ polled 2 events, locked close_total on 0, skipped 0 in-progress
  📝 history writes: 2 ok, 0 failed
  📚 book_lines: 42 rows written (change-only) across 38 book-events scanned
  📈 line_history: 222 rows written (server-side, always-write for Split sparkline)
======== [Tue 10/06/2026 16:45:52.25] exit=0 ======== 
 
======== [Tue 10/06/2026 17:00:01.37] line_poller start ======== 
=== Line poller 2026-10-06 2026-10-06T21:00:01Z ===
  2 context rows on slate
  4 upcoming events from slate endpoint (1 API call)
  ✓ polled 2 events, locked close_total on 0, skipped 0 in-progress
  📝 history writes: 2 ok, 0 failed
  📚 book_lines: 32 rows written (change-only) across 38 book-events scanned
  📈 line_history: 226 rows written (server-side, always-write for Split sparkline)
======== [Tue 10/06/2026 17:01:18.94] exit=0 ======== 
 
======== [Tue 10/06/2026 17:15:01.60] line_poller start ======== 
=== Line poller 2026-10-06 2026-10-06T21:15:01Z ===
  2 context rows on slate
  4 upcoming events from slate endpoint (1 API call)
  ✓ polled 2 events, locked close_total on 0, skipped 0 in-progress
  📝 history writes: 2 ok, 0 failed
  📚 book_lines: 46 rows written (change-only) across 38 book-events scanned
  📈 line_history: 226 rows written (server-side, always-write for Split sparkline)
======== [Tue 10/06/2026 17:15:55.53] exit=0 ======== 
 
======== [Tue 10/06/2026 17:30:01.38] line_poller start ======== 
=== Line poller 2026-10-06 2026-10-06T21:30:01Z ===
  2 context rows on slate
  4 upcoming events from slate endpoint (1 API call)
  ✓ polled 2 events, locked close_total on 0, skipped 0 in-progress
  📝 history writes: 2 ok, 0 failed
  📚 book_lines: 10 rows written (change-only) across 36 book-events scanned
  📈 line_history: 214 rows written (server-side, always-write for Split sparkline)
======== [Tue 10/06/2026 17:30:44.98] exit=0 ======== 
 
======== [Tue 10/06/2026 17:45:01.60] line_poller start ======== 
=== Line poller 2026-10-06 2026-10-06T21:45:01Z ===
  2 context rows on slate
  4 upcoming events from slate endpoint (1 API call)
  ✓ polled 2 events, locked close_total on 0, skipped 0 in-progress
  📝 history writes: 2 ok, 0 failed
  📚 book_lines: 29 rows written (change-only) across 38 book-events scanned
  📈 line_history: 226 rows written (server-side, always-write for Split sparkline)
======== [Tue 10/06/2026 17:45:59.49] exit=0 ======== 
 
======== [Tue 10/06/2026 18:00:01.43] line_poller start ======== 
=== Line poller 2026-10-06 2026-10-06T22:00:01Z ===
  2 context rows on slate
  4 upcoming events from slate endpoint (1 API call)
  ✓ polled 2 events, locked close_total on 1, skipped 0 in-progress
  📝 history writes: 2 ok, 0 failed
  📚 book_lines: 44 rows written (change-only) across 38 book-events scanned
  📈 line_history: 226 rows written (server-side, always-write for Split sparkline)
======== [Tue 10/06/2026 18:00:52.38] exit=0 ======== 
 
======== [Tue 10/06/2026 18:15:01.70] line_poller start ======== 
=== Line poller 2026-10-06 2026-10-06T22:15:01Z ===
  2 context rows on slate
  4 upcoming events from slate endpoint (1 API call)
  ✓ polled 1 events, locked close_total on 0, skipped 1 in-progress
  📝 history writes: 1 ok, 0 failed
  📚 book_lines: 14 rows written (change-only) across 19 book-events scanned
  📈 line_history: 114 rows written (server-side, always-write for Split sparkline)
======== [Tue 10/06/2026 18:15:30.40] exit=0 ======== 
 
======== [Tue 10/06/2026 18:30:01.44] line_poller start ======== 
=== Line poller 2026-10-06 2026-10-06T22:30:01Z ===
  2 context rows on slate
  4 upcoming events from slate endpoint (1 API call)
  ✓ polled 1 events, locked close_total on 0, skipped 1 in-progress
  📝 history writes: 1 ok, 0 failed
  📚 book_lines: 7 rows written (change-only) across 19 book-events scanned
  📈 line_history: 114 rows written (server-side, always-write for Split sparkline)
======== [Tue 10/06/2026 18:30:44.26] exit=0 ======== 
 
======== [Tue 10/06/2026 18:45:01.73] line_poller start ======== 
=== Line poller 2026-10-06 2026-10-06T22:45:02Z ===
  2 context rows on slate
  4 upcoming events from slate endpoint (1 API call)
  ✓ polled 1 events, locked close_total on 0, skipped 1 in-progress
  📝 history writes: 1 ok, 0 failed
  📚 book_lines: 7 rows written (change-only) across 19 book-events scanned
  📈 line_history: 114 rows written (server-side, always-write for Split sparkline)
======== [Tue 10/06/2026 18:45:30.47] exit=0 ======== 
 
======== [Tue 10/06/2026 19:00:01.51] line_poller start ======== 
=== Line poller 2026-10-06 2026-10-06T23:00:01Z ===
  2 context rows on slate
  4 upcoming events from slate endpoint (1 API call)
  ✓ polled 1 events, locked close_total on 0, skipped 1 in-progress
  📝 history writes: 1 ok, 0 failed
  📚 book_lines: 26 rows written (change-only) across 19 book-events scanned
  📈 line_history: 114 rows written (server-side, always-write for Split sparkline)
======== [Tue 10/06/2026 19:01:11.08] exit=0 ======== 
 
======== [Tue 10/06/2026 19:15:01.97] line_poller start ======== 
=== Line poller 2026-10-06 2026-10-06T23:15:02Z ===
  2 context rows on slate
  4 upcoming events from slate endpoint (1 API call)
  ✓ polled 1 events, locked close_total on 0, skipped 1 in-progress
  📝 history writes: 1 ok, 0 failed
  📚 book_lines: 13 rows written (change-only) across 19 book-events scanned
  📈 line_history: 114 rows written (server-side, always-write for Split sparkline)
======== [Tue 10/06/2026 19:15:48.41] exit=0 ======== 
 
======== [Tue 10/06/2026 19:30:01.47] line_poller start ======== 
=== Line poller 2026-10-06 2026-10-06T23:30:01Z ===
  2 context rows on slate
  4 upcoming events from slate endpoint (1 API call)
  ✓ polled 1 events, locked close_total on 0, skipped 1 in-progress
  📝 history writes: 1 ok, 0 failed
  📚 book_lines: 4 rows written (change-only) across 19 book-events scanned
  📈 line_history: 114 rows written (server-side, always-write for Split sparkline)
======== [Tue 10/06/2026 19:30:44.43] exit=0 ======== 
 
======== [Tue 10/06/2026 19:45:01.73] line_poller start ======== 
=== Line poller 2026-10-06 2026-10-06T23:45:02Z ===
  2 context rows on slate
  4 upcoming events from slate endpoint (1 API call)
  ✓ polled 1 events, locked close_total on 0, skipped 1 in-progress
  📝 history writes: 1 ok, 0 failed
  📚 book_lines: 6 rows written (change-only) across 19 book-events scanned
  📈 line_history: 114 rows written (server-side, always-write for Split sparkline)
======== [Tue 10/06/2026 19:45:29.92] exit=0 ======== 
 
======== [Tue 10/06/2026 20:00:01.51] line_poller start ======== 
=== Line poller 2026-10-06 2026-10-07T00:00:01Z ===
  2 context rows on slate
  4 upcoming events from slate endpoint (1 API call)
  ✓ polled 1 events, locked close_total on 0, skipped 1 in-progress
  📝 history writes: 1 ok, 0 failed
  📚 book_lines: 9 rows written (change-only) across 19 book-events scanned
  📈 line_history: 114 rows written (server-side, always-write for Split sparkline)
======== [Tue 10/06/2026 20:00:26.20] exit=0 ======== 
 
======== [Tue 10/06/2026 20:15:01.76] line_poller start ======== 
=== Line poller 2026-10-06 2026-10-07T00:15:02Z ===
  2 context rows on slate
  4 upcoming events from slate endpoint (1 API call)
  ✓ polled 1 events, locked close_total on 0, skipped 1 in-progress
  📝 history writes: 1 ok, 0 failed
  📚 book_lines: 16 rows written (change-only) across 19 book-events scanned
  📈 line_history: 114 rows written (server-side, always-write for Split sparkline)
======== [Tue 10/06/2026 20:15:31.27] exit=0 ======== 
 
======== [Tue 10/06/2026 20:30:01.58] line_poller start ======== 
=== Line poller 2026-10-06 2026-10-07T00:30:01Z ===
  2 context rows on slate
  4 upcoming events from slate endpoint (1 API call)
  ✓ polled 1 events, locked close_total on 0, skipped 1 in-progress
  📝 history writes: 1 ok, 0 failed
  📚 book_lines: 21 rows written (change-only) across 19 book-events scanned
  📈 line_history: 114 rows written (server-side, always-write for Split sparkline)
======== [Tue 10/06/2026 20:30:30.98] exit=0 ======== 
 
======== [Tue 10/06/2026 21:18:55.28] line_poller start ======== 
=== Line poller 2026-10-06 2026-10-07T01:18:55Z ===
  2 context rows on slate
  5 upcoming events from slate endpoint (1 API call)
  ✓ polled 2 events, locked close_total on 0, skipped 1 in-progress
  📝 history writes: 2 ok, 0 failed
  📚 book_lines: 21 rows written (change-only) across 25 book-events scanned
  📈 line_history: 148 rows written (server-side, always-write for Split sparkline)
======== [Tue 10/06/2026 21:20:04.00] exit=0 ======== 
 
======== [Tue 10/06/2026 21:30:01.51] line_poller start ======== 
=== Line poller 2026-10-06 2026-10-07T01:30:01Z ===
  2 context rows on slate
  4 upcoming events from slate endpoint (1 API call)
  ✓ polled 2 events, locked close_total on 1, skipped 0 in-progress
  📝 history writes: 2 ok, 0 failed
  📚 book_lines: 50 rows written (change-only) across 32 book-events scanned
  📈 line_history: 190 rows written (server-side, always-write for Split sparkline)
======== [Tue 10/06/2026 21:30:54.50] exit=0 ======== 
 
======== [Tue 10/06/2026 21:45:01.71] line_poller start ======== 
=== Line poller 2026-10-06 2026-10-07T01:45:01Z ===
  2 context rows on slate
  4 upcoming events from slate endpoint (1 API call)
  ✓ polled 1 events, locked close_total on 0, skipped 1 in-progress
  📝 history writes: 1 ok, 0 failed
  📚 book_lines: 14 rows written (change-only) across 12 book-events scanned
  📈 line_history: 70 rows written (server-side, always-write for Split sparkline)
======== [Tue 10/06/2026 21:45:22.74] exit=0 ======== 
 
======== [Tue 10/06/2026 22:00:01.51] line_poller start ======== 
=== Line poller 2026-10-06 2026-10-07T02:00:01Z ===
  2 context rows on slate
  4 upcoming events from slate endpoint (1 API call)
  ✓ polled 1 events, locked close_total on 0, skipped 1 in-progress
  📝 history writes: 1 ok, 0 failed
  📚 book_lines: 8 rows written (change-only) across 14 book-events scanned
  📈 line_history: 82 rows written (server-side, always-write for Split sparkline)
======== [Tue 10/06/2026 22:00:23.66] exit=0 ======== 
 
======== [Tue 10/06/2026 22:15:01.82] line_poller start ======== 
=== Line poller 2026-10-06 2026-10-07T02:15:02Z ===
  2 context rows on slate
  4 upcoming events from slate endpoint (1 API call)
  ✓ polled 1 events, locked close_total on 0, skipped 1 in-progress
  📝 history writes: 1 ok, 0 failed
  📚 book_lines: 10 rows written (change-only) across 16 book-events scanned
  📈 line_history: 94 rows written (server-side, always-write for Split sparkline)
======== [Tue 10/06/2026 22:15:26.67] exit=0 ======== 
 
======== [Tue 10/06/2026 22:30:01.66] line_poller start ======== 
=== Line poller 2026-10-06 2026-10-07T02:30:01Z ===
  2 context rows on slate
  4 upcoming events from slate endpoint (1 API call)
  ✓ polled 1 events, locked close_total on 0, skipped 1 in-progress
  📝 history writes: 1 ok, 0 failed
  📚 book_lines: 8 rows written (change-only) across 18 book-events scanned
  📈 line_history: 106 rows written (server-side, always-write for Split sparkline)
======== [Tue 10/06/2026 22:30:47.95] exit=0 ======== 
 
======== [Tue 10/06/2026 22:45:01.97] line_poller start ======== 
=== Line poller 2026-10-06 2026-10-07T02:45:02Z ===
  2 context rows on slate
  4 upcoming events from slate endpoint (1 API call)
  ✓ polled 1 events, locked close_total on 0, skipped 1 in-progress
  📝 history writes: 1 ok, 0 failed
  📚 book_lines: 2 rows written (change-only) across 19 book-events scanned
  📈 line_history: 110 rows written (server-side, always-write for Split sparkline)
======== [Tue 10/06/2026 22:46:06.54] exit=0 ======== 
 
======== [Tue 10/06/2026 23:00:01.67] line_poller start ======== 
=== Line poller 2026-10-06 2026-10-07T03:00:02Z ===
  2 context rows on slate
  4 upcoming events from slate endpoint (1 API call)
  ✓ polled 1 events, locked close_total on 0, skipped 1 in-progress
  📝 history writes: 1 ok, 0 failed
  📚 book_lines: 9 rows written (change-only) across 19 book-events scanned
  📈 line_history: 112 rows written (server-side, always-write for Split sparkline)
======== [Tue 10/06/2026 23:00:58.71] exit=0 ======== 
 
======== [Tue 10/06/2026 23:15:01.77] line_poller start ======== 
=== Line poller 2026-10-06 2026-10-07T03:15:01Z ===
  2 context rows on slate
  4 upcoming events from slate endpoint (1 API call)
  ✓ polled 1 events, locked close_total on 0, skipped 1 in-progress
  📝 history writes: 1 ok, 0 failed
  📚 book_lines: 6 rows written (change-only) across 19 book-events scanned
  📈 line_history: 112 rows written (server-side, always-write for Split sparkline)
======== [Tue 10/06/2026 23:15:25.28] exit=0 ======== 
 
======== [Tue 10/06/2026 23:30:01.78] line_poller start ======== 
=== Line poller 2026-10-06 2026-10-07T03:30:01Z ===
  2 context rows on slate
  4 upcoming events from slate endpoint (1 API call)
  ✓ polled 1 events, locked close_total on 0, skipped 1 in-progress
  📝 history writes: 1 ok, 0 failed
  📚 book_lines: 0 rows written (change-only) across 19 book-events scanned
  📈 line_history: 112 rows written (server-side, always-write for Split sparkline)
======== [Tue 10/06/2026 23:30:24.08] exit=0 ======== 
 
======== [Tue 10/06/2026 23:45:01.77] line_poller start ======== 
=== Line poller 2026-10-06 2026-10-07T03:45:01Z ===
  2 context rows on slate
  4 upcoming events from slate endpoint (1 API call)
  ✓ polled 1 events, locked close_total on 0, skipped 1 in-progress
  📝 history writes: 1 ok, 0 failed
  📚 book_lines: 7 rows written (change-only) across 19 book-events scanned
  📈 line_history: 112 rows written (server-side, always-write for Split sparkline)
======== [Tue 10/06/2026 23:45:24.41] exit=0 ======== 
 
======== [Wed 10/07/2026  0:00:01.75] line_poller start ======== 
=== Line poller 2026-10-07 2026-10-07T04:00:01Z ===
  2 context rows on slate
  4 upcoming events from slate endpoint (1 API call)
  ✓ polled 2 events, locked close_total on 0, skipped 0 in-progress
  📝 history writes: 2 ok, 0 failed
  📚 book_lines: 114 rows written (change-only) across 38 book-events scanned
  📈 line_history: 228 rows written (server-side, always-write for Split sparkline)
======== [Wed 10/07/2026  0:00:45.90] exit=0 ======== 
 
======== [Wed 10/07/2026  0:15:01.79] line_poller start ======== 
=== Line poller 2026-10-07 2026-10-07T04:15:02Z ===
  2 context rows on slate
  4 upcoming events from slate endpoint (1 API call)
  ✓ polled 2 events, locked close_total on 0, skipped 0 in-progress
  📝 history writes: 2 ok, 0 failed
  📚 book_lines: 5 rows written (change-only) across 38 book-events scanned
  📈 line_history: 228 rows written (server-side, always-write for Split sparkline)
======== [Wed 10/07/2026  0:15:46.04] exit=0 ======== 
 
======== [Wed 10/07/2026  0:30:01.82] line_poller start ======== 
=== Line poller 2026-10-07 2026-10-07T04:30:02Z ===
  2 context rows on slate
  4 upcoming events from slate endpoint (1 API call)
  ✓ polled 2 events, locked close_total on 0, skipped 0 in-progress
  📝 history writes: 2 ok, 0 failed
  📚 book_lines: 1 rows written (change-only) across 38 book-events scanned
  📈 line_history: 228 rows written (server-side, always-write for Split sparkline)
======== [Wed 10/07/2026  0:30:45.03] exit=0 ======== 
 
======== [Wed 10/07/2026  0:45:01.83] line_poller start ======== 
=== Line poller 2026-10-07 2026-10-07T04:45:02Z ===
  2 context rows on slate
  4 upcoming events from slate endpoint (1 API call)
  ✓ polled 2 events, locked close_total on 0, skipped 0 in-progress
  📝 history writes: 2 ok, 0 failed
  📚 book_lines: 3 rows written (change-only) across 36 book-events scanned
  📈 line_history: 216 rows written (server-side, always-write for Split sparkline)
======== [Wed 10/07/2026  0:45:44.17] exit=0 ======== 
 
======== [Wed 10/07/2026  1:00:01.83] line_poller start ======== 
=== Line poller 2026-10-07 2026-10-07T05:00:02Z ===
  2 context rows on slate
  4 upcoming events from slate endpoint (1 API call)
  ✓ polled 2 events, locked close_total on 0, skipped 0 in-progress
  📝 history writes: 2 ok, 0 failed
  📚 book_lines: 1 rows written (change-only) across 38 book-events scanned
  📈 line_history: 228 rows written (server-side, always-write for Split sparkline)
======== [Wed 10/07/2026  1:00:45.13] exit=0 ======== 
 
======== [Wed 10/07/2026  1:15:01.84] line_poller start ======== 
=== Line poller 2026-10-07 2026-10-07T05:15:02Z ===
  2 context rows on slate
  5 upcoming events from slate endpoint (1 API call)
  ✓ polled 2 events, locked close_total on 0, skipped 0 in-progress
  📝 history writes: 2 ok, 0 failed
  📚 book_lines: 3 rows written (change-only) across 38 book-events scanned
  📈 line_history: 228 rows written (server-side, always-write for Split sparkline)
======== [Wed 10/07/2026  1:15:46.73] exit=0 ======== 
 
======== [Wed 10/07/2026  1:30:01.84] line_poller start ======== 
=== Line poller 2026-10-07 2026-10-07T05:30:02Z ===
  2 context rows on slate
  4 upcoming events from slate endpoint (1 API call)
  ✓ polled 2 events, locked close_total on 0, skipped 0 in-progress
  📝 history writes: 2 ok, 0 failed
  📚 book_lines: 17 rows written (change-only) across 38 book-events scanned
  📈 line_history: 228 rows written (server-side, always-write for Split sparkline)
======== [Wed 10/07/2026  1:30:47.83] exit=0 ======== 
 
======== [Wed 10/07/2026  1:45:01.87] line_poller start ======== 
=== Line poller 2026-10-07 2026-10-07T05:45:02Z ===
  2 context rows on slate
  4 upcoming events from slate endpoint (1 API call)
  ✓ polled 2 events, locked close_total on 0, skipped 0 in-progress
  📝 history writes: 2 ok, 0 failed
  📚 book_lines: 5 rows written (change-only) across 38 book-events scanned
  📈 line_history: 228 rows written (server-side, always-write for Split sparkline)
======== [Wed 10/07/2026  1:45:46.24] exit=0 ======== 
 
======== [Wed 10/07/2026  2:00:01.86] line_poller start ======== 
=== Line poller 2026-10-07 2026-10-07T06:00:02Z ===
  2 context rows on slate
  4 upcoming events from slate endpoint (1 API call)
  ✓ polled 2 events, locked close_total on 0, skipped 0 in-progress
  📝 history writes: 2 ok, 0 failed
  📚 book_lines: 15 rows written (change-only) across 38 book-events scanned
  📈 line_history: 228 rows written (server-side, always-write for Split sparkline)
======== [Wed 10/07/2026  2:00:46.12] exit=0 ======== 
 
======== [Wed 10/07/2026  2:15:01.89] line_poller start ======== 
=== Line poller 2026-10-07 2026-10-07T06:15:02Z ===
  2 context rows on slate
  4 upcoming events from slate endpoint (1 API call)
  ✓ polled 2 events, locked close_total on 0, skipped 0 in-progress
  📝 history writes: 2 ok, 0 failed
  📚 book_lines: 5 rows written (change-only) across 38 book-events scanned
  📈 line_history: 228 rows written (server-side, always-write for Split sparkline)
======== [Wed 10/07/2026  2:15:45.70] exit=0 ======== 
 
======== [Wed 10/07/2026  2:30:01.88] line_poller start ======== 
=== Line poller 2026-10-07 2026-10-07T06:30:02Z ===
  2 context rows on slate
  4 upcoming events from slate endpoint (1 API call)
  ✓ polled 2 events, locked close_total on 0, skipped 0 in-progress
  📝 history writes: 2 ok, 0 failed
  📚 book_lines: 8 rows written (change-only) across 36 book-events scanned
  📈 line_history: 212 rows written (server-side, always-write for Split sparkline)
======== [Wed 10/07/2026  2:30:42.60] exit=0 ======== 
 
======== [Wed 10/07/2026  2:45:01.89] line_poller start ======== 
=== Line poller 2026-10-07 2026-10-07T06:45:02Z ===
  2 context rows on slate
  4 upcoming events from slate endpoint (1 API call)
  ✓ polled 2 events, locked close_total on 0, skipped 0 in-progress
  📝 history writes: 2 ok, 0 failed
  📚 book_lines: 11 rows written (change-only) across 38 book-events scanned
  📈 line_history: 228 rows written (server-side, always-write for Split sparkline)
======== [Wed 10/07/2026  2:45:45.57] exit=0 ======== 
 
======== [Wed 10/07/2026  3:00:01.89] line_poller start ======== 
=== Line poller 2026-10-07 2026-10-07T07:00:02Z ===
  2 context rows on slate
  4 upcoming events from slate endpoint (1 API call)
  ✓ polled 2 events, locked close_total on 0, skipped 0 in-progress
  📝 history writes: 2 ok, 0 failed
  📚 book_lines: 6 rows written (change-only) across 38 book-events scanned
  📈 line_history: 228 rows written (server-side, always-write for Split sparkline)
======== [Wed 10/07/2026  3:00:45.64] exit=0 ======== 
 
======== [Wed 10/07/2026  3:15:01.90] line_poller start ======== 
=== Line poller 2026-10-07 2026-10-07T07:15:02Z ===
  2 context rows on slate
  4 upcoming events from slate endpoint (1 API call)
  ✓ polled 2 events, locked close_total on 0, skipped 0 in-progress
  📝 history writes: 2 ok, 0 failed
  📚 book_lines: 2 rows written (change-only) across 38 book-events scanned
  📈 line_history: 224 rows written (server-side, always-write for Split sparkline)
======== [Wed 10/07/2026  3:15:46.57] exit=0 ======== 
 
======== [Wed 10/07/2026  3:30:01.92] line_poller start ======== 
=== Line poller 2026-10-07 2026-10-07T07:30:02Z ===
  2 context rows on slate
  4 upcoming events from slate endpoint (1 API call)
  ✓ polled 2 events, locked close_total on 0, skipped 0 in-progress
  📝 history writes: 2 ok, 0 failed
  📚 book_lines: 6 rows written (change-only) across 35 book-events scanned
  📈 line_history: 210 rows written (server-side, always-write for Split sparkline)
======== [Wed 10/07/2026  3:30:41.79] exit=0 ======== 
 
======== [Wed 10/07/2026  3:45:01.92] line_poller start ======== 
=== Line poller 2026-10-07 2026-10-07T07:45:02Z ===
  2 context rows on slate
  4 upcoming events from slate endpoint (1 API call)
  ✓ polled 2 events, locked close_total on 0, skipped 0 in-progress
  📝 history writes: 2 ok, 0 failed
  📚 book_lines: 21 rows written (change-only) across 38 book-events scanned
  📈 line_history: 228 rows written (server-side, always-write for Split sparkline)
======== [Wed 10/07/2026  3:45:46.36] exit=0 ======== 
 
======== [Wed 10/07/2026  4:00:01.95] line_poller start ======== 
=== Line poller 2026-10-07 2026-10-07T08:00:02Z ===
  2 context rows on slate
  4 upcoming events from slate endpoint (1 API call)
  ✓ polled 2 events, locked close_total on 0, skipped 0 in-progress
  📝 history writes: 2 ok, 0 failed
  📚 book_lines: 7 rows written (change-only) across 38 book-events scanned
  📈 line_history: 228 rows written (server-side, always-write for Split sparkline)
======== [Wed 10/07/2026  4:00:46.24] exit=0 ======== 
 
======== [Wed 10/07/2026  4:15:01.94] line_poller start ======== 
=== Line poller 2026-10-07 2026-10-07T08:15:02Z ===
  2 context rows on slate
  4 upcoming events from slate endpoint (1 API call)
  ✓ polled 2 events, locked close_total on 0, skipped 0 in-progress
  📝 history writes: 2 ok, 0 failed
  📚 book_lines: 4 rows written (change-only) across 38 book-events scanned
  📈 line_history: 228 rows written (server-side, always-write for Split sparkline)
======== [Wed 10/07/2026  4:15:46.25] exit=0 ======== 
 
======== [Wed 10/07/2026  4:30:01.93] line_poller start ======== 
=== Line poller 2026-10-07 2026-10-07T08:30:02Z ===
  2 context rows on slate
  4 upcoming events from slate endpoint (1 API call)
  ✓ polled 2 events, locked close_total on 0, skipped 0 in-progress
  📝 history writes: 2 ok, 0 failed
  📚 book_lines: 2 rows written (change-only) across 38 book-events scanned
  📈 line_history: 228 rows written (server-side, always-write for Split sparkline)
======== [Wed 10/07/2026  4:30:45.50] exit=0 ======== 
 
======== [Wed 10/07/2026  4:45:01.96] line_poller start ======== 
=== Line poller 2026-10-07 2026-10-07T08:45:02Z ===
  2 context rows on slate
  4 upcoming events from slate endpoint (1 API call)
  ✓ polled 2 events, locked close_total on 0, skipped 0 in-progress
  📝 history writes: 2 ok, 0 failed
  📚 book_lines: 16 rows written (change-only) across 38 book-events scanned
  📈 line_history: 228 rows written (server-side, always-write for Split sparkline)
======== [Wed 10/07/2026  4:45:47.31] exit=0 ======== 
 
======== [Wed 10/07/2026  5:00:01.94] line_poller start ======== 
=== Line poller 2026-10-07 2026-10-07T09:00:02Z ===
  2 context rows on slate
  4 upcoming events from slate endpoint (1 API call)
  ✓ polled 2 events, locked close_total on 0, skipped 0 in-progress
  📝 history writes: 2 ok, 0 failed
  📚 book_lines: 15 rows written (change-only) across 38 book-events scanned
  📈 line_history: 228 rows written (server-side, always-write for Split sparkline)
======== [Wed 10/07/2026  5:00:45.51] exit=0 ======== 
 
======== [Wed 10/07/2026  5:15:01.96] line_poller start ======== 
=== Line poller 2026-10-07 2026-10-07T09:15:02Z ===
  2 context rows on slate
  4 upcoming events from slate endpoint (1 API call)
  ✓ polled 2 events, locked close_total on 0, skipped 0 in-progress
  📝 history writes: 2 ok, 0 failed
  📚 book_lines: 7 rows written (change-only) across 38 book-events scanned
  📈 line_history: 228 rows written (server-side, always-write for Split sparkline)
======== [Wed 10/07/2026  5:15:46.60] exit=0 ======== 
 
======== [Wed 10/07/2026  5:30:02.00] line_poller start ======== 
=== Line poller 2026-10-07 2026-10-07T09:30:02Z ===
  2 context rows on slate
  4 upcoming events from slate endpoint (1 API call)
  ✓ polled 2 events, locked close_total on 0, skipped 0 in-progress
  📝 history writes: 2 ok, 0 failed
  📚 book_lines: 5 rows written (change-only) across 38 book-events scanned
  📈 line_history: 228 rows written (server-side, always-write for Split sparkline)
======== [Wed 10/07/2026  5:30:44.74] exit=0 ======== 
 
======== [Wed 10/07/2026  5:45:01.98] line_poller start ======== 
=== Line poller 2026-10-07 2026-10-07T09:45:02Z ===
  2 context rows on slate
  4 upcoming events from slate endpoint (1 API call)
  ✓ polled 2 events, locked close_total on 0, skipped 0 in-progress
  📝 history writes: 2 ok, 0 failed
  📚 book_lines: 3 rows written (change-only) across 38 book-events scanned
  📈 line_history: 228 rows written (server-side, always-write for Split sparkline)
======== [Wed 10/07/2026  5:45:45.86] exit=0 ======== 
 
======== [Wed 10/07/2026  6:00:01.99] line_poller start ======== 
=== Line poller 2026-10-07 2026-10-07T10:00:02Z ===
  2 context rows on slate
  4 upcoming events from slate endpoint (1 API call)
  ✓ polled 2 events, locked close_total on 0, skipped 0 in-progress
  📝 history writes: 2 ok, 0 failed
  📚 book_lines: 11 rows written (change-only) across 38 book-events scanned
  📈 line_history: 228 rows written (server-side, always-write for Split sparkline)
======== [Wed 10/07/2026  6:00:45.24] exit=0 ======== 
 
======== [Wed 10/07/2026  6:15:01.99] line_poller start ======== 
=== Line poller 2026-10-07 2026-10-07T10:15:02Z ===
  2 context rows on slate
  4 upcoming events from slate endpoint (1 API call)
  ✓ polled 2 events, locked close_total on 0, skipped 0 in-progress
  📝 history writes: 2 ok, 0 failed
  📚 book_lines: 5 rows written (change-only) across 38 book-events scanned
  📈 line_history: 228 rows written (server-side, always-write for Split sparkline)
======== [Wed 10/07/2026  6:15:46.78] exit=0 ======== 
 
======== [Wed 10/07/2026  6:30:02.03] line_poller start ======== 
=== Line poller 2026-10-07 2026-10-07T10:30:02Z ===
  2 context rows on slate
  4 upcoming events from slate endpoint (1 API call)
  ✓ polled 2 events, locked close_total on 0, skipped 0 in-progress
  📝 history writes: 2 ok, 0 failed
  📚 book_lines: 7 rows written (change-only) across 38 book-events scanned
  📈 line_history: 228 rows written (server-side, always-write for Split sparkline)
======== [Wed 10/07/2026  6:30:45.97] exit=0 ======== 
 
======== [Wed 10/07/2026  6:45:01.99] line_poller start ======== 
=== Line poller 2026-10-07 2026-10-07T10:45:02Z ===
  2 context rows on slate
  4 upcoming events from slate endpoint (1 API call)
  ✓ polled 2 events, locked close_total on 0, skipped 0 in-progress
  📝 history writes: 2 ok, 0 failed
  📚 book_lines: 1 rows written (change-only) across 38 book-events scanned
  📈 line_history: 228 rows written (server-side, always-write for Split sparkline)
======== [Wed 10/07/2026  6:45:45.53] exit=0 ======== 
 
======== [Wed 10/07/2026  7:00:01.97] line_poller start ======== 
=== Line poller 2026-10-07 2026-10-07T11:00:02Z ===
  2 context rows on slate
  4 upcoming events from slate endpoint (1 API call)
  ✓ polled 2 events, locked close_total on 0, skipped 0 in-progress
  📝 history writes: 2 ok, 0 failed
  📚 book_lines: 6 rows written (change-only) across 38 book-events scanned
  📈 line_history: 228 rows written (server-side, always-write for Split sparkline)
======== [Wed 10/07/2026  7:00:45.05] exit=0 ======== 
 
======== [Wed 10/07/2026  7:15:02.05] line_poller start ======== 
=== Line poller 2026-10-07 2026-10-07T11:15:02Z ===
  4 context rows on slate
  4 upcoming events from slate endpoint (1 API call)
  ✓ polled 4 events, locked close_total on 0, skipped 0 in-progress
  📝 history writes: 4 ok, 0 failed
  📚 book_lines: 125 rows written (change-only) across 73 book-events scanned
  📈 line_history: 436 rows written (server-side, always-write for Split sparkline)
======== [Wed 10/07/2026  7:16:29.02] exit=0 ======== 
 
======== [Wed 10/07/2026  7:30:02.03] line_poller start ======== 
=== Line poller 2026-10-07 2026-10-07T11:30:02Z ===
  4 context rows on slate
  4 upcoming events from slate endpoint (1 API call)
  ✓ polled 4 events, locked close_total on 0, skipped 0 in-progress
  📝 history writes: 4 ok, 0 failed
  📚 book_lines: 25 rows written (change-only) across 74 book-events scanned
  📈 line_history: 442 rows written (server-side, always-write for Split sparkline)
======== [Wed 10/07/2026  7:31:30.93] exit=0 ======== 
 
======== [Wed 10/07/2026  7:45:02.05] line_poller start ======== 
=== Line poller 2026-10-07 2026-10-07T11:45:02Z ===
  4 context rows on slate
  4 upcoming events from slate endpoint (1 API call)
  ✓ polled 4 events, locked close_total on 0, skipped 0 in-progress
  📝 history writes: 4 ok, 0 failed
  📚 book_lines: 12 rows written (change-only) across 74 book-events scanned
  📈 line_history: 442 rows written (server-side, always-write for Split sparkline)
======== [Wed 10/07/2026  7:48:03.93] exit=0 ======== 
 
======== [Wed 10/07/2026  8:00:01.85] line_poller start ======== 
=== Line poller 2026-10-07 2026-10-07T12:00:02Z ===
  4 context rows on slate
  ⚠️ slate odds fetch HTTP 502: Internal Server Error
  0 upcoming events from slate endpoint (1 API call)
  ✓ polled 0 events, locked close_total on 0, skipped 0 in-progress
  📝 history writes: 0 ok, 0 failed
  📚 book_lines: 0 rows written (change-only) across 0 book-events scanned
  📈 line_history: 0 rows written (server-side, always-write for Split sparkline)
======== [Wed 10/07/2026  8:00:14.55] exit=0 ======== 
 
======== [Wed 10/07/2026  8:15:02.08] line_poller start ======== 
=== Line poller 2026-10-07 2026-10-07T12:15:02Z ===
  4 context rows on slate
  4 upcoming events from slate endpoint (1 API call)
  ✓ polled 4 events, locked close_total on 0, skipped 0 in-progress
  📝 history writes: 4 ok, 0 failed
  📚 book_lines: 52 rows written (change-only) across 75 book-events scanned
  📈 line_history: 448 rows written (server-side, always-write for Split sparkline)
======== [Wed 10/07/2026  8:16:47.54] exit=0 ======== 
 
======== [Wed 10/07/2026  8:30:02.06] line_poller start ======== 
=== Line poller 2026-10-07 2026-10-07T12:30:02Z ===
  4 context rows on slate
  4 upcoming events from slate endpoint (1 API call)
  ✓ polled 4 events, locked close_total on 0, skipped 0 in-progress
  📝 history writes: 4 ok, 0 failed
  📚 book_lines: 43 rows written (change-only) across 76 book-events scanned
  📈 line_history: 454 rows written (server-side, always-write for Split sparkline)
======== [Wed 10/07/2026  8:31:28.46] exit=0 ======== 
 
======== [Wed 10/07/2026  8:45:02.08] line_poller start ======== 
=== Line poller 2026-10-07 2026-10-07T12:45:02Z ===
  4 context rows on slate
  4 upcoming events from slate endpoint (1 API call)
  ✓ polled 4 events, locked close_total on 0, skipped 0 in-progress
  📝 history writes: 4 ok, 0 failed
  📚 book_lines: 44 rows written (change-only) across 76 book-events scanned
  📈 line_history: 448 rows written (server-side, always-write for Split sparkline)
======== [Wed 10/07/2026  8:46:28.01] exit=0 ======== 
 
======== [Wed 10/07/2026  9:00:02.09] line_poller start ======== 
=== Line poller 2026-10-07 2026-10-07T13:00:02Z ===
  4 context rows on slate
  4 upcoming events from slate endpoint (1 API call)
  ✓ polled 4 events, locked close_total on 0, skipped 0 in-progress
  📝 history writes: 4 ok, 0 failed
  📚 book_lines: 21 rows written (change-only) across 76 book-events scanned
  📈 line_history: 454 rows written (server-side, always-write for Split sparkline)
======== [Wed 10/07/2026  9:01:30.36] exit=0 ======== 
 
======== [Wed 10/07/2026  9:15:02.10] line_poller start ======== 
=== Line poller 2026-10-07 2026-10-07T13:15:02Z ===
  4 context rows on slate
  4 upcoming events from slate endpoint (1 API call)
  ✓ polled 4 events, locked close_total on 0, skipped 0 in-progress
  📝 history writes: 4 ok, 0 failed
  📚 book_lines: 40 rows written (change-only) across 76 book-events scanned
  📈 line_history: 454 rows written (server-side, always-write for Split sparkline)
======== [Wed 10/07/2026  9:16:28.88] exit=0 ======== 
 
======== [Wed 10/07/2026  9:30:02.11] line_poller start ======== 
=== Line poller 2026-10-07 2026-10-07T13:30:02Z ===
  4 context rows on slate
  4 upcoming events from slate endpoint (1 API call)
  ✓ polled 4 events, locked close_total on 0, skipped 0 in-progress
  📝 history writes: 4 ok, 0 failed
  📚 book_lines: 20 rows written (change-only) across 75 book-events scanned
  📈 line_history: 448 rows written (server-side, always-write for Split sparkline)
======== [Wed 10/07/2026  9:31:28.36] exit=0 ======== 
 
======== [Wed 10/07/2026  9:45:02.13] line_poller start ======== 
=== Line poller 2026-10-07 2026-10-07T13:45:02Z ===
  4 context rows on slate
  4 upcoming events from slate endpoint (1 API call)
  ✓ polled 4 events, locked close_total on 0, skipped 0 in-progress
  📝 history writes: 4 ok, 0 failed
  📚 book_lines: 32 rows written (change-only) across 76 book-events scanned
  📈 line_history: 454 rows written (server-side, always-write for Split sparkline)
======== [Wed 10/07/2026  9:46:29.83] exit=0 ======== 
 
======== [Wed 10/07/2026 10:00:02.13] line_poller start ======== 
=== Line poller 2026-10-07 2026-10-07T14:00:02Z ===
  4 context rows on slate
  4 upcoming events from slate endpoint (1 API call)
  ✓ polled 4 events, locked close_total on 0, skipped 0 in-progress
  📝 history writes: 4 ok, 0 failed
  📚 book_lines: 40 rows written (change-only) across 76 book-events scanned
  📈 line_history: 454 rows written (server-side, always-write for Split sparkline)
======== [Wed 10/07/2026 10:01:30.36] exit=0 ======== 
 
======== [Wed 10/07/2026 10:15:02.15] line_poller start ======== 
=== Line poller 2026-10-07 2026-10-07T14:15:02Z ===
  4 context rows on slate
  4 upcoming events from slate endpoint (1 API call)
  ✓ polled 4 events, locked close_total on 0, skipped 0 in-progress
  📝 history writes: 4 ok, 0 failed
  📚 book_lines: 51 rows written (change-only) across 76 book-events scanned
  📈 line_history: 454 rows written (server-side, always-write for Split sparkline)
======== [Wed 10/07/2026 10:16:30.28] exit=0 ======== 
 
======== [Wed 10/07/2026 10:30:02.14] line_poller start ======== 
=== Line poller 2026-10-07 2026-10-07T14:30:02Z ===
  4 context rows on slate
  4 upcoming events from slate endpoint (1 API call)
  ✓ polled 4 events, locked close_total on 0, skipped 0 in-progress
  📝 history writes: 4 ok, 0 failed
  📚 book_lines: 35 rows written (change-only) across 76 book-events scanned
  📈 line_history: 454 rows written (server-side, always-write for Split sparkline)
======== [Wed 10/07/2026 10:31:30.98] exit=0 ======== 
 
======== [Wed 10/07/2026 10:45:02.14] line_poller start ======== 
=== Line poller 2026-10-07 2026-10-07T14:45:02Z ===
  4 context rows on slate
  4 upcoming events from slate endpoint (1 API call)
  ✓ polled 4 events, locked close_total on 0, skipped 0 in-progress
  📝 history writes: 4 ok, 0 failed
  📚 book_lines: 59 rows written (change-only) across 76 book-events scanned
  📈 line_history: 454 rows written (server-side, always-write for Split sparkline)
======== [Wed 10/07/2026 10:46:31.62] exit=0 ======== 
 
======== [Wed 10/07/2026 11:00:02.17] line_poller start ======== 
=== Line poller 2026-10-07 2026-10-07T15:00:02Z ===
  4 context rows on slate
  ⚠️ slate odds fetch HTTP 502: Internal Server Error
  0 upcoming events from slate endpoint (1 API call)
  ✓ polled 0 events, locked close_total on 0, skipped 0 in-progress
  📝 history writes: 0 ok, 0 failed
  📚 book_lines: 0 rows written (change-only) across 0 book-events scanned
  📈 line_history: 0 rows written (server-side, always-write for Split sparkline)
======== [Wed 10/07/2026 11:00:14.87] exit=0 ======== 
 
======== [Wed 10/07/2026 11:15:02.17] line_poller start ======== 
=== Line poller 2026-10-07 2026-10-07T15:15:02Z ===
  4 context rows on slate
  4 upcoming events from slate endpoint (1 API call)
  ✓ polled 4 events, locked close_total on 0, skipped 0 in-progress
  📝 history writes: 4 ok, 0 failed
  📚 book_lines: 57 rows written (change-only) across 76 book-events scanned
  📈 line_history: 454 rows written (server-side, always-write for Split sparkline)
======== [Wed 10/07/2026 11:16:32.58] exit=0 ======== 
 
======== [Wed 10/07/2026 11:30:02.17] line_poller start ======== 
=== Line poller 2026-10-07 2026-10-07T15:30:02Z ===
  4 context rows on slate
  4 upcoming events from slate endpoint (1 API call)
  ✓ polled 4 events, locked close_total on 0, skipped 0 in-progress
  📝 history writes: 4 ok, 0 failed
  📚 book_lines: 34 rows written (change-only) across 76 book-events scanned
  📈 line_history: 454 rows written (server-side, always-write for Split sparkline)
======== [Wed 10/07/2026 11:31:31.09] exit=0 ======== 
 
======== [Wed 10/07/2026 11:45:02.21] line_poller start ======== 
=== Line poller 2026-10-07 2026-10-07T15:45:02Z ===
  4 context rows on slate
  4 upcoming events from slate endpoint (1 API call)
  ✓ polled 4 events, locked close_total on 0, skipped 0 in-progress
  📝 history writes: 4 ok, 0 failed
  📚 book_lines: 41 rows written (change-only) across 76 book-events scanned
  📈 line_history: 454 rows written (server-side, always-write for Split sparkline)
======== [Wed 10/07/2026 11:46:33.46] exit=0 ======== 
 
======== [Wed 10/07/2026 12:00:02.19] line_poller start ======== 
=== Line poller 2026-10-07 2026-10-07T16:00:02Z ===
  4 context rows on slate
  4 upcoming events from slate endpoint (1 API call)
  ✓ polled 4 events, locked close_total on 0, skipped 0 in-progress
  📝 history writes: 4 ok, 0 failed
  📚 book_lines: 34 rows written (change-only) across 76 book-events scanned
  📈 line_history: 454 rows written (server-side, always-write for Split sparkline)
======== [Wed 10/07/2026 12:01:35.31] exit=0 ======== 
 
======== [Wed 10/07/2026 12:15:02.20] line_poller start ======== 
=== Line poller 2026-10-07 2026-10-07T16:15:02Z ===
  4 context rows on slate
  4 upcoming events from slate endpoint (1 API call)
  ✓ polled 4 events, locked close_total on 0, skipped 0 in-progress
  📝 history writes: 4 ok, 0 failed
  📚 book_lines: 40 rows written (change-only) across 76 book-events scanned
  📈 line_history: 454 rows written (server-side, always-write for Split sparkline)
======== [Wed 10/07/2026 12:16:33.25] exit=0 ======== 
 
======== [Wed 10/07/2026 12:30:02.23] line_poller start ======== 
=== Line poller 2026-10-07 2026-10-07T16:30:02Z ===
  4 context rows on slate
  4 upcoming events from slate endpoint (1 API call)
  ✓ polled 4 events, locked close_total on 0, skipped 0 in-progress
  📝 history writes: 4 ok, 0 failed
  📚 book_lines: 30 rows written (change-only) across 76 book-events scanned
  📈 line_history: 454 rows written (server-side, always-write for Split sparkline)
======== [Wed 10/07/2026 12:31:32.93] exit=0 ======== 
 
======== [Wed 10/07/2026 12:45:02.26] line_poller start ======== 
=== Line poller 2026-10-07 2026-10-07T16:45:02Z ===
  4 context rows on slate
  4 upcoming events from slate endpoint (1 API call)
  ✓ polled 4 events, locked close_total on 0, skipped 0 in-progress
  📝 history writes: 4 ok, 0 failed
  📚 book_lines: 22 rows written (change-only) across 76 book-events scanned
  📈 line_history: 454 rows written (server-side, always-write for Split sparkline)
======== [Wed 10/07/2026 12:46:33.43] exit=0 ======== 
 
======== [Wed 10/07/2026 13:00:02.23] line_poller start ======== 
=== Line poller 2026-10-07 2026-10-07T17:00:02Z ===
  4 context rows on slate
  4 upcoming events from slate endpoint (1 API call)
  ✓ polled 4 events, locked close_total on 0, skipped 0 in-progress
  📝 history writes: 4 ok, 0 failed
  📚 book_lines: 14 rows written (change-only) across 76 book-events scanned
  📈 line_history: 454 rows written (server-side, always-write for Split sparkline)
======== [Wed 10/07/2026 13:01:33.84] exit=0 ======== 
 
======== [Wed 10/07/2026 13:15:02.25] line_poller start ======== 
=== Line poller 2026-10-07 2026-10-07T17:15:02Z ===
  4 context rows on slate
  4 upcoming events from slate endpoint (1 API call)
  ✓ polled 4 events, locked close_total on 0, skipped 0 in-progress
  📝 history writes: 4 ok, 0 failed
  📚 book_lines: 45 rows written (change-only) across 76 book-events scanned
  📈 line_history: 454 rows written (server-side, always-write for Split sparkline)
======== [Wed 10/07/2026 13:16:42.95] exit=0 ======== 
 
======== [Wed 10/07/2026 13:30:02.25] line_poller start ======== 
=== Line poller 2026-10-07 2026-10-07T17:30:02Z ===
  4 context rows on slate
  4 upcoming events from slate endpoint (1 API call)
  ✓ polled 4 events, locked close_total on 0, skipped 0 in-progress
  📝 history writes: 4 ok, 0 failed
  📚 book_lines: 15 rows written (change-only) across 76 book-events scanned
  📈 line_history: 454 rows written (server-side, always-write for Split sparkline)
======== [Wed 10/07/2026 13:31:34.55] exit=0 ======== 
 
======== [Wed 10/07/2026 13:45:02.28] line_poller start ======== 
=== Line poller 2026-10-07 2026-10-07T17:45:02Z ===
  4 context rows on slate
  4 upcoming events from slate endpoint (1 API call)
  ✓ polled 4 events, locked close_total on 0, skipped 0 in-progress
  📝 history writes: 4 ok, 0 failed
  📚 book_lines: 8 rows written (change-only) across 76 book-events scanned
  📈 line_history: 454 rows written (server-side, always-write for Split sparkline)
======== [Wed 10/07/2026 13:47:33.82] exit=0 ======== 
 
======== [Wed 10/07/2026 14:00:02.27] line_poller start ======== 
=== Line poller 2026-10-07 2026-10-07T18:00:02Z ===
  4 context rows on slate
  4 upcoming events from slate endpoint (1 API call)
  ✓ polled 4 events, locked close_total on 0, skipped 0 in-progress
  📝 history writes: 4 ok, 0 failed
  📚 book_lines: 21 rows written (change-only) across 76 book-events scanned
  📈 line_history: 454 rows written (server-side, always-write for Split sparkline)
======== [Wed 10/07/2026 14:01:33.95] exit=0 ======== 
 
======== [Wed 10/07/2026 14:15:02.29] line_poller start ======== 
=== Line poller 2026-10-07 2026-10-07T18:15:02Z ===
  4 context rows on slate
  4 upcoming events from slate endpoint (1 API call)
  ✓ polled 4 events, locked close_total on 0, skipped 0 in-progress
  📝 history writes: 4 ok, 0 failed
  📚 book_lines: 29 rows written (change-only) across 76 book-events scanned
  📈 line_history: 454 rows written (server-side, always-write for Split sparkline)
======== [Wed 10/07/2026 14:17:29.85] exit=0 ======== 
 
======== [Wed 10/07/2026 14:30:02.28] line_poller start ======== 
=== Line poller 2026-10-07 2026-10-07T18:30:02Z ===
  4 context rows on slate
  4 upcoming events from slate endpoint (1 API call)
  ✓ polled 4 events, locked close_total on 0, skipped 0 in-progress
  📝 history writes: 4 ok, 0 failed
  📚 book_lines: 31 rows written (change-only) across 76 book-events scanned
  📈 line_history: 454 rows written (server-side, always-write for Split sparkline)
======== [Wed 10/07/2026 14:31:34.55] exit=0 ======== 
 
======== [Wed 10/07/2026 14:45:02.38] line_poller start ======== 
=== Line poller 2026-10-07 2026-10-07T18:45:02Z ===
  4 context rows on slate
  4 upcoming events from slate endpoint (1 API call)
  ✓ polled 4 events, locked close_total on 0, skipped 0 in-progress
  📝 history writes: 4 ok, 0 failed
  📚 book_lines: 23 rows written (change-only) across 76 book-events scanned
  📈 line_history: 454 rows written (server-side, always-write for Split sparkline)
======== [Wed 10/07/2026 14:47:20.69] exit=0 ======== 
 
======== [Wed 10/07/2026 15:00:02.38] line_poller start ======== 
=== Line poller 2026-10-07 2026-10-07T19:00:02Z ===
  4 context rows on slate
  4 upcoming events from slate endpoint (1 API call)
  ✓ polled 4 events, locked close_total on 0, skipped 0 in-progress
  📝 history writes: 4 ok, 0 failed
  📚 book_lines: 33 rows written (change-only) across 76 book-events scanned
  📈 line_history: 454 rows written (server-side, always-write for Split sparkline)
======== [Wed 10/07/2026 15:01:48.79] exit=0 ======== 
 
======== [Wed 10/07/2026 15:15:02.37] line_poller start ======== 
=== Line poller 2026-10-07 2026-10-07T19:15:02Z ===
  4 context rows on slate
  4 upcoming events from slate endpoint (1 API call)
  ✓ polled 4 events, locked close_total on 0, skipped 0 in-progress
  📝 history writes: 4 ok, 0 failed
  📚 book_lines: 32 rows written (change-only) across 76 book-events scanned
  📈 line_history: 454 rows written (server-side, always-write for Split sparkline)
======== [Wed 10/07/2026 15:17:27.44] exit=0 ======== 
 
======== [Wed 10/07/2026 15:30:02.36] line_poller start ======== 
=== Line poller 2026-10-07 2026-10-07T19:30:02Z ===
  4 context rows on slate
  4 upcoming events from slate endpoint (1 API call)
  ✓ polled 4 events, locked close_total on 0, skipped 0 in-progress
  📝 history writes: 4 ok, 0 failed
  📚 book_lines: 37 rows written (change-only) across 76 book-events scanned
  📈 line_history: 454 rows written (server-side, always-write for Split sparkline)
======== [Wed 10/07/2026 15:32:22.05] exit=0 ======== 
 
======== [Wed 10/07/2026 15:46:20.50] line_poller start ======== 
=== Line poller 2026-10-07 2026-10-07T19:46:20Z ===
  4 context rows on slate
  4 upcoming events from slate endpoint (1 API call)
  ✓ polled 4 events, locked close_total on 0, skipped 0 in-progress
  📝 history writes: 4 ok, 0 failed
  📚 book_lines: 36 rows written (change-only) across 76 book-events scanned
  📈 line_history: 454 rows written (server-side, always-write for Split sparkline)
======== [Wed 10/07/2026 15:49:21.93] exit=0 ======== 
 
======== [Wed 10/07/2026 16:00:02.17] line_poller start ======== 
=== Line poller 2026-10-07 2026-10-07T20:00:02Z ===
  4 context rows on slate
  4 upcoming events from slate endpoint (1 API call)
  ✓ polled 4 events, locked close_total on 1, skipped 0 in-progress
  📝 history writes: 4 ok, 0 failed
  📚 book_lines: 56 rows written (change-only) across 76 book-events scanned
  📈 line_history: 454 rows written (server-side, always-write for Split sparkline)
======== [Wed 10/07/2026 16:01:49.39] exit=0 ======== 
 
======== [Wed 10/07/2026 16:49:47.64] line_poller start ======== 
=== Line poller 2026-10-07 2026-10-07T20:49:48Z ===
  4 context rows on slate
  4 upcoming events from slate endpoint (1 API call)
  ✓ polled 3 events, locked close_total on 0, skipped 1 in-progress
  📝 history writes: 3 ok, 0 failed
  📚 book_lines: 56 rows written (change-only) across 57 book-events scanned
  📈 line_history: 340 rows written (server-side, always-write for Split sparkline)
======== [Wed 10/07/2026 16:52:27.22] exit=0 ======== 
 
======== [Wed 10/07/2026 17:00:02.35] line_poller start ======== 
=== Line poller 2026-10-07 2026-10-07T21:00:02Z ===
  4 context rows on slate
  4 upcoming events from slate endpoint (1 API call)
  ✓ polled 3 events, locked close_total on 0, skipped 1 in-progress
  📝 history writes: 3 ok, 0 failed
  📚 book_lines: 14 rows written (change-only) across 57 book-events scanned
  📈 line_history: 340 rows written (server-side, always-write for Split sparkline)
======== [Wed 10/07/2026 17:01:35.14] exit=0 ======== 
 
======== [Wed 10/07/2026 17:15:02.46] line_poller start ======== 
=== Line poller 2026-10-07 2026-10-07T21:15:02Z ===
  4 context rows on slate
  4 upcoming events from slate endpoint (1 API call)
  ✓ polled 3 events, locked close_total on 0, skipped 1 in-progress
  📝 history writes: 3 ok, 0 failed
  📚 book_lines: 30 rows written (change-only) across 57 book-events scanned
  📈 line_history: 340 rows written (server-side, always-write for Split sparkline)
======== [Wed 10/07/2026 17:16:23.00] exit=0 ======== 
 
======== [Wed 10/07/2026 17:30:02.14] line_poller start ======== 
=== Line poller 2026-10-07 2026-10-07T21:30:02Z ===
  4 context rows on slate
  4 upcoming events from slate endpoint (1 API call)
  ✓ polled 3 events, locked close_total on 0, skipped 1 in-progress
  📝 history writes: 3 ok, 0 failed
  📚 book_lines: 19 rows written (change-only) across 57 book-events scanned
  📈 line_history: 340 rows written (server-side, always-write for Split sparkline)
======== [Wed 10/07/2026 17:31:25.67] exit=0 ======== 
 
======== [Wed 10/07/2026 18:09:37.91] line_poller start ======== 
=== Line poller 2026-10-07 2026-10-07T22:09:38Z ===
  4 context rows on slate
  4 upcoming events from slate endpoint (1 API call)
  ✓ polled 2 events, locked close_total on 0, skipped 2 in-progress
  📝 history writes: 2 ok, 0 failed
  📚 book_lines: 30 rows written (change-only) across 38 book-events scanned
  📈 line_history: 228 rows written (server-side, always-write for Split sparkline)
======== [Wed 10/07/2026 18:11:26.25] exit=0 ======== 
 
======== [Wed 10/07/2026 18:15:01.98] line_poller start ======== 
=== Line poller 2026-10-07 2026-10-07T22:15:02Z ===
  4 context rows on slate
  4 upcoming events from slate endpoint (1 API call)
  ✓ polled 2 events, locked close_total on 0, skipped 2 in-progress
  📝 history writes: 2 ok, 0 failed
  📚 book_lines: 6 rows written (change-only) across 38 book-events scanned
  📈 line_history: 228 rows written (server-side, always-write for Split sparkline)
======== [Wed 10/07/2026 18:15:55.44] exit=0 ======== 
 
======== [Wed 10/07/2026 18:30:01.94] line_poller start ======== 
=== Line poller 2026-10-07 2026-10-07T22:30:02Z ===
  4 context rows on slate
  4 upcoming events from slate endpoint (1 API call)
  ✓ polled 2 events, locked close_total on 0, skipped 2 in-progress
  📝 history writes: 2 ok, 0 failed
  📚 book_lines: 13 rows written (change-only) across 38 book-events scanned
  📈 line_history: 228 rows written (server-side, always-write for Split sparkline)
======== [Wed 10/07/2026 18:30:47.66] exit=0 ======== 
 
======== [Wed 10/07/2026 18:45:02.00] line_poller start ======== 
=== Line poller 2026-10-07 2026-10-07T22:45:02Z ===
  4 context rows on slate
  4 upcoming events from slate endpoint (1 API call)
  ✓ polled 2 events, locked close_total on 0, skipped 2 in-progress
  📝 history writes: 2 ok, 0 failed
  📚 book_lines: 18 rows written (change-only) across 38 book-events scanned
  📈 line_history: 228 rows written (server-side, always-write for Split sparkline)
======== [Wed 10/07/2026 18:45:48.33] exit=0 ======== 
 
======== [Wed 10/07/2026 19:00:01.95] line_poller start ======== 
=== Line poller 2026-10-07 2026-10-07T23:00:02Z ===
  4 context rows on slate
  4 upcoming events from slate endpoint (1 API call)
  ✓ polled 2 events, locked close_total on 0, skipped 2 in-progress
  📝 history writes: 2 ok, 0 failed
  📚 book_lines: 14 rows written (change-only) across 38 book-events scanned
  📈 line_history: 228 rows written (server-side, always-write for Split sparkline)
======== [Wed 10/07/2026 19:00:47.93] exit=0 ======== 
 
======== [Wed 10/07/2026 19:15:02.10] line_poller start ======== 
=== Line poller 2026-10-07 2026-10-07T23:15:02Z ===
  4 context rows on slate
  4 upcoming events from slate endpoint (1 API call)
  ✓ polled 2 events, locked close_total on 0, skipped 2 in-progress
  📝 history writes: 2 ok, 0 failed
  📚 book_lines: 33 rows written (change-only) across 36 book-events scanned
  📈 line_history: 216 rows written (server-side, always-write for Split sparkline)
======== [Wed 10/07/2026 19:15:58.31] exit=0 ======== 
 
======== [Wed 10/07/2026 19:38:31.50] line_poller start ======== 
=== Line poller 2026-10-07 2026-10-07T23:38:32Z ===
  4 context rows on slate
  ⚠️ slate odds fetch failed: HTTPSConnectionPool(host='api.the-odds-api.com', port=443): Max retries exceeded with url: /v4/sports/baseball_mlb/odds?apiKey=7526d2360f9203e651b629baf56fb235&regions=us%2Cus2&markets=totals%2Cspreads%2Ch2h&oddsFormat=american (Caused by SSLError(SSLEOFError(8, '[SSL: UNEXPECTED_EOF_WHILE_READING] EOF occurred in violation of protocol (_ssl.c:1081)')))
  0 upcoming events from slate endpoint (1 API call)
  ✓ polled 0 events, locked close_total on 0, skipped 0 in-progress
  📝 history writes: 0 ok, 0 failed
  📚 book_lines: 0 rows written (change-only) across 0 book-events scanned
  📈 line_history: 0 rows written (server-side, always-write for Split sparkline)
======== [Wed 10/07/2026 19:39:06.85] exit=0 ======== 
 
======== [Wed 10/07/2026 19:45:02.48] line_poller start ======== 
=== Line poller 2026-10-07 2026-10-07T23:45:02Z ===
  4 context rows on slate
  4 upcoming events from slate endpoint (1 API call)
  ✓ polled 3 events, locked close_total on 0, skipped 1 in-progress
  📝 history writes: 3 ok, 0 failed
  📚 book_lines: 92 rows written (change-only) across 49 book-events scanned
  📈 line_history: 294 rows written (server-side, always-write for Split sparkline)
======== [Wed 10/07/2026 19:46:11.30] exit=0 ======== 
 
======== [Wed 10/07/2026 20:00:02.15] line_poller start ======== 
=== Line poller 2026-10-07 2026-10-08T00:00:02Z ===
  4 context rows on slate
  4 upcoming events from slate endpoint (1 API call)
  ✓ polled 3 events, locked close_total on 1, skipped 1 in-progress
  📝 history writes: 3 ok, 0 failed
  📚 book_lines: 51 rows written (change-only) across 51 book-events scanned
  📈 line_history: 306 rows written (server-side, always-write for Split sparkline)
======== [Wed 10/07/2026 20:01:10.59] exit=0 ======== 
 
======== [Wed 10/07/2026 20:15:02.14] line_poller start ======== 
=== Line poller 2026-10-07 2026-10-08T00:15:02Z ===
  4 context rows on slate
  4 upcoming events from slate endpoint (1 API call)
  ✓ polled 2 events, locked close_total on 0, skipped 2 in-progress
  📝 history writes: 2 ok, 0 failed
  📚 book_lines: 24 rows written (change-only) across 32 book-events scanned
  📈 line_history: 192 rows written (server-side, always-write for Split sparkline)
======== [Wed 10/07/2026 20:15:43.19] exit=0 ======== 
 
======== [Wed 10/07/2026 20:30:01.95] line_poller start ======== 
=== Line poller 2026-10-07 2026-10-08T00:30:02Z ===
  4 context rows on slate
  4 upcoming events from slate endpoint (1 API call)
  ✓ polled 2 events, locked close_total on 0, skipped 2 in-progress
  📝 history writes: 2 ok, 0 failed
  📚 book_lines: 21 rows written (change-only) across 32 book-events scanned
  📈 line_history: 192 rows written (server-side, always-write for Split sparkline)
======== [Wed 10/07/2026 20:30:42.14] exit=0 ======== 
 
======== [Wed 10/07/2026 20:45:02.16] line_poller start ======== 
=== Line poller 2026-10-07 2026-10-08T00:45:02Z ===
  4 context rows on slate
  4 upcoming events from slate endpoint (1 API call)
  ✓ polled 2 events, locked close_total on 0, skipped 2 in-progress
  📝 history writes: 2 ok, 0 failed
  📚 book_lines: 29 rows written (change-only) across 33 book-events scanned
  📈 line_history: 198 rows written (server-side, always-write for Split sparkline)
======== [Wed 10/07/2026 20:45:43.38] exit=0 ======== 
 
======== [Wed 10/07/2026 21:00:02.15] line_poller start ======== 
=== Line poller 2026-10-07 2026-10-08T01:00:02Z ===
  4 context rows on slate
  4 upcoming events from slate endpoint (1 API call)
  ✓ polled 2 events, locked close_total on 0, skipped 2 in-progress
  📝 history writes: 2 ok, 0 failed
  📚 book_lines: 15 rows written (change-only) across 33 book-events scanned
  📈 line_history: 198 rows written (server-side, always-write for Split sparkline)
======== [Wed 10/07/2026 21:00:44.34] exit=0 ======== 
 
======== [Wed 10/07/2026 21:15:02.18] line_poller start ======== 
=== Line poller 2026-10-07 2026-10-08T01:15:02Z ===
  4 context rows on slate
  4 upcoming events from slate endpoint (1 API call)
  ✓ polled 2 events, locked close_total on 0, skipped 2 in-progress
  📝 history writes: 2 ok, 0 failed
  📚 book_lines: 24 rows written (change-only) across 33 book-events scanned
  📈 line_history: 198 rows written (server-side, always-write for Split sparkline)
======== [Wed 10/07/2026 21:15:50.87] exit=0 ======== 
 
======== [Wed 10/07/2026 21:30:01.96] line_poller start ======== 
=== Line poller 2026-10-07 2026-10-08T01:30:02Z ===
  4 context rows on slate
  3 upcoming events from slate endpoint (1 API call)
  ✓ polled 2 events, locked close_total on 0, skipped 1 in-progress
  📝 history writes: 2 ok, 0 failed
  📚 book_lines: 24 rows written (change-only) across 33 book-events scanned
  📈 line_history: 198 rows written (server-side, always-write for Split sparkline)
======== [Wed 10/07/2026 21:31:09.05] exit=0 ======== 
 
======== [Wed 10/07/2026 21:45:02.21] line_poller start ======== 
=== Line poller 2026-10-07 2026-10-08T01:45:02Z ===
  4 context rows on slate
  3 upcoming events from slate endpoint (1 API call)
  ✓ polled 2 events, locked close_total on 0, skipped 1 in-progress
  📝 history writes: 2 ok, 0 failed
  📚 book_lines: 32 rows written (change-only) across 33 book-events scanned
  📈 line_history: 194 rows written (server-side, always-write for Split sparkline)
======== [Wed 10/07/2026 21:45:43.43] exit=0 ======== 
 
======== [Wed 10/07/2026 22:00:02.19] line_poller start ======== 
=== Line poller 2026-10-07 2026-10-08T02:00:02Z ===
  4 context rows on slate
  3 upcoming events from slate endpoint (1 API call)
    ⚠ book_lines writer error on 3c71012ad7: HTTPSConnectionPool(host='vctzbruocrjiojtmpjlw.supabase.co', port=443): Read timed out. (read timeout=8)
  ✓ polled 2 events, locked close_total on 1, skipped 1 in-progress
  📝 history writes: 2 ok, 0 failed
  📚 book_lines: 3 rows written (change-only) across 14 book-events scanned
  📈 line_history: 196 rows written (server-side, always-write for Split sparkline)
======== [Wed 10/07/2026 22:00:41.60] exit=0 ======== 
 
======== [Wed 10/07/2026 22:15:02.20] line_poller start ======== 
=== Line poller 2026-10-07 2026-10-08T02:15:02Z ===
  4 context rows on slate
  3 upcoming events from slate endpoint (1 API call)
  ✓ polled 1 events, locked close_total on 0, skipped 2 in-progress
  📝 history writes: 1 ok, 0 failed
  📚 book_lines: 6 rows written (change-only) across 14 book-events scanned
  📈 line_history: 82 rows written (server-side, always-write for Split sparkline)
======== [Wed 10/07/2026 22:15:20.82] exit=0 ======== 
 
======== [Wed 10/07/2026 22:30:02.22] line_poller start ======== 
=== Line poller 2026-10-07 2026-10-08T02:30:02Z ===
  4 context rows on slate
  3 upcoming events from slate endpoint (1 API call)
  ✓ polled 1 events, locked close_total on 0, skipped 2 in-progress
  📝 history writes: 1 ok, 0 failed
  📚 book_lines: 10 rows written (change-only) across 17 book-events scanned
  📈 line_history: 100 rows written (server-side, always-write for Split sparkline)
======== [Wed 10/07/2026 22:30:23.31] exit=0 ======== 
 
======== [Wed 10/07/2026 22:45:02.27] line_poller start ======== 
=== Line poller 2026-10-07 2026-10-08T02:45:02Z ===
  4 context rows on slate
  3 upcoming events from slate endpoint (1 API call)
  ✓ polled 1 events, locked close_total on 0, skipped 2 in-progress
  📝 history writes: 1 ok, 0 failed
  📚 book_lines: 10 rows written (change-only) across 17 book-events scanned
  📈 line_history: 100 rows written (server-side, always-write for Split sparkline)
======== [Wed 10/07/2026 22:45:24.71] exit=0 ======== 
 
======== [Wed 10/07/2026 23:00:02.22] line_poller start ======== 
=== Line poller 2026-10-07 2026-10-08T03:00:02Z ===
  4 context rows on slate
  3 upcoming events from slate endpoint (1 API call)
  ✓ polled 1 events, locked close_total on 0, skipped 2 in-progress
  📝 history writes: 1 ok, 0 failed
  📚 book_lines: 3 rows written (change-only) across 18 book-events scanned
  📈 line_history: 106 rows written (server-side, always-write for Split sparkline)
======== [Wed 10/07/2026 23:00:24.69] exit=0 ======== 
 
======== [Wed 10/07/2026 23:15:02.26] line_poller start ======== 
=== Line poller 2026-10-07 2026-10-08T03:15:02Z ===
  4 context rows on slate
  3 upcoming events from slate endpoint (1 API call)
  ✓ polled 1 events, locked close_total on 0, skipped 2 in-progress
  📝 history writes: 1 ok, 0 failed
  📚 book_lines: 10 rows written (change-only) across 19 book-events scanned
  📈 line_history: 112 rows written (server-side, always-write for Split sparkline)
======== [Wed 10/07/2026 23:15:26.02] exit=0 ======== 
 
======== [Wed 10/07/2026 23:30:02.25] line_poller start ======== 
=== Line poller 2026-10-07 2026-10-08T03:30:02Z ===
  4 context rows on slate
  3 upcoming events from slate endpoint (1 API call)
  ✓ polled 2 events, locked close_total on 0, skipped 1 in-progress
  📝 history writes: 2 ok, 0 failed
  📚 book_lines: 1 rows written (change-only) across 25 book-events scanned
  📈 line_history: 148 rows written (server-side, always-write for Split sparkline)
======== [Wed 10/07/2026 23:30:34.94] exit=0 ======== 
 
======== [Wed 10/07/2026 23:45:02.28] line_poller start ======== 
=== Line poller 2026-10-07 2026-10-08T03:45:02Z ===
  4 context rows on slate
  3 upcoming events from slate endpoint (1 API call)
  ✓ polled 2 events, locked close_total on 0, skipped 1 in-progress
  📝 history writes: 2 ok, 0 failed
  📚 book_lines: 1 rows written (change-only) across 17 book-events scanned
  📈 line_history: 98 rows written (server-side, always-write for Split sparkline)
======== [Wed 10/07/2026 23:45:24.47] exit=0 ======== 
 
======== [Thu 10/08/2026  0:00:02.27] line_poller start ======== 
=== Line poller 2026-10-08 2026-10-08T04:00:02Z ===
  1 context rows on slate
  ⚠️ slate odds fetch HTTP 502: Internal Server Error
  0 upcoming events from slate endpoint (1 API call)
  ✓ polled 0 events, locked close_total on 0, skipped 0 in-progress
  📝 history writes: 0 ok, 0 failed
  📚 book_lines: 0 rows written (change-only) across 0 book-events scanned
  📈 line_history: 0 rows written (server-side, always-write for Split sparkline)
======== [Thu 10/08/2026  0:00:14.47] exit=0 ======== 
 
======== [Thu 10/08/2026  0:15:02.28] line_poller start ======== 
=== Line poller 2026-10-08 2026-10-08T04:15:02Z ===
  1 context rows on slate
  2 upcoming events from slate endpoint (1 API call)
  ✓ polled 1 events, locked close_total on 0, skipped 0 in-progress
  📝 history writes: 1 ok, 0 failed
  📚 book_lines: 48 rows written (change-only) across 16 book-events scanned
  📈 line_history: 96 rows written (server-side, always-write for Split sparkline)
======== [Thu 10/08/2026  0:15:24.15] exit=0 ======== 
 
======== [Thu 10/08/2026  0:30:02.28] line_poller start ======== 
=== Line poller 2026-10-08 2026-10-08T04:30:02Z ===
  1 context rows on slate
  2 upcoming events from slate endpoint (1 API call)
  ✓ polled 1 events, locked close_total on 0, skipped 0 in-progress
  📝 history writes: 1 ok, 0 failed
  📚 book_lines: 0 rows written (change-only) across 16 book-events scanned
  📈 line_history: 96 rows written (server-side, always-write for Split sparkline)
======== [Thu 10/08/2026  0:30:21.49] exit=0 ======== 
 
======== [Thu 10/08/2026  0:45:02.32] line_poller start ======== 
=== Line poller 2026-10-08 2026-10-08T04:45:02Z ===
  1 context rows on slate
  2 upcoming events from slate endpoint (1 API call)
  ✓ polled 1 events, locked close_total on 0, skipped 0 in-progress
  📝 history writes: 1 ok, 0 failed
  📚 book_lines: 3 rows written (change-only) across 16 book-events scanned
  📈 line_history: 96 rows written (server-side, always-write for Split sparkline)
======== [Thu 10/08/2026  0:45:22.51] exit=0 ======== 
 
======== [Thu 10/08/2026  1:00:02.31] line_poller start ======== 
=== Line poller 2026-10-08 2026-10-08T05:00:02Z ===
  1 context rows on slate
  2 upcoming events from slate endpoint (1 API call)
  ✓ polled 1 events, locked close_total on 0, skipped 0 in-progress
  📝 history writes: 1 ok, 0 failed
  📚 book_lines: 6 rows written (change-only) across 17 book-events scanned
  📈 line_history: 102 rows written (server-side, always-write for Split sparkline)
======== [Thu 10/08/2026  1:00:22.94] exit=0 ======== 
 
======== [Thu 10/08/2026  1:15:02.33] line_poller start ======== 
=== Line poller 2026-10-08 2026-10-08T05:15:02Z ===
  1 context rows on slate
  3 upcoming events from slate endpoint (1 API call)
  ✓ polled 1 events, locked close_total on 0, skipped 0 in-progress
  📝 history writes: 1 ok, 0 failed
  📚 book_lines: 4 rows written (change-only) across 17 book-events scanned
  📈 line_history: 102 rows written (server-side, always-write for Split sparkline)
======== [Thu 10/08/2026  1:15:24.09] exit=0 ======== 
 
======== [Thu 10/08/2026  1:30:02.32] line_poller start ======== 
=== Line poller 2026-10-08 2026-10-08T05:30:02Z ===
  1 context rows on slate
  2 upcoming events from slate endpoint (1 API call)
  ✓ polled 1 events, locked close_total on 0, skipped 0 in-progress
  📝 history writes: 1 ok, 0 failed
  📚 book_lines: 2 rows written (change-only) across 17 book-events scanned
  📈 line_history: 102 rows written (server-side, always-write for Split sparkline)
======== [Thu 10/08/2026  1:30:22.84] exit=0 ======== 
 
======== [Thu 10/08/2026  1:45:02.35] line_poller start ======== 
=== Line poller 2026-10-08 2026-10-08T05:45:02Z ===
  1 context rows on slate
  2 upcoming events from slate endpoint (1 API call)
  ✓ polled 1 events, locked close_total on 0, skipped 0 in-progress
  📝 history writes: 1 ok, 0 failed
  📚 book_lines: 10 rows written (change-only) across 17 book-events scanned
  📈 line_history: 102 rows written (server-side, always-write for Split sparkline)
======== [Thu 10/08/2026  1:45:23.31] exit=0 ======== 
 
======== [Thu 10/08/2026  2:00:02.35] line_poller start ======== 
=== Line poller 2026-10-08 2026-10-08T06:00:02Z ===
  1 context rows on slate
  2 upcoming events from slate endpoint (1 API call)
  ✓ polled 1 events, locked close_total on 0, skipped 0 in-progress
  📝 history writes: 1 ok, 0 failed
  📚 book_lines: 2 rows written (change-only) across 17 book-events scanned
  📈 line_history: 102 rows written (server-side, always-write for Split sparkline)
======== [Thu 10/08/2026  2:00:23.39] exit=0 ======== 
 
======== [Thu 10/08/2026  2:15:02.37] line_poller start ======== 
=== Line poller 2026-10-08 2026-10-08T06:15:02Z ===
  1 context rows on slate
  2 upcoming events from slate endpoint (1 API call)
  ✓ polled 1 events, locked close_total on 0, skipped 0 in-progress
  📝 history writes: 1 ok, 0 failed
  📚 book_lines: 3 rows written (change-only) across 18 book-events scanned
  📈 line_history: 106 rows written (server-side, always-write for Split sparkline)
======== [Thu 10/08/2026  2:15:24.12] exit=0 ======== 
 
======== [Thu 10/08/2026  2:30:02.38] line_poller start ======== 
=== Line poller 2026-10-08 2026-10-08T06:30:02Z ===
  1 context rows on slate
  2 upcoming events from slate endpoint (1 API call)
  ✓ polled 1 events, locked close_total on 0, skipped 0 in-progress
  📝 history writes: 1 ok, 0 failed
  📚 book_lines: 1 rows written (change-only) across 18 book-events scanned
  📈 line_history: 108 rows written (server-side, always-write for Split sparkline)
======== [Thu 10/08/2026  2:30:24.22] exit=0 ======== 
 
======== [Thu 10/08/2026  2:45:02.37] line_poller start ======== 
=== Line poller 2026-10-08 2026-10-08T06:45:02Z ===
  1 context rows on slate
  2 upcoming events from slate endpoint (1 API call)
  ✓ polled 1 events, locked close_total on 0, skipped 0 in-progress
  📝 history writes: 1 ok, 0 failed
  📚 book_lines: 1 rows written (change-only) across 18 book-events scanned
  📈 line_history: 108 rows written (server-side, always-write for Split sparkline)
======== [Thu 10/08/2026  2:45:25.29] exit=0 ======== 
 
======== [Thu 10/08/2026  3:00:02.41] line_poller start ======== 
=== Line poller 2026-10-08 2026-10-08T07:00:02Z ===
  1 context rows on slate
  2 upcoming events from slate endpoint (1 API call)
  ✓ polled 1 events, locked close_total on 0, skipped 0 in-progress
  📝 history writes: 1 ok, 0 failed
  📚 book_lines: 1 rows written (change-only) across 18 book-events scanned
  📈 line_history: 108 rows written (server-side, always-write for Split sparkline)
======== [Thu 10/08/2026  3:00:23.73] exit=0 ======== 
 
======== [Thu 10/08/2026  3:15:02.40] line_poller start ======== 
=== Line poller 2026-10-08 2026-10-08T07:15:02Z ===
  1 context rows on slate
  2 upcoming events from slate endpoint (1 API call)
  ✓ polled 1 events, locked close_total on 0, skipped 0 in-progress
  📝 history writes: 1 ok, 0 failed
  📚 book_lines: 0 rows written (change-only) across 18 book-events scanned
  📈 line_history: 108 rows written (server-side, always-write for Split sparkline)
======== [Thu 10/08/2026  3:15:24.15] exit=0 ======== 
 
======== [Thu 10/08/2026  3:30:02.40] line_poller start ======== 
=== Line poller 2026-10-08 2026-10-08T07:30:02Z ===
  1 context rows on slate
  2 upcoming events from slate endpoint (1 API call)
  ✓ polled 1 events, locked close_total on 0, skipped 0 in-progress
  📝 history writes: 1 ok, 0 failed
  📚 book_lines: 0 rows written (change-only) across 18 book-events scanned
  📈 line_history: 108 rows written (server-side, always-write for Split sparkline)
======== [Thu 10/08/2026  3:30:23.30] exit=0 ======== 
 
======== [Thu 10/08/2026  3:45:01.42] line_poller start ======== 
=== Line poller 2026-10-08 2026-10-08T07:45:01Z ===
  1 context rows on slate
  2 upcoming events from slate endpoint (1 API call)
  ✓ polled 1 events, locked close_total on 0, skipped 0 in-progress
  📝 history writes: 1 ok, 0 failed
  📚 book_lines: 0 rows written (change-only) across 18 book-events scanned
  📈 line_history: 108 rows written (server-side, always-write for Split sparkline)
======== [Thu 10/08/2026  3:45:22.97] exit=0 ======== 
 
======== [Thu 10/08/2026  4:00:01.41] line_poller start ======== 
=== Line poller 2026-10-08 2026-10-08T08:00:01Z ===
  1 context rows on slate
  2 upcoming events from slate endpoint (1 API call)
  ✓ polled 1 events, locked close_total on 0, skipped 0 in-progress
  📝 history writes: 1 ok, 0 failed
  📚 book_lines: 0 rows written (change-only) across 18 book-events scanned
  📈 line_history: 108 rows written (server-side, always-write for Split sparkline)
======== [Thu 10/08/2026  4:00:22.64] exit=0 ======== 
 
======== [Thu 10/08/2026  4:15:01.43] line_poller start ======== 
=== Line poller 2026-10-08 2026-10-08T08:15:01Z ===
  1 context rows on slate
  2 upcoming events from slate endpoint (1 API call)
  ✓ polled 1 events, locked close_total on 0, skipped 0 in-progress
  📝 history writes: 1 ok, 0 failed
  📚 book_lines: 0 rows written (change-only) across 18 book-events scanned
  📈 line_history: 108 rows written (server-side, always-write for Split sparkline)
======== [Thu 10/08/2026  4:15:23.71] exit=0 ======== 
 
======== [Thu 10/08/2026  4:30:01.42] line_poller start ======== 
=== Line poller 2026-10-08 2026-10-08T08:30:01Z ===
  1 context rows on slate
  2 upcoming events from slate endpoint (1 API call)
  ✓ polled 1 events, locked close_total on 0, skipped 0 in-progress
  📝 history writes: 1 ok, 0 failed
  📚 book_lines: 7 rows written (change-only) across 19 book-events scanned
  📈 line_history: 114 rows written (server-side, always-write for Split sparkline)
======== [Thu 10/08/2026  4:30:24.00] exit=0 ======== 
 
======== [Thu 10/08/2026  4:45:01.47] line_poller start ======== 
=== Line poller 2026-10-08 2026-10-08T08:45:01Z ===
  1 context rows on slate
  2 upcoming events from slate endpoint (1 API call)
  ✓ polled 1 events, locked close_total on 0, skipped 0 in-progress
  📝 history writes: 1 ok, 0 failed
  📚 book_lines: 0 rows written (change-only) across 19 book-events scanned
  📈 line_history: 114 rows written (server-side, always-write for Split sparkline)
======== [Thu 10/08/2026  4:45:23.62] exit=0 ======== 
 
======== [Thu 10/08/2026  5:00:01.45] line_poller start ======== 
=== Line poller 2026-10-08 2026-10-08T09:00:01Z ===
  1 context rows on slate
  2 upcoming events from slate endpoint (1 API call)
  ✓ polled 1 events, locked close_total on 0, skipped 0 in-progress
  📝 history writes: 1 ok, 0 failed
  📚 book_lines: 2 rows written (change-only) across 19 book-events scanned
  📈 line_history: 114 rows written (server-side, always-write for Split sparkline)
======== [Thu 10/08/2026  5:00:30.41] exit=0 ======== 
 
======== [Thu 10/08/2026  5:15:01.47] line_poller start ======== 
=== Line poller 2026-10-08 2026-10-08T09:15:01Z ===
  1 context rows on slate
  2 upcoming events from slate endpoint (1 API call)
  ✓ polled 1 events, locked close_total on 0, skipped 0 in-progress
  📝 history writes: 1 ok, 0 failed
  📚 book_lines: 4 rows written (change-only) across 18 book-events scanned
  📈 line_history: 108 rows written (server-side, always-write for Split sparkline)
======== [Thu 10/08/2026  5:15:23.02] exit=0 ======== 
 
======== [Thu 10/08/2026  5:30:01.48] line_poller start ======== 
=== Line poller 2026-10-08 2026-10-08T09:30:01Z ===
  1 context rows on slate
  2 upcoming events from slate endpoint (1 API call)
  ✓ polled 1 events, locked close_total on 0, skipped 0 in-progress
  📝 history writes: 1 ok, 0 failed
  📚 book_lines: 1 rows written (change-only) across 18 book-events scanned
  📈 line_history: 108 rows written (server-side, always-write for Split sparkline)
======== [Thu 10/08/2026  5:30:22.96] exit=0 ======== 
 
======== [Thu 10/08/2026  5:45:01.48] line_poller start ======== 
=== Line poller 2026-10-08 2026-10-08T09:45:01Z ===
  1 context rows on slate
  2 upcoming events from slate endpoint (1 API call)
  ✓ polled 1 events, locked close_total on 0, skipped 0 in-progress
  📝 history writes: 1 ok, 0 failed
  📚 book_lines: 4 rows written (change-only) across 18 book-events scanned
  📈 line_history: 108 rows written (server-side, always-write for Split sparkline)
======== [Thu 10/08/2026  5:45:23.33] exit=0 ======== 
 
======== [Thu 10/08/2026  6:00:01.48] line_poller start ======== 
=== Line poller 2026-10-08 2026-10-08T10:00:01Z ===
  1 context rows on slate
  2 upcoming events from slate endpoint (1 API call)
  ✓ polled 1 events, locked close_total on 0, skipped 0 in-progress
  📝 history writes: 1 ok, 0 failed
  📚 book_lines: 2 rows written (change-only) across 18 book-events scanned
  📈 line_history: 108 rows written (server-side, always-write for Split sparkline)
======== [Thu 10/08/2026  6:00:27.67] exit=0 ======== 
 
======== [Thu 10/08/2026  6:15:01.49] line_poller start ======== 
=== Line poller 2026-10-08 2026-10-08T10:15:01Z ===
  1 context rows on slate
  2 upcoming events from slate endpoint (1 API call)
  ✓ polled 1 events, locked close_total on 0, skipped 0 in-progress
  📝 history writes: 1 ok, 0 failed
  📚 book_lines: 1 rows written (change-only) across 18 book-events scanned
  📈 line_history: 108 rows written (server-side, always-write for Split sparkline)
======== [Thu 10/08/2026  6:15:23.33] exit=0 ======== 
 
======== [Thu 10/08/2026  6:30:01.50] line_poller start ======== 
=== Line poller 2026-10-08 2026-10-08T10:30:01Z ===
  1 context rows on slate
  2 upcoming events from slate endpoint (1 API call)
  ✓ polled 1 events, locked close_total on 0, skipped 0 in-progress
  📝 history writes: 1 ok, 0 failed
  📚 book_lines: 6 rows written (change-only) across 18 book-events scanned
  📈 line_history: 108 rows written (server-side, always-write for Split sparkline)
======== [Thu 10/08/2026  6:30:23.12] exit=0 ======== 
 
======== [Thu 10/08/2026  6:45:01.52] line_poller start ======== 
=== Line poller 2026-10-08 2026-10-08T10:45:01Z ===
  1 context rows on slate
  2 upcoming events from slate endpoint (1 API call)
  ✓ polled 1 events, locked close_total on 0, skipped 0 in-progress
  📝 history writes: 1 ok, 0 failed
  📚 book_lines: 6 rows written (change-only) across 18 book-events scanned
  📈 line_history: 108 rows written (server-side, always-write for Split sparkline)
======== [Thu 10/08/2026  6:45:27.41] exit=0 ======== 
 
======== [Thu 10/08/2026  7:00:01.30] line_poller start ======== 
=== Line poller 2026-10-08 2026-10-08T11:00:01Z ===
  1 context rows on slate
  2 upcoming events from slate endpoint (1 API call)
  ✓ polled 1 events, locked close_total on 0, skipped 0 in-progress
  📝 history writes: 1 ok, 0 failed
  📚 book_lines: 14 rows written (change-only) across 18 book-events scanned
  📈 line_history: 108 rows written (server-side, always-write for Split sparkline)
======== [Thu 10/08/2026  7:00:22.96] exit=0 ======== 
 
======== [Thu 10/08/2026  7:15:01.54] line_poller start ======== 
=== Line poller 2026-10-08 2026-10-08T11:15:01Z ===
  1 context rows on slate
  2 upcoming events from slate endpoint (1 API call)
  ✓ polled 1 events, locked close_total on 0, skipped 0 in-progress
  📝 history writes: 1 ok, 0 failed
  📚 book_lines: 8 rows written (change-only) across 19 book-events scanned
  📈 line_history: 114 rows written (server-side, always-write for Split sparkline)
======== [Thu 10/08/2026  7:15:29.09] exit=0 ======== 
 
======== [Thu 10/08/2026  7:30:01.52] line_poller start ======== 
=== Line poller 2026-10-08 2026-10-08T11:30:01Z ===
  1 context rows on slate
  2 upcoming events from slate endpoint (1 API call)
  ✓ polled 1 events, locked close_total on 0, skipped 0 in-progress
  📝 history writes: 1 ok, 0 failed
  📚 book_lines: 12 rows written (change-only) across 19 book-events scanned
  📈 line_history: 114 rows written (server-side, always-write for Split sparkline)
======== [Thu 10/08/2026  7:30:26.62] exit=0 ======== 
 
======== [Thu 10/08/2026  7:45:01.55] line_poller start ======== 
=== Line poller 2026-10-08 2026-10-08T11:45:01Z ===
  1 context rows on slate
  2 upcoming events from slate endpoint (1 API call)
  ✓ polled 1 events, locked close_total on 0, skipped 0 in-progress
  📝 history writes: 1 ok, 0 failed
  📚 book_lines: 1 rows written (change-only) across 19 book-events scanned
  📈 line_history: 114 rows written (server-side, always-write for Split sparkline)
======== [Thu 10/08/2026  7:45:25.44] exit=0 ======== 
 
======== [Thu 10/08/2026  8:00:01.58] line_poller start ======== 
=== Line poller 2026-10-08 2026-10-08T12:00:01Z ===
  1 context rows on slate
  2 upcoming events from slate endpoint (1 API call)
  ✓ polled 1 events, locked close_total on 0, skipped 0 in-progress
  📝 history writes: 1 ok, 0 failed
  📚 book_lines: 10 rows written (change-only) across 19 book-events scanned
  📈 line_history: 114 rows written (server-side, always-write for Split sparkline)
======== [Thu 10/08/2026  8:00:36.82] exit=0 ======== 
 
======== [Thu 10/08/2026  8:15:01.58] line_poller start ======== 
=== Line poller 2026-10-08 2026-10-08T12:15:01Z ===
  1 context rows on slate
  2 upcoming events from slate endpoint (1 API call)
  ✓ polled 1 events, locked close_total on 0, skipped 0 in-progress
  📝 history writes: 1 ok, 0 failed
  📚 book_lines: 8 rows written (change-only) across 19 book-events scanned
  📈 line_history: 114 rows written (server-side, always-write for Split sparkline)
======== [Thu 10/08/2026  8:15:33.18] exit=0 ======== 
 
======== [Thu 10/08/2026  8:30:01.34] line_poller start ======== 
=== Line poller 2026-10-08 2026-10-08T12:30:01Z ===
  1 context rows on slate
  2 upcoming events from slate endpoint (1 API call)
  ✓ polled 1 events, locked close_total on 0, skipped 0 in-progress
  📝 history writes: 1 ok, 0 failed
  📚 book_lines: 6 rows written (change-only) across 19 book-events scanned
  📈 line_history: 114 rows written (server-side, always-write for Split sparkline)
======== [Thu 10/08/2026  8:30:29.71] exit=0 ======== 
 
======== [Thu 10/08/2026  8:45:01.60] line_poller start ======== 
=== Line poller 2026-10-08 2026-10-08T12:45:01Z ===
  2 context rows on slate
  2 upcoming events from slate endpoint (1 API call)
    ⚠ book_lines writer error on b57e790481: HTTPSConnectionPool(host='vctzbruocrjiojtmpjlw.supabase.co', port=443): Read timed out. (read timeout=8)
  ✓ polled 1 events, locked close_total on 0, skipped 0 in-progress
  📝 history writes: 1 ok, 0 failed
  📚 book_lines: 0 rows written (change-only) across 0 book-events scanned
  📈 line_history: 114 rows written (server-side, always-write for Split sparkline)
======== [Thu 10/08/2026  8:45:51.36] exit=0 ======== 
 
======== [Thu 10/08/2026 11:45:49.24] line_poller start ======== 
=== Line poller 2026-10-08 2026-10-08T15:45:49Z ===
  0 context rows on slate
  ⚠️ slate odds fetch failed: HTTPSConnectionPool(host='api.the-odds-api.com', port=443): Max retries exceeded with url: /v4/sports/baseball_mlb/odds?apiKey=7526d2360f9203e651b629baf56fb235&regions=us%2Cus2&markets=totals%2Cspreads%2Ch2h&oddsFormat=american (Caused by NameResolutionError("HTTPSConnection(host='api.the-odds-api.com', port=443): Failed to resolve 'api.the-odds-api.com' ([Errno 11001] getaddrinfo failed)"))
  0 upcoming events from slate endpoint (1 API call)
  ✓ polled 0 events, locked close_total on 0, skipped 0 in-progress
  📝 history writes: 0 ok, 0 failed
  📚 book_lines: 0 rows written (change-only) across 0 book-events scanned
  📈 line_history: 0 rows written (server-side, always-write for Split sparkline)
======== [Thu 10/08/2026 11:45:49.61] exit=0 ======== 
 
======== [Thu 10/08/2026 12:00:02.19] line_poller start ======== 
=== Line poller 2026-10-08 2026-10-08T16:00:02Z ===
  2 context rows on slate
  2 upcoming events from slate endpoint (1 API call)
  ✓ polled 1 events, locked close_total on 0, skipped 0 in-progress
  📝 history writes: 1 ok, 0 failed
  📚 book_lines: 57 rows written (change-only) across 19 book-events scanned
  📈 line_history: 114 rows written (server-side, always-write for Split sparkline)
======== [Thu 10/08/2026 12:00:53.67] exit=0 ======== 
 
======== [Thu 10/08/2026 12:15:03.07] line_poller start ======== 
=== Line poller 2026-10-08 2026-10-08T16:15:03Z ===
  2 context rows on slate
  2 upcoming events from slate endpoint (1 API call)
  ✓ polled 1 events, locked close_total on 0, skipped 0 in-progress
  📝 history writes: 1 ok, 0 failed
  📚 book_lines: 12 rows written (change-only) across 19 book-events scanned
  📈 line_history: 114 rows written (server-side, always-write for Split sparkline)
======== [Thu 10/08/2026 12:15:58.25] exit=0 ======== 
 
======== [Thu 10/08/2026 12:30:02.21] line_poller start ======== 
=== Line poller 2026-10-08 2026-10-08T16:30:02Z ===
  2 context rows on slate
  2 upcoming events from slate endpoint (1 API call)
  ✓ polled 1 events, locked close_total on 0, skipped 0 in-progress
  📝 history writes: 1 ok, 0 failed
  📚 book_lines: 12 rows written (change-only) across 19 book-events scanned
  📈 line_history: 114 rows written (server-side, always-write for Split sparkline)
======== [Thu 10/08/2026 12:30:38.11] exit=0 ======== 
 
======== [Thu 10/08/2026 12:45:02.44] line_poller start ======== 
=== Line poller 2026-10-08 2026-10-08T16:45:02Z ===
  2 context rows on slate
  2 upcoming events from slate endpoint (1 API call)
    ⚠ book_lines writer error on b57e790481: HTTPSConnectionPool(host='vctzbruocrjiojtmpjlw.supabase.co', port=443): Read timed out. (read timeout=8)
  ✓ polled 1 events, locked close_total on 0, skipped 0 in-progress
  📝 history writes: 1 ok, 0 failed
  📚 book_lines: 0 rows written (change-only) across 0 book-events scanned
  📈 line_history: 114 rows written (server-side, always-write for Split sparkline)
======== [Thu 10/08/2026 12:46:47.05] exit=0 ======== 
 
======== [Thu 10/08/2026 13:00:02.18] line_poller start ======== 
=== Line poller 2026-10-08 2026-10-08T17:00:02Z ===
  2 context rows on slate
  2 upcoming events from slate endpoint (1 API call)
  ✓ polled 1 events, locked close_total on 0, skipped 0 in-progress
  📝 history writes: 1 ok, 0 failed
  📚 book_lines: 18 rows written (change-only) across 19 book-events scanned
  📈 line_history: 114 rows written (server-side, always-write for Split sparkline)
======== [Thu 10/08/2026 13:00:33.54] exit=0 ======== 
 
======== [Thu 10/08/2026 15:06:48.88] line_poller start ======== 
=== Line poller 2026-10-08 2026-10-08T19:06:49Z ===
  0 context rows on slate
  ⚠️ slate odds fetch failed: HTTPSConnectionPool(host='api.the-odds-api.com', port=443): Max retries exceeded with url: /v4/sports/baseball_mlb/odds?apiKey=7526d2360f9203e651b629baf56fb235&regions=us%2Cus2&markets=totals%2Cspreads%2Ch2h&oddsFormat=american (Caused by NameResolutionError("HTTPSConnection(host='api.the-odds-api.com', port=443): Failed to resolve 'api.the-odds-api.com' ([Errno 11001] getaddrinfo failed)"))
  0 upcoming events from slate endpoint (1 API call)
  ✓ polled 0 events, locked close_total on 0, skipped 0 in-progress
  📝 history writes: 0 ok, 0 failed
  📚 book_lines: 0 rows written (change-only) across 0 book-events scanned
  📈 line_history: 0 rows written (server-side, always-write for Split sparkline)
======== [Thu 10/08/2026 15:06:49.30] exit=0 ======== 
 
======== [Thu 10/08/2026 15:32:45.26] line_poller start ======== 
=== Line poller 2026-10-08 2026-10-08T19:32:45Z ===
  2 context rows on slate
  2 upcoming events from slate endpoint (1 API call)
  ✓ polled 1 events, locked close_total on 0, skipped 0 in-progress
  📝 history writes: 1 ok, 0 failed
  📚 book_lines: 42 rows written (change-only) across 19 book-events scanned
  📈 line_history: 114 rows written (server-side, always-write for Split sparkline)
======== [Thu 10/08/2026 15:33:49.31] exit=0 ======== 
 
======== [Thu 10/08/2026 15:45:01.99] line_poller start ======== 
=== Line poller 2026-10-08 2026-10-08T19:45:02Z ===
  2 context rows on slate
  2 upcoming events from slate endpoint (1 API call)
  ✓ polled 1 events, locked close_total on 0, skipped 0 in-progress
  📝 history writes: 1 ok, 0 failed
  📚 book_lines: 10 rows written (change-only) across 19 book-events scanned
  📈 line_history: 114 rows written (server-side, always-write for Split sparkline)
======== [Thu 10/08/2026 15:45:31.09] exit=0 ======== 
 
======== [Thu 10/08/2026 16:00:01.68] line_poller start ======== 
=== Line poller 2026-10-08 2026-10-08T20:00:01Z ===
  2 context rows on slate
  2 upcoming events from slate endpoint (1 API call)
  ✓ polled 1 events, locked close_total on 0, skipped 0 in-progress
  📝 history writes: 1 ok, 0 failed
  📚 book_lines: 12 rows written (change-only) across 19 book-events scanned
  📈 line_history: 114 rows written (server-side, always-write for Split sparkline)
======== [Thu 10/08/2026 16:00:28.51] exit=0 ======== 
 
======== [Thu 10/08/2026 16:15:01.93] line_poller start ======== 
=== Line poller 2026-10-08 2026-10-08T20:15:02Z ===
  2 context rows on slate
  2 upcoming events from slate endpoint (1 API call)
  ✓ polled 1 events, locked close_total on 0, skipped 0 in-progress
  📝 history writes: 1 ok, 0 failed
  📚 book_lines: 10 rows written (change-only) across 19 book-events scanned
  📈 line_history: 114 rows written (server-side, always-write for Split sparkline)
======== [Thu 10/08/2026 16:15:26.44] exit=0 ======== 
 
======== [Thu 10/08/2026 16:30:01.92] line_poller start ======== 
=== Line poller 2026-10-08 2026-10-08T20:30:02Z ===
  2 context rows on slate
  2 upcoming events from slate endpoint (1 API call)
  ✓ polled 1 events, locked close_total on 0, skipped 0 in-progress
  📝 history writes: 1 ok, 0 failed
  📚 book_lines: 19 rows written (change-only) across 19 book-events scanned
  📈 line_history: 114 rows written (server-side, always-write for Split sparkline)
======== [Thu 10/08/2026 16:30:25.55] exit=0 ======== 
 
======== [Thu 10/08/2026 16:45:01.93] line_poller start ======== 
=== Line poller 2026-10-08 2026-10-08T20:45:02Z ===
  2 context rows on slate
  2 upcoming events from slate endpoint (1 API call)
  ✓ polled 1 events, locked close_total on 0, skipped 0 in-progress
  📝 history writes: 1 ok, 0 failed
  📚 book_lines: 29 rows written (change-only) across 19 book-events scanned
  📈 line_history: 114 rows written (server-side, always-write for Split sparkline)
======== [Thu 10/08/2026 16:45:28.69] exit=0 ======== 
 
======== [Thu 10/08/2026 17:00:01.93] line_poller start ======== 
=== Line poller 2026-10-08 2026-10-08T21:00:02Z ===
  2 context rows on slate
  2 upcoming events from slate endpoint (1 API call)
  ✓ polled 1 events, locked close_total on 0, skipped 0 in-progress
  📝 history writes: 1 ok, 0 failed
  📚 book_lines: 17 rows written (change-only) across 19 book-events scanned
  📈 line_history: 114 rows written (server-side, always-write for Split sparkline)
======== [Thu 10/08/2026 17:00:25.03] exit=0 ======== 
 
======== [Thu 10/08/2026 17:15:01.96] line_poller start ======== 
=== Line poller 2026-10-08 2026-10-08T21:15:02Z ===
  2 context rows on slate
  2 upcoming events from slate endpoint (1 API call)
  ✓ polled 1 events, locked close_total on 0, skipped 0 in-progress
  📝 history writes: 1 ok, 0 failed
  📚 book_lines: 21 rows written (change-only) across 19 book-events scanned
  📈 line_history: 114 rows written (server-side, always-write for Split sparkline)
======== [Thu 10/08/2026 17:15:29.24] exit=0 ======== 
 
======== [Thu 10/08/2026 17:30:01.93] line_poller start ======== 
=== Line poller 2026-10-08 2026-10-08T21:30:02Z ===
  2 context rows on slate
  2 upcoming events from slate endpoint (1 API call)
  ✓ polled 1 events, locked close_total on 0, skipped 0 in-progress
  📝 history writes: 1 ok, 0 failed
  📚 book_lines: 6 rows written (change-only) across 19 book-events scanned
  📈 line_history: 114 rows written (server-side, always-write for Split sparkline)
======== [Thu 10/08/2026 17:30:25.73] exit=0 ======== 
 
======== [Thu 10/08/2026 17:45:01.95] line_poller start ======== 
=== Line poller 2026-10-08 2026-10-08T21:45:02Z ===
  2 context rows on slate
  2 upcoming events from slate endpoint (1 API call)
  ✓ polled 1 events, locked close_total on 0, skipped 0 in-progress
  📝 history writes: 1 ok, 0 failed
  📚 book_lines: 7 rows written (change-only) across 19 book-events scanned
  📈 line_history: 114 rows written (server-side, always-write for Split sparkline)
======== [Thu 10/08/2026 17:45:28.40] exit=0 ======== 
 
======== [Thu 10/08/2026 18:00:01.76] line_poller start ======== 
=== Line poller 2026-10-08 2026-10-08T22:00:02Z ===
  2 context rows on slate
  2 upcoming events from slate endpoint (1 API call)
  ✓ polled 1 events, locked close_total on 0, skipped 0 in-progress
  📝 history writes: 1 ok, 0 failed
  📚 book_lines: 14 rows written (change-only) across 19 book-events scanned
  📈 line_history: 114 rows written (server-side, always-write for Split sparkline)
======== [Thu 10/08/2026 18:00:28.58] exit=0 ======== 
 
======== [Thu 10/08/2026 18:15:02.03] line_poller start ======== 
=== Line poller 2026-10-08 2026-10-08T22:15:02Z ===
  2 context rows on slate
  2 upcoming events from slate endpoint (1 API call)
  ✓ polled 1 events, locked close_total on 0, skipped 0 in-progress
  📝 history writes: 1 ok, 0 failed
  📚 book_lines: 13 rows written (change-only) across 19 book-events scanned
  📈 line_history: 114 rows written (server-side, always-write for Split sparkline)
======== [Thu 10/08/2026 18:15:29.47] exit=0 ======== 
 
======== [Thu 10/08/2026 18:30:01.96] line_poller start ======== 
=== Line poller 2026-10-08 2026-10-08T22:30:02Z ===
  2 context rows on slate
  2 upcoming events from slate endpoint (1 API call)
  ✓ polled 1 events, locked close_total on 0, skipped 0 in-progress
  📝 history writes: 1 ok, 0 failed
  📚 book_lines: 10 rows written (change-only) across 19 book-events scanned
  📈 line_history: 114 rows written (server-side, always-write for Split sparkline)
======== [Thu 10/08/2026 18:30:24.55] exit=0 ======== 
 
======== [Thu 10/08/2026 18:45:02.09] line_poller start ======== 
=== Line poller 2026-10-08 2026-10-08T22:45:02Z ===
  2 context rows on slate
  2 upcoming events from slate endpoint (1 API call)
  ✓ polled 1 events, locked close_total on 0, skipped 0 in-progress
  📝 history writes: 1 ok, 0 failed
  📚 book_lines: 3 rows written (change-only) across 19 book-events scanned
  📈 line_history: 114 rows written (server-side, always-write for Split sparkline)
======== [Thu 10/08/2026 18:45:39.48] exit=0 ======== 
 
======== [Thu 10/08/2026 19:00:01.84] line_poller start ======== 
=== Line poller 2026-10-08 2026-10-08T23:00:02Z ===
  2 context rows on slate
  2 upcoming events from slate endpoint (1 API call)
  ✓ polled 1 events, locked close_total on 0, skipped 0 in-progress
  📝 history writes: 1 ok, 0 failed
  📚 book_lines: 7 rows written (change-only) across 19 book-events scanned
  📈 line_history: 114 rows written (server-side, always-write for Split sparkline)
======== [Thu 10/08/2026 19:00:41.69] exit=0 ======== 
 
======== [Thu 10/08/2026 19:15:02.07] line_poller start ======== 
=== Line poller 2026-10-08 2026-10-08T23:15:02Z ===
  2 context rows on slate
  2 upcoming events from slate endpoint (1 API call)
  ✓ polled 1 events, locked close_total on 0, skipped 0 in-progress
  📝 history writes: 1 ok, 0 failed
  📚 book_lines: 9 rows written (change-only) across 19 book-events scanned
  📈 line_history: 114 rows written (server-side, always-write for Split sparkline)
======== [Thu 10/08/2026 19:15:28.15] exit=0 ======== 
 
======== [Thu 10/08/2026 19:30:02.01] line_poller start ======== 
=== Line poller 2026-10-08 2026-10-08T23:30:02Z ===
  2 context rows on slate
  2 upcoming events from slate endpoint (1 API call)
  ✓ polled 1 events, locked close_total on 0, skipped 0 in-progress
  📝 history writes: 1 ok, 0 failed
  📚 book_lines: 20 rows written (change-only) across 19 book-events scanned
  📈 line_history: 114 rows written (server-side, always-write for Split sparkline)
======== [Thu 10/08/2026 19:30:27.14] exit=0 ======== 
 
======== [Thu 10/08/2026 19:45:02.07] line_poller start ======== 
=== Line poller 2026-10-08 2026-10-08T23:45:02Z ===
  2 context rows on slate
  2 upcoming events from slate endpoint (1 API call)
  ✓ polled 1 events, locked close_total on 0, skipped 0 in-progress
  📝 history writes: 1 ok, 0 failed
  📚 book_lines: 23 rows written (change-only) across 19 book-events scanned
  📈 line_history: 114 rows written (server-side, always-write for Split sparkline)
======== [Thu 10/08/2026 19:45:39.80] exit=0 ======== 
 
======== [Thu 10/08/2026 20:00:02.02] line_poller start ======== 
=== Line poller 2026-10-08 2026-10-09T00:00:02Z ===
  2 context rows on slate
  2 upcoming events from slate endpoint (1 API call)
  ✓ polled 1 events, locked close_total on 1, skipped 0 in-progress
  📝 history writes: 1 ok, 0 failed
  📚 book_lines: 18 rows written (change-only) across 19 book-events scanned
  📈 line_history: 114 rows written (server-side, always-write for Split sparkline)
======== [Thu 10/08/2026 20:00:25.31] exit=0 ======== 
 
======== [Thu 10/08/2026 20:15:02.07] line_poller start ======== 
=== Line poller 2026-10-08 2026-10-09T00:15:02Z ===
  2 context rows on slate
  2 upcoming events from slate endpoint (1 API call)
  ✓ polled 0 events, locked close_total on 0, skipped 1 in-progress
  📝 history writes: 0 ok, 0 failed
  📚 book_lines: 0 rows written (change-only) across 0 book-events scanned
  📈 line_history: 0 rows written (server-side, always-write for Split sparkline)
======== [Thu 10/08/2026 20:15:03.54] exit=0 ======== 
 
======== [Thu 10/08/2026 20:30:02.04] line_poller start ======== 
=== Line poller 2026-10-08 2026-10-09T00:30:02Z ===
  2 context rows on slate
  2 upcoming events from slate endpoint (1 API call)
  ✓ polled 0 events, locked close_total on 0, skipped 1 in-progress
  📝 history writes: 0 ok, 0 failed
  📚 book_lines: 0 rows written (change-only) across 0 book-events scanned
  📈 line_history: 0 rows written (server-side, always-write for Split sparkline)
======== [Thu 10/08/2026 20:30:03.10] exit=0 ======== 
 
======== [Thu 10/08/2026 20:45:02.07] line_poller start ======== 
=== Line poller 2026-10-08 2026-10-09T00:45:02Z ===
  2 context rows on slate
  2 upcoming events from slate endpoint (1 API call)
  ✓ polled 0 events, locked close_total on 0, skipped 1 in-progress
  📝 history writes: 0 ok, 0 failed
  📚 book_lines: 0 rows written (change-only) across 0 book-events scanned
  📈 line_history: 0 rows written (server-side, always-write for Split sparkline)
======== [Thu 10/08/2026 20:45:03.42] exit=0 ======== 
 
======== [Thu 10/08/2026 21:00:02.16] line_poller start ======== 
=== Line poller 2026-10-08 2026-10-09T01:00:02Z ===
  2 context rows on slate
  2 upcoming events from slate endpoint (1 API call)
  ✓ polled 0 events, locked close_total on 0, skipped 1 in-progress
  📝 history writes: 0 ok, 0 failed
  📚 book_lines: 0 rows written (change-only) across 0 book-events scanned
  📈 line_history: 0 rows written (server-side, always-write for Split sparkline)
======== [Thu 10/08/2026 21:00:03.31] exit=0 ======== 
 
======== [Thu 10/08/2026 21:15:02.13] line_poller start ======== 
=== Line poller 2026-10-08 2026-10-09T01:15:02Z ===
  2 context rows on slate
  2 upcoming events from slate endpoint (1 API call)
  ✓ polled 0 events, locked close_total on 0, skipped 1 in-progress
  📝 history writes: 0 ok, 0 failed
  📚 book_lines: 0 rows written (change-only) across 0 book-events scanned
  📈 line_history: 0 rows written (server-side, always-write for Split sparkline)
======== [Thu 10/08/2026 21:15:03.48] exit=0 ======== 
 
======== [Thu 10/08/2026 21:30:02.10] line_poller start ======== 
=== Line poller 2026-10-08 2026-10-09T01:30:02Z ===
  2 context rows on slate
  2 upcoming events from slate endpoint (1 API call)
  ✓ polled 0 events, locked close_total on 0, skipped 1 in-progress
  📝 history writes: 0 ok, 0 failed
  📚 book_lines: 0 rows written (change-only) across 0 book-events scanned
  📈 line_history: 0 rows written (server-side, always-write for Split sparkline)
======== [Thu 10/08/2026 21:30:03.26] exit=0 ======== 
 
======== [Thu 10/08/2026 21:45:02.11] line_poller start ======== 
=== Line poller 2026-10-08 2026-10-09T01:45:02Z ===
  2 context rows on slate
  2 upcoming events from slate endpoint (1 API call)
  ✓ polled 0 events, locked close_total on 0, skipped 1 in-progress
  📝 history writes: 0 ok, 0 failed
  📚 book_lines: 0 rows written (change-only) across 0 book-events scanned
  📈 line_history: 0 rows written (server-side, always-write for Split sparkline)
======== [Thu 10/08/2026 21:45:03.35] exit=0 ======== 
 
======== [Thu 10/08/2026 22:00:02.12] line_poller start ======== 
=== Line poller 2026-10-08 2026-10-09T02:00:02Z ===
  2 context rows on slate
  ⚠️ slate odds fetch HTTP 502: Internal Server Error
  0 upcoming events from slate endpoint (1 API call)
  ✓ polled 0 events, locked close_total on 0, skipped 0 in-progress
  📝 history writes: 0 ok, 0 failed
  📚 book_lines: 0 rows written (change-only) across 0 book-events scanned
  📈 line_history: 0 rows written (server-side, always-write for Split sparkline)
======== [Thu 10/08/2026 22:00:14.86] exit=0 ======== 
 
======== [Thu 10/08/2026 22:15:02.13] line_poller start ======== 
=== Line poller 2026-10-08 2026-10-09T02:15:02Z ===
  2 context rows on slate
  2 upcoming events from slate endpoint (1 API call)
  ✓ polled 0 events, locked close_total on 0, skipped 1 in-progress
  📝 history writes: 0 ok, 0 failed
  📚 book_lines: 0 rows written (change-only) across 0 book-events scanned
  📈 line_history: 0 rows written (server-side, always-write for Split sparkline)
======== [Thu 10/08/2026 22:15:03.39] exit=0 ======== 
 
======== [Thu 10/08/2026 22:30:02.12] line_poller start ======== 
=== Line poller 2026-10-08 2026-10-09T02:30:02Z ===
  2 context rows on slate
  2 upcoming events from slate endpoint (1 API call)
  ✓ polled 0 events, locked close_total on 0, skipped 1 in-progress
  📝 history writes: 0 ok, 0 failed
  📚 book_lines: 0 rows written (change-only) across 0 book-events scanned
  📈 line_history: 0 rows written (server-side, always-write for Split sparkline)
======== [Thu 10/08/2026 22:30:03.22] exit=0 ======== 
 
======== [Thu 10/08/2026 22:45:02.20] line_poller start ======== 
=== Line poller 2026-10-08 2026-10-09T02:45:02Z ===
  2 context rows on slate
  2 upcoming events from slate endpoint (1 API call)
  ✓ polled 0 events, locked close_total on 0, skipped 1 in-progress
  📝 history writes: 0 ok, 0 failed
  📚 book_lines: 0 rows written (change-only) across 0 book-events scanned
  📈 line_history: 0 rows written (server-side, always-write for Split sparkline)
======== [Thu 10/08/2026 22:45:03.56] exit=0 ======== 
 
======== [Thu 10/08/2026 23:00:02.16] line_poller start ======== 
=== Line poller 2026-10-08 2026-10-09T03:00:02Z ===
  2 context rows on slate
  2 upcoming events from slate endpoint (1 API call)
  ✓ polled 0 events, locked close_total on 0, skipped 1 in-progress
  📝 history writes: 0 ok, 0 failed
  📚 book_lines: 0 rows written (change-only) across 0 book-events scanned
  📈 line_history: 0 rows written (server-side, always-write for Split sparkline)
======== [Thu 10/08/2026 23:00:03.41] exit=0 ======== 
 
======== [Thu 10/08/2026 23:15:02.19] line_poller start ======== 
=== Line poller 2026-10-08 2026-10-09T03:15:02Z ===
  2 context rows on slate
  2 upcoming events from slate endpoint (1 API call)
  ✓ polled 0 events, locked close_total on 0, skipped 1 in-progress
  📝 history writes: 0 ok, 0 failed
  📚 book_lines: 0 rows written (change-only) across 0 book-events scanned
  📈 line_history: 0 rows written (server-side, always-write for Split sparkline)
======== [Thu 10/08/2026 23:15:03.67] exit=0 ======== 
 
======== [Thu 10/08/2026 23:30:02.16] line_poller start ======== 
=== Line poller 2026-10-08 2026-10-09T03:30:02Z ===
  2 context rows on slate
  2 upcoming events from slate endpoint (1 API call)
  ✓ polled 0 events, locked close_total on 0, skipped 1 in-progress
  📝 history writes: 0 ok, 0 failed
  📚 book_lines: 0 rows written (change-only) across 0 book-events scanned
  📈 line_history: 0 rows written (server-side, always-write for Split sparkline)
======== [Thu 10/08/2026 23:30:03.41] exit=0 ======== 
 
======== [Thu 10/08/2026 23:45:02.17] line_poller start ======== 
=== Line poller 2026-10-08 2026-10-09T03:45:02Z ===
  2 context rows on slate
  2 upcoming events from slate endpoint (1 API call)
  ✓ polled 0 events, locked close_total on 0, skipped 1 in-progress
  📝 history writes: 0 ok, 0 failed
  📚 book_lines: 0 rows written (change-only) across 0 book-events scanned
  📈 line_history: 0 rows written (server-side, always-write for Split sparkline)
======== [Thu 10/08/2026 23:45:03.43] exit=0 ======== 
 
======== [Fri 10/09/2026  0:00:02.18] line_poller start ======== 
=== Line poller 2026-10-09 2026-10-09T04:00:02Z ===
  0 context rows on slate
  3 upcoming events from slate endpoint (1 API call)
  ✓ polled 0 events, locked close_total on 0, skipped 0 in-progress
  📝 history writes: 0 ok, 0 failed
  📚 book_lines: 0 rows written (change-only) across 0 book-events scanned
  📈 line_history: 0 rows written (server-side, always-write for Split sparkline)
======== [Fri 10/09/2026  0:00:03.32] exit=0 ======== 
 
======== [Fri 10/09/2026  0:15:02.19] line_poller start ======== 
=== Line poller 2026-10-09 2026-10-09T04:15:02Z ===
  0 context rows on slate
  2 upcoming events from slate endpoint (1 API call)
  ✓ polled 0 events, locked close_total on 0, skipped 0 in-progress
  📝 history writes: 0 ok, 0 failed
  📚 book_lines: 0 rows written (change-only) across 0 book-events scanned
  📈 line_history: 0 rows written (server-side, always-write for Split sparkline)
======== [Fri 10/09/2026  0:15:03.67] exit=0 ======== 
 
======== [Fri 10/09/2026  0:30:02.20] line_poller start ======== 
=== Line poller 2026-10-09 2026-10-09T04:30:02Z ===
  0 context rows on slate
  2 upcoming events from slate endpoint (1 API call)
  ✓ polled 0 events, locked close_total on 0, skipped 0 in-progress
  📝 history writes: 0 ok, 0 failed
  📚 book_lines: 0 rows written (change-only) across 0 book-events scanned
  📈 line_history: 0 rows written (server-side, always-write for Split sparkline)
======== [Fri 10/09/2026  0:30:03.41] exit=0 ======== 
 
======== [Fri 10/09/2026  0:45:02.21] line_poller start ======== 
=== Line poller 2026-10-09 2026-10-09T04:45:02Z ===
  0 context rows on slate
  2 upcoming events from slate endpoint (1 API call)
  ✓ polled 0 events, locked close_total on 0, skipped 0 in-progress
  📝 history writes: 0 ok, 0 failed
  📚 book_lines: 0 rows written (change-only) across 0 book-events scanned
  📈 line_history: 0 rows written (server-side, always-write for Split sparkline)
======== [Fri 10/09/2026  0:45:03.49] exit=0 ======== 
 
======== [Fri 10/09/2026  1:00:02.21] line_poller start ======== 
=== Line poller 2026-10-09 2026-10-09T05:00:02Z ===
  0 context rows on slate
  2 upcoming events from slate endpoint (1 API call)
  ✓ polled 0 events, locked close_total on 0, skipped 0 in-progress
  📝 history writes: 0 ok, 0 failed
  📚 book_lines: 0 rows written (change-only) across 0 book-events scanned
  📈 line_history: 0 rows written (server-side, always-write for Split sparkline)
======== [Fri 10/09/2026  1:00:03.49] exit=0 ======== 
 
======== [Fri 10/09/2026  1:15:02.23] line_poller start ======== 
=== Line poller 2026-10-09 2026-10-09T05:15:02Z ===
  0 context rows on slate
  2 upcoming events from slate endpoint (1 API call)
  ✓ polled 0 events, locked close_total on 0, skipped 0 in-progress
  📝 history writes: 0 ok, 0 failed
  📚 book_lines: 0 rows written (change-only) across 0 book-events scanned
  📈 line_history: 0 rows written (server-side, always-write for Split sparkline)
======== [Fri 10/09/2026  1:15:03.51] exit=0 ======== 
 
======== [Fri 10/09/2026  1:30:02.25] line_poller start ======== 
=== Line poller 2026-10-09 2026-10-09T05:30:02Z ===
  0 context rows on slate
  2 upcoming events from slate endpoint (1 API call)
  ✓ polled 0 events, locked close_total on 0, skipped 0 in-progress
  📝 history writes: 0 ok, 0 failed
  📚 book_lines: 0 rows written (change-only) across 0 book-events scanned
  📈 line_history: 0 rows written (server-side, always-write for Split sparkline)
======== [Fri 10/09/2026  1:30:03.51] exit=0 ======== 
 
======== [Fri 10/09/2026  1:45:02.24] line_poller start ======== 
=== Line poller 2026-10-09 2026-10-09T05:45:02Z ===
  0 context rows on slate
  2 upcoming events from slate endpoint (1 API call)
  ✓ polled 0 events, locked close_total on 0, skipped 0 in-progress
  📝 history writes: 0 ok, 0 failed
  📚 book_lines: 0 rows written (change-only) across 0 book-events scanned
  📈 line_history: 0 rows written (server-side, always-write for Split sparkline)
======== [Fri 10/09/2026  1:45:03.57] exit=0 ======== 
 
======== [Fri 10/09/2026  2:00:02.24] line_poller start ======== 
=== Line poller 2026-10-09 2026-10-09T06:00:02Z ===
  0 context rows on slate
  2 upcoming events from slate endpoint (1 API call)
  ✓ polled 0 events, locked close_total on 0, skipped 0 in-progress
  📝 history writes: 0 ok, 0 failed
  📚 book_lines: 0 rows written (change-only) across 0 book-events scanned
  📈 line_history: 0 rows written (server-side, always-write for Split sparkline)
======== [Fri 10/09/2026  2:00:03.49] exit=0 ======== 
 
======== [Fri 10/09/2026  2:15:02.26] line_poller start ======== 
=== Line poller 2026-10-09 2026-10-09T06:15:02Z ===
  0 context rows on slate
  2 upcoming events from slate endpoint (1 API call)
  ✓ polled 0 events, locked close_total on 0, skipped 0 in-progress
  📝 history writes: 0 ok, 0 failed
  📚 book_lines: 0 rows written (change-only) across 0 book-events scanned
  📈 line_history: 0 rows written (server-side, always-write for Split sparkline)
======== [Fri 10/09/2026  2:15:03.67] exit=0 ======== 
 
======== [Fri 10/09/2026  2:30:02.25] line_poller start ======== 
=== Line poller 2026-10-09 2026-10-09T06:30:02Z ===
  0 context rows on slate
  2 upcoming events from slate endpoint (1 API call)
  ✓ polled 0 events, locked close_total on 0, skipped 0 in-progress
  📝 history writes: 0 ok, 0 failed
  📚 book_lines: 0 rows written (change-only) across 0 book-events scanned
  📈 line_history: 0 rows written (server-side, always-write for Split sparkline)
======== [Fri 10/09/2026  2:30:03.50] exit=0 ======== 
 
======== [Fri 10/09/2026  2:45:02.25] line_poller start ======== 
=== Line poller 2026-10-09 2026-10-09T06:45:02Z ===
  0 context rows on slate
  2 upcoming events from slate endpoint (1 API call)
  ✓ polled 0 events, locked close_total on 0, skipped 0 in-progress
  📝 history writes: 0 ok, 0 failed
  📚 book_lines: 0 rows written (change-only) across 0 book-events scanned
  📈 line_history: 0 rows written (server-side, always-write for Split sparkline)
======== [Fri 10/09/2026  2:45:03.54] exit=0 ======== 
 
======== [Fri 10/09/2026  3:00:02.27] line_poller start ======== 
=== Line poller 2026-10-09 2026-10-09T07:00:02Z ===
  0 context rows on slate
  2 upcoming events from slate endpoint (1 API call)
  ✓ polled 0 events, locked close_total on 0, skipped 0 in-progress
  📝 history writes: 0 ok, 0 failed
  📚 book_lines: 0 rows written (change-only) across 0 book-events scanned
  📈 line_history: 0 rows written (server-side, always-write for Split sparkline)
======== [Fri 10/09/2026  3:00:03.71] exit=0 ======== 
 
======== [Fri 10/09/2026  3:15:02.30] line_poller start ======== 
=== Line poller 2026-10-09 2026-10-09T07:15:02Z ===
  0 context rows on slate
  2 upcoming events from slate endpoint (1 API call)
  ✓ polled 0 events, locked close_total on 0, skipped 0 in-progress
  📝 history writes: 0 ok, 0 failed
  📚 book_lines: 0 rows written (change-only) across 0 book-events scanned
  📈 line_history: 0 rows written (server-side, always-write for Split sparkline)
======== [Fri 10/09/2026  3:15:03.64] exit=0 ======== 
 
======== [Fri 10/09/2026  3:30:02.30] line_poller start ======== 
=== Line poller 2026-10-09 2026-10-09T07:30:02Z ===
  0 context rows on slate
  2 upcoming events from slate endpoint (1 API call)
  ✓ polled 0 events, locked close_total on 0, skipped 0 in-progress
  📝 history writes: 0 ok, 0 failed
  📚 book_lines: 0 rows written (change-only) across 0 book-events scanned
  📈 line_history: 0 rows written (server-side, always-write for Split sparkline)
======== [Fri 10/09/2026  3:30:03.45] exit=0 ======== 
 
======== [Fri 10/09/2026  3:45:02.30] line_poller start ======== 
=== Line poller 2026-10-09 2026-10-09T07:45:02Z ===
  0 context rows on slate
  2 upcoming events from slate endpoint (1 API call)
  ✓ polled 0 events, locked close_total on 0, skipped 0 in-progress
  📝 history writes: 0 ok, 0 failed
  📚 book_lines: 0 rows written (change-only) across 0 book-events scanned
  📈 line_history: 0 rows written (server-side, always-write for Split sparkline)
======== [Fri 10/09/2026  3:45:03.87] exit=0 ======== 
 
======== [Fri 10/09/2026  4:00:02.30] line_poller start ======== 
=== Line poller 2026-10-09 2026-10-09T08:00:02Z ===
  0 context rows on slate
  2 upcoming events from slate endpoint (1 API call)
  ✓ polled 0 events, locked close_total on 0, skipped 0 in-progress
  📝 history writes: 0 ok, 0 failed
  📚 book_lines: 0 rows written (change-only) across 0 book-events scanned
  📈 line_history: 0 rows written (server-side, always-write for Split sparkline)
======== [Fri 10/09/2026  4:00:03.63] exit=0 ======== 
 
======== [Fri 10/09/2026  4:15:02.31] line_poller start ======== 
=== Line poller 2026-10-09 2026-10-09T08:15:02Z ===
  0 context rows on slate
  2 upcoming events from slate endpoint (1 API call)
  ✓ polled 0 events, locked close_total on 0, skipped 0 in-progress
  📝 history writes: 0 ok, 0 failed
  📚 book_lines: 0 rows written (change-only) across 0 book-events scanned
  📈 line_history: 0 rows written (server-side, always-write for Split sparkline)
======== [Fri 10/09/2026  4:15:03.70] exit=0 ======== 
 
======== [Fri 10/09/2026  4:30:02.30] line_poller start ======== 
=== Line poller 2026-10-09 2026-10-09T08:30:02Z ===
  0 context rows on slate
  2 upcoming events from slate endpoint (1 API call)
  ✓ polled 0 events, locked close_total on 0, skipped 0 in-progress
  📝 history writes: 0 ok, 0 failed
  📚 book_lines: 0 rows written (change-only) across 0 book-events scanned
  📈 line_history: 0 rows written (server-side, always-write for Split sparkline)
======== [Fri 10/09/2026  4:30:03.55] exit=0 ======== 
 
======== [Fri 10/09/2026  4:45:02.31] line_poller start ======== 
=== Line poller 2026-10-09 2026-10-09T08:45:02Z ===
  0 context rows on slate
  2 upcoming events from slate endpoint (1 API call)
  ✓ polled 0 events, locked close_total on 0, skipped 0 in-progress
  📝 history writes: 0 ok, 0 failed
  📚 book_lines: 0 rows written (change-only) across 0 book-events scanned
  📈 line_history: 0 rows written (server-side, always-write for Split sparkline)
======== [Fri 10/09/2026  4:45:03.65] exit=0 ======== 
 
======== [Fri 10/09/2026  5:00:02.33] line_poller start ======== 
=== Line poller 2026-10-09 2026-10-09T09:00:02Z ===
  0 context rows on slate
  2 upcoming events from slate endpoint (1 API call)
  ✓ polled 0 events, locked close_total on 0, skipped 0 in-progress
  📝 history writes: 0 ok, 0 failed
  📚 book_lines: 0 rows written (change-only) across 0 book-events scanned
  📈 line_history: 0 rows written (server-side, always-write for Split sparkline)
======== [Fri 10/09/2026  5:00:03.69] exit=0 ======== 
 
======== [Fri 10/09/2026  5:15:02.33] line_poller start ======== 
=== Line poller 2026-10-09 2026-10-09T09:15:02Z ===
  0 context rows on slate
  2 upcoming events from slate endpoint (1 API call)
  ✓ polled 0 events, locked close_total on 0, skipped 0 in-progress
  📝 history writes: 0 ok, 0 failed
  📚 book_lines: 0 rows written (change-only) across 0 book-events scanned
  📈 line_history: 0 rows written (server-side, always-write for Split sparkline)
======== [Fri 10/09/2026  5:15:03.78] exit=0 ======== 
 
======== [Fri 10/09/2026  5:30:02.34] line_poller start ======== 
=== Line poller 2026-10-09 2026-10-09T09:30:02Z ===
  0 context rows on slate
  2 upcoming events from slate endpoint (1 API call)
  ✓ polled 0 events, locked close_total on 0, skipped 0 in-progress
  📝 history writes: 0 ok, 0 failed
  📚 book_lines: 0 rows written (change-only) across 0 book-events scanned
  📈 line_history: 0 rows written (server-side, always-write for Split sparkline)
======== [Fri 10/09/2026  5:30:03.63] exit=0 ======== 
 
======== [Fri 10/09/2026  5:45:02.34] line_poller start ======== 
=== Line poller 2026-10-09 2026-10-09T09:45:02Z ===
  0 context rows on slate
  2 upcoming events from slate endpoint (1 API call)
  ✓ polled 0 events, locked close_total on 0, skipped 0 in-progress
  📝 history writes: 0 ok, 0 failed
  📚 book_lines: 0 rows written (change-only) across 0 book-events scanned
  📈 line_history: 0 rows written (server-side, always-write for Split sparkline)
======== [Fri 10/09/2026  5:45:03.68] exit=0 ======== 
 
======== [Fri 10/09/2026  6:00:02.34] line_poller start ======== 
=== Line poller 2026-10-09 2026-10-09T10:00:02Z ===
  0 context rows on slate
  2 upcoming events from slate endpoint (1 API call)
  ✓ polled 0 events, locked close_total on 0, skipped 0 in-progress
  📝 history writes: 0 ok, 0 failed
  📚 book_lines: 0 rows written (change-only) across 0 book-events scanned
  📈 line_history: 0 rows written (server-side, always-write for Split sparkline)
======== [Fri 10/09/2026  6:00:03.85] exit=0 ======== 
 
======== [Fri 10/09/2026  6:15:02.37] line_poller start ======== 
=== Line poller 2026-10-09 2026-10-09T10:15:02Z ===
  0 context rows on slate
  2 upcoming events from slate endpoint (1 API call)
  ✓ polled 0 events, locked close_total on 0, skipped 0 in-progress
  📝 history writes: 0 ok, 0 failed
  📚 book_lines: 0 rows written (change-only) across 0 book-events scanned
  📈 line_history: 0 rows written (server-side, always-write for Split sparkline)
======== [Fri 10/09/2026  6:15:03.68] exit=0 ======== 
 
======== [Fri 10/09/2026  6:30:02.39] line_poller start ======== 
=== Line poller 2026-10-09 2026-10-09T10:30:02Z ===
  0 context rows on slate
  2 upcoming events from slate endpoint (1 API call)
  ✓ polled 0 events, locked close_total on 0, skipped 0 in-progress
  📝 history writes: 0 ok, 0 failed
  📚 book_lines: 0 rows written (change-only) across 0 book-events scanned
  📈 line_history: 0 rows written (server-side, always-write for Split sparkline)
======== [Fri 10/09/2026  6:30:03.62] exit=0 ======== 
 
======== [Fri 10/09/2026  6:45:02.39] line_poller start ======== 
=== Line poller 2026-10-09 2026-10-09T10:45:02Z ===
  0 context rows on slate
  2 upcoming events from slate endpoint (1 API call)
  ✓ polled 0 events, locked close_total on 0, skipped 0 in-progress
  📝 history writes: 0 ok, 0 failed
  📚 book_lines: 0 rows written (change-only) across 0 book-events scanned
  📈 line_history: 0 rows written (server-side, always-write for Split sparkline)
======== [Fri 10/09/2026  6:45:04.12] exit=0 ======== 
 
======== [Fri 10/09/2026  7:00:02.37] line_poller start ======== 
=== Line poller 2026-10-09 2026-10-09T11:00:02Z ===
  0 context rows on slate
  2 upcoming events from slate endpoint (1 API call)
  ✓ polled 0 events, locked close_total on 0, skipped 0 in-progress
  📝 history writes: 0 ok, 0 failed
  📚 book_lines: 0 rows written (change-only) across 0 book-events scanned
  📈 line_history: 0 rows written (server-side, always-write for Split sparkline)
======== [Fri 10/09/2026  7:00:03.86] exit=0 ======== 
 
======== [Fri 10/09/2026  7:15:02.39] line_poller start ======== 
=== Line poller 2026-10-09 2026-10-09T11:15:02Z ===
  0 context rows on slate
  2 upcoming events from slate endpoint (1 API call)
  ✓ polled 0 events, locked close_total on 0, skipped 0 in-progress
  📝 history writes: 0 ok, 0 failed
  📚 book_lines: 0 rows written (change-only) across 0 book-events scanned
  📈 line_history: 0 rows written (server-side, always-write for Split sparkline)
======== [Fri 10/09/2026  7:15:03.52] exit=0 ======== 
 
======== [Fri 10/09/2026  7:30:02.38] line_poller start ======== 
=== Line poller 2026-10-09 2026-10-09T11:30:02Z ===
  0 context rows on slate
  2 upcoming events from slate endpoint (1 API call)
  ✓ polled 0 events, locked close_total on 0, skipped 0 in-progress
  📝 history writes: 0 ok, 0 failed
  📚 book_lines: 0 rows written (change-only) across 0 book-events scanned
  📈 line_history: 0 rows written (server-side, always-write for Split sparkline)
======== [Fri 10/09/2026  7:30:03.59] exit=0 ======== 
 
======== [Fri 10/09/2026  7:45:02.42] line_poller start ======== 
=== Line poller 2026-10-09 2026-10-09T11:45:02Z ===
  0 context rows on slate
  2 upcoming events from slate endpoint (1 API call)
  ✓ polled 0 events, locked close_total on 0, skipped 0 in-progress
  📝 history writes: 0 ok, 0 failed
  📚 book_lines: 0 rows written (change-only) across 0 book-events scanned
  📈 line_history: 0 rows written (server-side, always-write for Split sparkline)
======== [Fri 10/09/2026  7:45:03.80] exit=0 ======== 
 
======== [Fri 10/09/2026  8:00:01.42] line_poller start ======== 
=== Line poller 2026-10-09 2026-10-09T12:00:01Z ===
  0 context rows on slate
  2 upcoming events from slate endpoint (1 API call)
  ✓ polled 0 events, locked close_total on 0, skipped 0 in-progress
  📝 history writes: 0 ok, 0 failed
  📚 book_lines: 0 rows written (change-only) across 0 book-events scanned
  📈 line_history: 0 rows written (server-side, always-write for Split sparkline)
======== [Fri 10/09/2026  8:00:02.52] exit=0 ======== 
 
======== [Fri 10/09/2026  8:15:01.45] line_poller start ======== 
=== Line poller 2026-10-09 2026-10-09T12:15:01Z ===
  0 context rows on slate
  2 upcoming events from slate endpoint (1 API call)
  ✓ polled 0 events, locked close_total on 0, skipped 0 in-progress
  📝 history writes: 0 ok, 0 failed
  📚 book_lines: 0 rows written (change-only) across 0 book-events scanned
  📈 line_history: 0 rows written (server-side, always-write for Split sparkline)
======== [Fri 10/09/2026  8:15:02.83] exit=0 ======== 
 
======== [Fri 10/09/2026  8:30:01.45] line_poller start ======== 
=== Line poller 2026-10-09 2026-10-09T12:30:01Z ===
  0 context rows on slate
  2 upcoming events from slate endpoint (1 API call)
  ✓ polled 0 events, locked close_total on 0, skipped 0 in-progress
  📝 history writes: 0 ok, 0 failed
  📚 book_lines: 0 rows written (change-only) across 0 book-events scanned
  📈 line_history: 0 rows written (server-side, always-write for Split sparkline)
======== [Fri 10/09/2026  8:30:02.72] exit=0 ======== 
 
======== [Fri 10/09/2026  8:45:01.46] line_poller start ======== 
=== Line poller 2026-10-09 2026-10-09T12:45:01Z ===
  0 context rows on slate
  2 upcoming events from slate endpoint (1 API call)
  ✓ polled 0 events, locked close_total on 0, skipped 0 in-progress
  📝 history writes: 0 ok, 0 failed
  📚 book_lines: 0 rows written (change-only) across 0 book-events scanned
  📈 line_history: 0 rows written (server-side, always-write for Split sparkline)
======== [Fri 10/09/2026  8:45:17.50] exit=0 ======== 
 
======== [Fri 10/09/2026  9:00:01.45] line_poller start ======== 
=== Line poller 2026-10-09 2026-10-09T13:00:01Z ===
  0 context rows on slate
  2 upcoming events from slate endpoint (1 API call)
  ✓ polled 0 events, locked close_total on 0, skipped 0 in-progress
  📝 history writes: 0 ok, 0 failed
  📚 book_lines: 0 rows written (change-only) across 0 book-events scanned
  📈 line_history: 0 rows written (server-side, always-write for Split sparkline)
======== [Fri 10/09/2026  9:00:02.58] exit=0 ======== 
 
======== [Fri 10/09/2026  9:15:01.48] line_poller start ======== 
=== Line poller 2026-10-09 2026-10-09T13:15:01Z ===
  0 context rows on slate
  2 upcoming events from slate endpoint (1 API call)
  ✓ polled 0 events, locked close_total on 0, skipped 0 in-progress
  📝 history writes: 0 ok, 0 failed
  📚 book_lines: 0 rows written (change-only) across 0 book-events scanned
  📈 line_history: 0 rows written (server-side, always-write for Split sparkline)
======== [Fri 10/09/2026  9:15:02.98] exit=0 ======== 
 
======== [Fri 10/09/2026  9:30:01.49] line_poller start ======== 
=== Line poller 2026-10-09 2026-10-09T13:30:01Z ===
  0 context rows on slate
  2 upcoming events from slate endpoint (1 API call)
  ✓ polled 0 events, locked close_total on 0, skipped 0 in-progress
  📝 history writes: 0 ok, 0 failed
  📚 book_lines: 0 rows written (change-only) across 0 book-events scanned
  📈 line_history: 0 rows written (server-side, always-write for Split sparkline)
======== [Fri 10/09/2026  9:30:02.66] exit=0 ======== 
 
======== [Fri 10/09/2026  9:45:01.49] line_poller start ======== 
=== Line poller 2026-10-09 2026-10-09T13:45:01Z ===
  0 context rows on slate
  2 upcoming events from slate endpoint (1 API call)
  ✓ polled 0 events, locked close_total on 0, skipped 0 in-progress
  📝 history writes: 0 ok, 0 failed
  📚 book_lines: 0 rows written (change-only) across 0 book-events scanned
  📈 line_history: 0 rows written (server-side, always-write for Split sparkline)
======== [Fri 10/09/2026  9:45:02.72] exit=0 ======== 
 
======== [Fri 10/09/2026 10:00:01.48] line_poller start ======== 
=== Line poller 2026-10-09 2026-10-09T14:00:01Z ===
  0 context rows on slate
  2 upcoming events from slate endpoint (1 API call)
  ✓ polled 0 events, locked close_total on 0, skipped 0 in-progress
  📝 history writes: 0 ok, 0 failed
  📚 book_lines: 0 rows written (change-only) across 0 book-events scanned
  📈 line_history: 0 rows written (server-side, always-write for Split sparkline)
======== [Fri 10/09/2026 10:00:02.83] exit=0 ======== 
 
======== [Fri 10/09/2026 10:15:01.51] line_poller start ======== 
=== Line poller 2026-10-09 2026-10-09T14:15:01Z ===
  0 context rows on slate
  2 upcoming events from slate endpoint (1 API call)
  ✓ polled 0 events, locked close_total on 0, skipped 0 in-progress
  📝 history writes: 0 ok, 0 failed
  📚 book_lines: 0 rows written (change-only) across 0 book-events scanned
  📈 line_history: 0 rows written (server-side, always-write for Split sparkline)
======== [Fri 10/09/2026 10:15:03.12] exit=0 ======== 
 
======== [Fri 10/09/2026 10:30:01.51] line_poller start ======== 
=== Line poller 2026-10-09 2026-10-09T14:30:01Z ===
  0 context rows on slate
  2 upcoming events from slate endpoint (1 API call)
  ✓ polled 0 events, locked close_total on 0, skipped 0 in-progress
  📝 history writes: 0 ok, 0 failed
  📚 book_lines: 0 rows written (change-only) across 0 book-events scanned
  📈 line_history: 0 rows written (server-side, always-write for Split sparkline)
======== [Fri 10/09/2026 10:30:02.77] exit=0 ======== 
 
======== [Fri 10/09/2026 10:45:01.53] line_poller start ======== 
=== Line poller 2026-10-09 2026-10-09T14:45:01Z ===
  0 context rows on slate
  2 upcoming events from slate endpoint (1 API call)
  ✓ polled 0 events, locked close_total on 0, skipped 0 in-progress
  📝 history writes: 0 ok, 0 failed
  📚 book_lines: 0 rows written (change-only) across 0 book-events scanned
  📈 line_history: 0 rows written (server-side, always-write for Split sparkline)
======== [Fri 10/09/2026 10:45:02.73] exit=0 ======== 
 
======== [Fri 10/09/2026 11:00:01.49] line_poller start ======== 
=== Line poller 2026-10-09 2026-10-09T15:00:01Z ===
  0 context rows on slate
  ⚠️ slate odds fetch HTTP 502: Internal Server Error
  0 upcoming events from slate endpoint (1 API call)
  ✓ polled 0 events, locked close_total on 0, skipped 0 in-progress
  📝 history writes: 0 ok, 0 failed
  📚 book_lines: 0 rows written (change-only) across 0 book-events scanned
  📈 line_history: 0 rows written (server-side, always-write for Split sparkline)
======== [Fri 10/09/2026 11:00:14.74] exit=0 ======== 
 
======== [Fri 10/09/2026 11:15:01.53] line_poller start ======== 
=== Line poller 2026-10-09 2026-10-09T15:15:01Z ===
  0 context rows on slate
  2 upcoming events from slate endpoint (1 API call)
  ✓ polled 0 events, locked close_total on 0, skipped 0 in-progress
  📝 history writes: 0 ok, 0 failed
  📚 book_lines: 0 rows written (change-only) across 0 book-events scanned
  📈 line_history: 0 rows written (server-side, always-write for Split sparkline)
======== [Fri 10/09/2026 11:15:03.11] exit=0 ======== 
 
======== [Fri 10/09/2026 11:30:01.53] line_poller start ======== 
=== Line poller 2026-10-09 2026-10-09T15:30:01Z ===
  0 context rows on slate
  2 upcoming events from slate endpoint (1 API call)
  ✓ polled 0 events, locked close_total on 0, skipped 0 in-progress
  📝 history writes: 0 ok, 0 failed
  📚 book_lines: 0 rows written (change-only) across 0 book-events scanned
  📈 line_history: 0 rows written (server-side, always-write for Split sparkline)
======== [Fri 10/09/2026 11:30:02.67] exit=0 ======== 
 
======== [Fri 10/09/2026 11:45:01.53] line_poller start ======== 
=== Line poller 2026-10-09 2026-10-09T15:45:01Z ===
  0 context rows on slate
  2 upcoming events from slate endpoint (1 API call)
  ✓ polled 0 events, locked close_total on 0, skipped 0 in-progress
  📝 history writes: 0 ok, 0 failed
  📚 book_lines: 0 rows written (change-only) across 0 book-events scanned
  📈 line_history: 0 rows written (server-side, always-write for Split sparkline)
======== [Fri 10/09/2026 11:45:02.78] exit=0 ======== 
 
======== [Fri 10/09/2026 12:00:01.55] line_poller start ======== 
=== Line poller 2026-10-09 2026-10-09T16:00:01Z ===
  0 context rows on slate
  ⚠️ slate odds fetch HTTP 502: Internal Server Error
  0 upcoming events from slate endpoint (1 API call)
  ✓ polled 0 events, locked close_total on 0, skipped 0 in-progress
  📝 history writes: 0 ok, 0 failed
  📚 book_lines: 0 rows written (change-only) across 0 book-events scanned
  📈 line_history: 0 rows written (server-side, always-write for Split sparkline)
======== [Fri 10/09/2026 12:00:14.34] exit=0 ======== 
 
======== [Fri 10/09/2026 12:15:01.55] line_poller start ======== 
=== Line poller 2026-10-09 2026-10-09T16:15:01Z ===
  0 context rows on slate
  2 upcoming events from slate endpoint (1 API call)
  ✓ polled 0 events, locked close_total on 0, skipped 0 in-progress
  📝 history writes: 0 ok, 0 failed
  📚 book_lines: 0 rows written (change-only) across 0 book-events scanned
  📈 line_history: 0 rows written (server-side, always-write for Split sparkline)
======== [Fri 10/09/2026 12:15:02.88] exit=0 ======== 
 
======== [Fri 10/09/2026 12:30:01.34] line_poller start ======== 
=== Line poller 2026-10-09 2026-10-09T16:30:01Z ===
  0 context rows on slate
  2 upcoming events from slate endpoint (1 API call)
  ✓ polled 0 events, locked close_total on 0, skipped 0 in-progress
  📝 history writes: 0 ok, 0 failed
  📚 book_lines: 0 rows written (change-only) across 0 book-events scanned
  📈 line_history: 0 rows written (server-side, always-write for Split sparkline)
======== [Fri 10/09/2026 12:30:02.47] exit=0 ======== 
 
======== [Fri 10/09/2026 12:45:01.59] line_poller start ======== 
=== Line poller 2026-10-09 2026-10-09T16:45:01Z ===
  0 context rows on slate
  2 upcoming events from slate endpoint (1 API call)
  ✓ polled 0 events, locked close_total on 0, skipped 0 in-progress
  📝 history writes: 0 ok, 0 failed
  📚 book_lines: 0 rows written (change-only) across 0 book-events scanned
  📈 line_history: 0 rows written (server-side, always-write for Split sparkline)
======== [Fri 10/09/2026 12:45:03.67] exit=0 ======== 
 
======== [Fri 10/09/2026 13:00:01.60] line_poller start ======== 
=== Line poller 2026-10-09 2026-10-09T17:00:01Z ===
  0 context rows on slate
  2 upcoming events from slate endpoint (1 API call)
  ✓ polled 0 events, locked close_total on 0, skipped 0 in-progress
  📝 history writes: 0 ok, 0 failed
  📚 book_lines: 0 rows written (change-only) across 0 book-events scanned
  📈 line_history: 0 rows written (server-side, always-write for Split sparkline)
======== [Fri 10/09/2026 13:00:02.71] exit=0 ======== 
 
======== [Fri 10/09/2026 13:15:01.61] line_poller start ======== 
=== Line poller 2026-10-09 2026-10-09T17:15:01Z ===
  0 context rows on slate
  2 upcoming events from slate endpoint (1 API call)
  ✓ polled 0 events, locked close_total on 0, skipped 0 in-progress
  📝 history writes: 0 ok, 0 failed
  📚 book_lines: 0 rows written (change-only) across 0 book-events scanned
  📈 line_history: 0 rows written (server-side, always-write for Split sparkline)
======== [Fri 10/09/2026 13:15:03.19] exit=0 ======== 
 
======== [Fri 10/09/2026 13:30:01.57] line_poller start ======== 
=== Line poller 2026-10-09 2026-10-09T17:30:01Z ===
  0 context rows on slate
  2 upcoming events from slate endpoint (1 API call)
  ✓ polled 0 events, locked close_total on 0, skipped 0 in-progress
  📝 history writes: 0 ok, 0 failed
  📚 book_lines: 0 rows written (change-only) across 0 book-events scanned
  📈 line_history: 0 rows written (server-side, always-write for Split sparkline)
======== [Fri 10/09/2026 13:30:02.73] exit=0 ======== 
 
======== [Fri 10/09/2026 13:45:01.57] line_poller start ======== 
=== Line poller 2026-10-09 2026-10-09T17:45:01Z ===
  0 context rows on slate
  2 upcoming events from slate endpoint (1 API call)
  ✓ polled 0 events, locked close_total on 0, skipped 0 in-progress
  📝 history writes: 0 ok, 0 failed
  📚 book_lines: 0 rows written (change-only) across 0 book-events scanned
  📈 line_history: 0 rows written (server-side, always-write for Split sparkline)
======== [Fri 10/09/2026 13:45:02.76] exit=0 ======== 
 
======== [Fri 10/09/2026 14:00:01.42] line_poller start ======== 
=== Line poller 2026-10-09 2026-10-09T18:00:01Z ===
  0 context rows on slate
  2 upcoming events from slate endpoint (1 API call)
  ✓ polled 0 events, locked close_total on 0, skipped 0 in-progress
  📝 history writes: 0 ok, 0 failed
  📚 book_lines: 0 rows written (change-only) across 0 book-events scanned
  📈 line_history: 0 rows written (server-side, always-write for Split sparkline)
======== [Fri 10/09/2026 14:00:02.65] exit=0 ======== 
 
======== [Fri 10/09/2026 15:28:32.02] line_poller start ======== 
=== Line poller 2026-10-09 2026-10-09T19:28:32Z ===
  0 context rows on slate
  2 upcoming events from slate endpoint (1 API call)
  ✓ polled 0 events, locked close_total on 0, skipped 0 in-progress
  📝 history writes: 0 ok, 0 failed
  📚 book_lines: 0 rows written (change-only) across 0 book-events scanned
  📈 line_history: 0 rows written (server-side, always-write for Split sparkline)
======== [Fri 10/09/2026 15:28:33.71] exit=0 ======== 
 
======== [Fri 10/09/2026 15:30:02.18] line_poller start ======== 
=== Line poller 2026-10-09 2026-10-09T19:30:02Z ===
  0 context rows on slate
  2 upcoming events from slate endpoint (1 API call)
  ✓ polled 0 events, locked close_total on 0, skipped 0 in-progress
  📝 history writes: 0 ok, 0 failed
  📚 book_lines: 0 rows written (change-only) across 0 book-events scanned
  📈 line_history: 0 rows written (server-side, always-write for Split sparkline)
======== [Fri 10/09/2026 15:30:03.85] exit=0 ======== 
 
======== [Fri 10/09/2026 15:45:02.41] line_poller start ======== 
=== Line poller 2026-10-09 2026-10-09T19:45:02Z ===
  0 context rows on slate
  2 upcoming events from slate endpoint (1 API call)
  ✓ polled 0 events, locked close_total on 0, skipped 0 in-progress
  📝 history writes: 0 ok, 0 failed
  📚 book_lines: 0 rows written (change-only) across 0 book-events scanned
  📈 line_history: 0 rows written (server-side, always-write for Split sparkline)
======== [Fri 10/09/2026 15:45:03.60] exit=0 ======== 
 
======== [Fri 10/09/2026 16:00:02.17] line_poller start ======== 
=== Line poller 2026-10-09 2026-10-09T20:00:02Z ===
  0 context rows on slate
  2 upcoming events from slate endpoint (1 API call)
  ✓ polled 0 events, locked close_total on 0, skipped 0 in-progress
  📝 history writes: 0 ok, 0 failed
  📚 book_lines: 0 rows written (change-only) across 0 book-events scanned
  📈 line_history: 0 rows written (server-side, always-write for Split sparkline)
======== [Fri 10/09/2026 16:00:03.59] exit=0 ======== 
 
======== [Fri 10/09/2026 16:15:02.40] line_poller start ======== 
=== Line poller 2026-10-09 2026-10-09T20:15:02Z ===
  0 context rows on slate
  2 upcoming events from slate endpoint (1 API call)
  ✓ polled 0 events, locked close_total on 0, skipped 0 in-progress
  📝 history writes: 0 ok, 0 failed
  📚 book_lines: 0 rows written (change-only) across 0 book-events scanned
  📈 line_history: 0 rows written (server-side, always-write for Split sparkline)
======== [Fri 10/09/2026 16:15:05.78] exit=0 ======== 
 
======== [Fri 10/09/2026 16:30:02.38] line_poller start ======== 
=== Line poller 2026-10-09 2026-10-09T20:30:02Z ===
  0 context rows on slate
  2 upcoming events from slate endpoint (1 API call)
  ✓ polled 0 events, locked close_total on 0, skipped 0 in-progress
  📝 history writes: 0 ok, 0 failed
  📚 book_lines: 0 rows written (change-only) across 0 book-events scanned
  📈 line_history: 0 rows written (server-side, always-write for Split sparkline)
======== [Fri 10/09/2026 16:30:07.74] exit=0 ======== 
 
======== [Fri 10/09/2026 16:45:02.46] line_poller start ======== 
=== Line poller 2026-10-09 2026-10-09T20:45:02Z ===
  0 context rows on slate
  2 upcoming events from slate endpoint (1 API call)
  ✓ polled 0 events, locked close_total on 0, skipped 0 in-progress
  📝 history writes: 0 ok, 0 failed
  📚 book_lines: 0 rows written (change-only) across 0 book-events scanned
  📈 line_history: 0 rows written (server-side, always-write for Split sparkline)
======== [Fri 10/09/2026 16:45:04.03] exit=0 ======== 
 
======== [Fri 10/09/2026 17:00:02.40] line_poller start ======== 
=== Line poller 2026-10-09 2026-10-09T21:00:02Z ===
  0 context rows on slate
  2 upcoming events from slate endpoint (1 API call)
  ✓ polled 0 events, locked close_total on 0, skipped 0 in-progress
  📝 history writes: 0 ok, 0 failed
  📚 book_lines: 0 rows written (change-only) across 0 book-events scanned
  📈 line_history: 0 rows written (server-side, always-write for Split sparkline)
======== [Fri 10/09/2026 17:00:03.60] exit=0 ======== 
 
======== [Fri 10/09/2026 17:15:01.43] line_poller start ======== 
=== Line poller 2026-10-09 2026-10-09T21:15:01Z ===
  0 context rows on slate
  2 upcoming events from slate endpoint (1 API call)
  ✓ polled 0 events, locked close_total on 0, skipped 0 in-progress
  📝 history writes: 0 ok, 0 failed
  📚 book_lines: 0 rows written (change-only) across 0 book-events scanned
  📈 line_history: 0 rows written (server-side, always-write for Split sparkline)
======== [Fri 10/09/2026 17:15:02.67] exit=0 ======== 
 
======== [Fri 10/09/2026 17:30:01.24] line_poller start ======== 
=== Line poller 2026-10-09 2026-10-09T21:30:01Z ===
  0 context rows on slate
  2 upcoming events from slate endpoint (1 API call)
  ✓ polled 0 events, locked close_total on 0, skipped 0 in-progress
  📝 history writes: 0 ok, 0 failed
  📚 book_lines: 0 rows written (change-only) across 0 book-events scanned
  📈 line_history: 0 rows written (server-side, always-write for Split sparkline)
======== [Fri 10/09/2026 17:30:02.42] exit=0 ======== 
 
======== [Fri 10/09/2026 17:45:01.46] line_poller start ======== 
=== Line poller 2026-10-09 2026-10-09T21:45:01Z ===
  0 context rows on slate
  2 upcoming events from slate endpoint (1 API call)
  ✓ polled 0 events, locked close_total on 0, skipped 0 in-progress
  📝 history writes: 0 ok, 0 failed
  📚 book_lines: 0 rows written (change-only) across 0 book-events scanned
  📈 line_history: 0 rows written (server-side, always-write for Split sparkline)
======== [Fri 10/09/2026 17:45:02.69] exit=0 ======== 
 
======== [Fri 10/09/2026 18:00:01.45] line_poller start ======== 
=== Line poller 2026-10-09 2026-10-09T22:00:01Z ===
  0 context rows on slate
  2 upcoming events from slate endpoint (1 API call)
  ✓ polled 0 events, locked close_total on 0, skipped 0 in-progress
  📝 history writes: 0 ok, 0 failed
  📚 book_lines: 0 rows written (change-only) across 0 book-events scanned
  📈 line_history: 0 rows written (server-side, always-write for Split sparkline)
======== [Fri 10/09/2026 18:00:14.67] exit=0 ======== 
 
======== [Fri 10/09/2026 18:15:01.47] line_poller start ======== 
=== Line poller 2026-10-09 2026-10-09T22:15:01Z ===
  0 context rows on slate
  2 upcoming events from slate endpoint (1 API call)
  ✓ polled 0 events, locked close_total on 0, skipped 0 in-progress
  📝 history writes: 0 ok, 0 failed
  📚 book_lines: 0 rows written (change-only) across 0 book-events scanned
  📈 line_history: 0 rows written (server-side, always-write for Split sparkline)
======== [Fri 10/09/2026 18:15:02.80] exit=0 ======== 
 
======== [Fri 10/09/2026 18:30:01.48] line_poller start ======== 
=== Line poller 2026-10-09 2026-10-09T22:30:01Z ===
  0 context rows on slate
  2 upcoming events from slate endpoint (1 API call)
  ✓ polled 0 events, locked close_total on 0, skipped 0 in-progress
  📝 history writes: 0 ok, 0 failed
  📚 book_lines: 0 rows written (change-only) across 0 book-events scanned
  📈 line_history: 0 rows written (server-side, always-write for Split sparkline)
======== [Fri 10/09/2026 18:30:02.70] exit=0 ======== 
 
======== [Fri 10/09/2026 18:45:01.53] line_poller start ======== 
=== Line poller 2026-10-09 2026-10-09T22:45:01Z ===
  0 context rows on slate
  2 upcoming events from slate endpoint (1 API call)
  ✓ polled 0 events, locked close_total on 0, skipped 0 in-progress
  📝 history writes: 0 ok, 0 failed
  📚 book_lines: 0 rows written (change-only) across 0 book-events scanned
  📈 line_history: 0 rows written (server-side, always-write for Split sparkline)
======== [Fri 10/09/2026 18:45:02.65] exit=0 ======== 
 
======== [Fri 10/09/2026 19:00:01.52] line_poller start ======== 
=== Line poller 2026-10-09 2026-10-09T23:00:01Z ===
  0 context rows on slate
  2 upcoming events from slate endpoint (1 API call)
  ✓ polled 0 events, locked close_total on 0, skipped 0 in-progress
  📝 history writes: 0 ok, 0 failed
  📚 book_lines: 0 rows written (change-only) across 0 book-events scanned
  📈 line_history: 0 rows written (server-side, always-write for Split sparkline)
======== [Fri 10/09/2026 19:00:02.69] exit=0 ======== 
 
======== [Fri 10/09/2026 19:15:01.50] line_poller start ======== 
=== Line poller 2026-10-09 2026-10-09T23:15:01Z ===
  0 context rows on slate
  2 upcoming events from slate endpoint (1 API call)
  ✓ polled 0 events, locked close_total on 0, skipped 0 in-progress
  📝 history writes: 0 ok, 0 failed
  📚 book_lines: 0 rows written (change-only) across 0 book-events scanned
  📈 line_history: 0 rows written (server-side, always-write for Split sparkline)
======== [Fri 10/09/2026 19:15:02.79] exit=0 ======== 
 
======== [Fri 10/09/2026 19:30:01.50] line_poller start ======== 
=== Line poller 2026-10-09 2026-10-09T23:30:01Z ===
  0 context rows on slate
  2 upcoming events from slate endpoint (1 API call)
  ✓ polled 0 events, locked close_total on 0, skipped 0 in-progress
  📝 history writes: 0 ok, 0 failed
  📚 book_lines: 0 rows written (change-only) across 0 book-events scanned
  📈 line_history: 0 rows written (server-side, always-write for Split sparkline)
======== [Fri 10/09/2026 19:30:02.68] exit=0 ======== 
 
======== [Fri 10/09/2026 19:45:01.51] line_poller start ======== 
=== Line poller 2026-10-09 2026-10-09T23:45:01Z ===
  0 context rows on slate
  2 upcoming events from slate endpoint (1 API call)
  ✓ polled 0 events, locked close_total on 0, skipped 0 in-progress
  📝 history writes: 0 ok, 0 failed
  📚 book_lines: 0 rows written (change-only) across 0 book-events scanned
  📈 line_history: 0 rows written (server-side, always-write for Split sparkline)
======== [Fri 10/09/2026 19:45:02.93] exit=0 ======== 
 
======== [Fri 10/09/2026 20:00:01.59] line_poller start ======== 
=== Line poller 2026-10-09 2026-10-10T00:00:01Z ===
  0 context rows on slate
  ⚠️ slate odds fetch HTTP 502: Internal Server Error
  0 upcoming events from slate endpoint (1 API call)
  ✓ polled 0 events, locked close_total on 0, skipped 0 in-progress
  📝 history writes: 0 ok, 0 failed
  📚 book_lines: 0 rows written (change-only) across 0 book-events scanned
  📈 line_history: 0 rows written (server-side, always-write for Split sparkline)
======== [Fri 10/09/2026 20:00:14.56] exit=0 ======== 
 
======== [Fri 10/09/2026 20:15:01.57] line_poller start ======== 
=== Line poller 2026-10-09 2026-10-10T00:15:01Z ===
  0 context rows on slate
  2 upcoming events from slate endpoint (1 API call)
  ✓ polled 0 events, locked close_total on 0, skipped 0 in-progress
  📝 history writes: 0 ok, 0 failed
  📚 book_lines: 0 rows written (change-only) across 0 book-events scanned
  📈 line_history: 0 rows written (server-side, always-write for Split sparkline)
======== [Fri 10/09/2026 20:15:02.63] exit=0 ======== 
 
======== [Fri 10/09/2026 20:30:01.53] line_poller start ======== 
=== Line poller 2026-10-09 2026-10-10T00:30:01Z ===
  0 context rows on slate
  2 upcoming events from slate endpoint (1 API call)
  ✓ polled 0 events, locked close_total on 0, skipped 0 in-progress
  📝 history writes: 0 ok, 0 failed
  📚 book_lines: 0 rows written (change-only) across 0 book-events scanned
  📈 line_history: 0 rows written (server-side, always-write for Split sparkline)
======== [Fri 10/09/2026 20:30:02.71] exit=0 ======== 
 
======== [Fri 10/09/2026 20:45:01.53] line_poller start ======== 
=== Line poller 2026-10-09 2026-10-10T00:45:01Z ===
  0 context rows on slate
  2 upcoming events from slate endpoint (1 API call)
  ✓ polled 0 events, locked close_total on 0, skipped 0 in-progress
  📝 history writes: 0 ok, 0 failed
  📚 book_lines: 0 rows written (change-only) across 0 book-events scanned
  📈 line_history: 0 rows written (server-side, always-write for Split sparkline)
======== [Fri 10/09/2026 20:45:02.99] exit=0 ======== 
 
======== [Fri 10/09/2026 21:00:01.56] line_poller start ======== 
=== Line poller 2026-10-09 2026-10-10T01:00:01Z ===
  0 context rows on slate
  ⚠️ slate odds fetch HTTP 502: Internal Server Error
  0 upcoming events from slate endpoint (1 API call)
  ✓ polled 0 events, locked close_total on 0, skipped 0 in-progress
  📝 history writes: 0 ok, 0 failed
  📚 book_lines: 0 rows written (change-only) across 0 book-events scanned
  📈 line_history: 0 rows written (server-side, always-write for Split sparkline)
======== [Fri 10/09/2026 21:00:14.72] exit=0 ======== 
 
======== [Fri 10/09/2026 21:15:01.58] line_poller start ======== 
=== Line poller 2026-10-09 2026-10-10T01:15:01Z ===
  0 context rows on slate
  2 upcoming events from slate endpoint (1 API call)
  ✓ polled 0 events, locked close_total on 0, skipped 0 in-progress
  📝 history writes: 0 ok, 0 failed
  📚 book_lines: 0 rows written (change-only) across 0 book-events scanned
  📈 line_history: 0 rows written (server-side, always-write for Split sparkline)
======== [Fri 10/09/2026 21:15:02.88] exit=0 ======== 
 
======== [Fri 10/09/2026 21:30:01.56] line_poller start ======== 
=== Line poller 2026-10-09 2026-10-10T01:30:01Z ===
  0 context rows on slate
  2 upcoming events from slate endpoint (1 API call)
  ✓ polled 0 events, locked close_total on 0, skipped 0 in-progress
  📝 history writes: 0 ok, 0 failed
  📚 book_lines: 0 rows written (change-only) across 0 book-events scanned
  📈 line_history: 0 rows written (server-side, always-write for Split sparkline)
======== [Fri 10/09/2026 21:30:02.64] exit=0 ======== 
 
======== [Fri 10/09/2026 21:45:01.58] line_poller start ======== 
=== Line poller 2026-10-09 2026-10-10T01:45:01Z ===
  0 context rows on slate
  2 upcoming events from slate endpoint (1 API call)
  ✓ polled 0 events, locked close_total on 0, skipped 0 in-progress
  📝 history writes: 0 ok, 0 failed
  📚 book_lines: 0 rows written (change-only) across 0 book-events scanned
  📈 line_history: 0 rows written (server-side, always-write for Split sparkline)
======== [Fri 10/09/2026 21:45:02.81] exit=0 ======== 
 
======== [Fri 10/09/2026 22:00:01.58] line_poller start ======== 
=== Line poller 2026-10-09 2026-10-10T02:00:01Z ===
  0 context rows on slate
  2 upcoming events from slate endpoint (1 API call)
  ✓ polled 0 events, locked close_total on 0, skipped 0 in-progress
  📝 history writes: 0 ok, 0 failed
  📚 book_lines: 0 rows written (change-only) across 0 book-events scanned
  📈 line_history: 0 rows written (server-side, always-write for Split sparkline)
======== [Fri 10/09/2026 22:00:02.74] exit=0 ======== 
 
======== [Fri 10/09/2026 22:15:01.62] line_poller start ======== 
=== Line poller 2026-10-09 2026-10-10T02:15:01Z ===
  0 context rows on slate
  2 upcoming events from slate endpoint (1 API call)
  ✓ polled 0 events, locked close_total on 0, skipped 0 in-progress
  📝 history writes: 0 ok, 0 failed
  📚 book_lines: 0 rows written (change-only) across 0 book-events scanned
  📈 line_history: 0 rows written (server-side, always-write for Split sparkline)
======== [Fri 10/09/2026 22:15:02.76] exit=0 ======== 
 
======== [Fri 10/09/2026 22:30:01.60] line_poller start ======== 
=== Line poller 2026-10-09 2026-10-10T02:30:01Z ===
  0 context rows on slate
  2 upcoming events from slate endpoint (1 API call)
  ✓ polled 0 events, locked close_total on 0, skipped 0 in-progress
  📝 history writes: 0 ok, 0 failed
  📚 book_lines: 0 rows written (change-only) across 0 book-events scanned
  📈 line_history: 0 rows written (server-side, always-write for Split sparkline)
======== [Fri 10/09/2026 22:30:02.96] exit=0 ======== 
 
======== [Fri 10/09/2026 22:45:01.69] line_poller start ======== 
=== Line poller 2026-10-09 2026-10-10T02:45:01Z ===
  0 context rows on slate
  2 upcoming events from slate endpoint (1 API call)
  ✓ polled 0 events, locked close_total on 0, skipped 0 in-progress
  📝 history writes: 0 ok, 0 failed
  📚 book_lines: 0 rows written (change-only) across 0 book-events scanned
  📈 line_history: 0 rows written (server-side, always-write for Split sparkline)
======== [Fri 10/09/2026 22:45:03.44] exit=0 ======== 
 
======== [Fri 10/09/2026 23:23:29.57] line_poller start ======== 
=== Line poller 2026-10-09 2026-10-10T03:23:29Z ===
  0 context rows on slate
  2 upcoming events from slate endpoint (1 API call)
  ✓ polled 0 events, locked close_total on 0, skipped 0 in-progress
  📝 history writes: 0 ok, 0 failed
  📚 book_lines: 0 rows written (change-only) across 0 book-events scanned
  📈 line_history: 0 rows written (server-side, always-write for Split sparkline)
======== [Fri 10/09/2026 23:23:31.33] exit=0 ======== 
 
======== [Fri 10/09/2026 23:30:02.31] line_poller start ======== 
=== Line poller 2026-10-09 2026-10-10T03:30:02Z ===
  0 context rows on slate
  2 upcoming events from slate endpoint (1 API call)
  ✓ polled 0 events, locked close_total on 0, skipped 0 in-progress
  📝 history writes: 0 ok, 0 failed
  📚 book_lines: 0 rows written (change-only) across 0 book-events scanned
  📈 line_history: 0 rows written (server-side, always-write for Split sparkline)
======== [Fri 10/09/2026 23:30:03.35] exit=0 ======== 
 
======== [Fri 10/09/2026 23:45:02.33] line_poller start ======== 
=== Line poller 2026-10-09 2026-10-10T03:45:02Z ===
  0 context rows on slate
  2 upcoming events from slate endpoint (1 API call)
  ✓ polled 0 events, locked close_total on 0, skipped 0 in-progress
  📝 history writes: 0 ok, 0 failed
  📚 book_lines: 0 rows written (change-only) across 0 book-events scanned
  📈 line_history: 0 rows written (server-side, always-write for Split sparkline)
======== [Fri 10/09/2026 23:45:03.42] exit=0 ======== 
 
======== [Sat 10/10/2026  0:00:02.31] line_poller start ======== 
=== Line poller 2026-10-10 2026-10-10T04:00:02Z ===
  1 context rows on slate
  2 upcoming events from slate endpoint (1 API call)
  ✓ polled 1 events, locked close_total on 0, skipped 0 in-progress
  📝 history writes: 1 ok, 0 failed
  📚 book_lines: 57 rows written (change-only) across 19 book-events scanned
  📈 line_history: 114 rows written (server-side, always-write for Split sparkline)
======== [Sat 10/10/2026  0:00:26.23] exit=0 ======== 
 
======== [Sat 10/10/2026  0:15:02.32] line_poller start ======== 
=== Line poller 2026-10-10 2026-10-10T04:15:02Z ===
  1 context rows on slate
  2 upcoming events from slate endpoint (1 API call)
  ✓ polled 1 events, locked close_total on 0, skipped 0 in-progress
  📝 history writes: 1 ok, 0 failed
  📚 book_lines: 1 rows written (change-only) across 19 book-events scanned
  📈 line_history: 114 rows written (server-side, always-write for Split sparkline)
======== [Sat 10/10/2026  0:15:26.35] exit=0 ======== 
 
======== [Sat 10/10/2026  0:30:02.32] line_poller start ======== 
=== Line poller 2026-10-10 2026-10-10T04:30:02Z ===
  1 context rows on slate
  2 upcoming events from slate endpoint (1 API call)
  ✓ polled 1 events, locked close_total on 0, skipped 0 in-progress
  📝 history writes: 1 ok, 0 failed
  📚 book_lines: 9 rows written (change-only) across 19 book-events scanned
  📈 line_history: 114 rows written (server-side, always-write for Split sparkline)
======== [Sat 10/10/2026  0:30:24.48] exit=0 ======== 
 
======== [Sat 10/10/2026  0:45:02.34] line_poller start ======== 
=== Line poller 2026-10-10 2026-10-10T04:45:02Z ===
  1 context rows on slate
  2 upcoming events from slate endpoint (1 API call)
  ✓ polled 1 events, locked close_total on 0, skipped 0 in-progress
  📝 history writes: 1 ok, 0 failed
  📚 book_lines: 1 rows written (change-only) across 19 book-events scanned
  📈 line_history: 114 rows written (server-side, always-write for Split sparkline)
======== [Sat 10/10/2026  0:45:25.80] exit=0 ======== 
 
======== [Sat 10/10/2026  1:00:02.37] line_poller start ======== 
=== Line poller 2026-10-10 2026-10-10T05:00:02Z ===
  1 context rows on slate
  2 upcoming events from slate endpoint (1 API call)
  ✓ polled 1 events, locked close_total on 0, skipped 0 in-progress
  📝 history writes: 1 ok, 0 failed
  📚 book_lines: 3 rows written (change-only) across 19 book-events scanned
  📈 line_history: 114 rows written (server-side, always-write for Split sparkline)
======== [Sat 10/10/2026  1:00:25.28] exit=0 ======== 
 
======== [Sat 10/10/2026  1:15:02.37] line_poller start ======== 
=== Line poller 2026-10-10 2026-10-10T05:15:02Z ===
  1 context rows on slate
  2 upcoming events from slate endpoint (1 API call)
  ✓ polled 1 events, locked close_total on 0, skipped 0 in-progress
  📝 history writes: 1 ok, 0 failed
  📚 book_lines: 3 rows written (change-only) across 19 book-events scanned
  📈 line_history: 110 rows written (server-side, always-write for Split sparkline)
======== [Sat 10/10/2026  1:15:24.40] exit=0 ======== 
 
======== [Sat 10/10/2026  1:30:02.39] line_poller start ======== 
=== Line poller 2026-10-10 2026-10-10T05:30:02Z ===
  1 context rows on slate
  2 upcoming events from slate endpoint (1 API call)
  ✓ polled 1 events, locked close_total on 0, skipped 0 in-progress
  📝 history writes: 1 ok, 0 failed
  📚 book_lines: 5 rows written (change-only) across 17 book-events scanned
  📈 line_history: 102 rows written (server-side, always-write for Split sparkline)
======== [Sat 10/10/2026  1:30:22.67] exit=0 ======== 
 
======== [Sat 10/10/2026  1:45:02.41] line_poller start ======== 
=== Line poller 2026-10-10 2026-10-10T05:45:02Z ===
  1 context rows on slate
  2 upcoming events from slate endpoint (1 API call)
  ✓ polled 1 events, locked close_total on 0, skipped 0 in-progress
  📝 history writes: 1 ok, 0 failed
  📚 book_lines: 6 rows written (change-only) across 19 book-events scanned
  📈 line_history: 114 rows written (server-side, always-write for Split sparkline)
======== [Sat 10/10/2026  1:45:25.62] exit=0 ======== 
 
======== [Sat 10/10/2026  2:00:02.39] line_poller start ======== 
=== Line poller 2026-10-10 2026-10-10T06:00:02Z ===
  1 context rows on slate
  2 upcoming events from slate endpoint (1 API call)
  ✓ polled 1 events, locked close_total on 0, skipped 0 in-progress
  📝 history writes: 1 ok, 0 failed
  📚 book_lines: 2 rows written (change-only) across 19 book-events scanned
  📈 line_history: 114 rows written (server-side, always-write for Split sparkline)
======== [Sat 10/10/2026  2:00:24.97] exit=0 ======== 
 
======== [Sat 10/10/2026  2:15:02.41] line_poller start ======== 
=== Line poller 2026-10-10 2026-10-10T06:15:02Z ===
  1 context rows on slate
  2 upcoming events from slate endpoint (1 API call)
  ✓ polled 1 events, locked close_total on 0, skipped 0 in-progress
  📝 history writes: 1 ok, 0 failed
  📚 book_lines: 8 rows written (change-only) across 19 book-events scanned
  📈 line_history: 114 rows written (server-side, always-write for Split sparkline)
======== [Sat 10/10/2026  2:15:25.72] exit=0 ======== 
 
======== [Sat 10/10/2026  2:30:01.41] line_poller start ======== 
=== Line poller 2026-10-10 2026-10-10T06:30:01Z ===
  1 context rows on slate
  2 upcoming events from slate endpoint (1 API call)
  ✓ polled 1 events, locked close_total on 0, skipped 0 in-progress
  📝 history writes: 1 ok, 0 failed
  📚 book_lines: 0 rows written (change-only) across 16 book-events scanned
  📈 line_history: 96 rows written (server-side, always-write for Split sparkline)
======== [Sat 10/10/2026  2:30:20.61] exit=0 ======== 
 
======== [Sat 10/10/2026  2:45:01.43] line_poller start ======== 
=== Line poller 2026-10-10 2026-10-10T06:45:01Z ===
  1 context rows on slate
  2 upcoming events from slate endpoint (1 API call)
  ✓ polled 1 events, locked close_total on 0, skipped 0 in-progress
  📝 history writes: 1 ok, 0 failed
  📚 book_lines: 11 rows written (change-only) across 19 book-events scanned
  📈 line_history: 114 rows written (server-side, always-write for Split sparkline)
======== [Sat 10/10/2026  2:45:24.56] exit=0 ======== 
 
======== [Sat 10/10/2026  3:00:01.42] line_poller start ======== 
=== Line poller 2026-10-10 2026-10-10T07:00:01Z ===
  1 context rows on slate
  2 upcoming events from slate endpoint (1 API call)
  ✓ polled 1 events, locked close_total on 0, skipped 0 in-progress
  📝 history writes: 1 ok, 0 failed
  📚 book_lines: 4 rows written (change-only) across 19 book-events scanned
  📈 line_history: 114 rows written (server-side, always-write for Split sparkline)
======== [Sat 10/10/2026  3:00:25.01] exit=0 ======== 
 
======== [Sat 10/10/2026  3:15:01.43] line_poller start ======== 
=== Line poller 2026-10-10 2026-10-10T07:15:01Z ===
  1 context rows on slate
  2 upcoming events from slate endpoint (1 API call)
  ✓ polled 1 events, locked close_total on 0, skipped 0 in-progress
  📝 history writes: 1 ok, 0 failed
  📚 book_lines: 0 rows written (change-only) across 19 book-events scanned
  📈 line_history: 114 rows written (server-side, always-write for Split sparkline)
======== [Sat 10/10/2026  3:15:25.28] exit=0 ======== 
 
======== [Sat 10/10/2026  3:30:01.45] line_poller start ======== 
=== Line poller 2026-10-10 2026-10-10T07:30:01Z ===
  1 context rows on slate
  2 upcoming events from slate endpoint (1 API call)
  ✓ polled 1 events, locked close_total on 0, skipped 0 in-progress
  📝 history writes: 1 ok, 0 failed
  📚 book_lines: 1 rows written (change-only) across 19 book-events scanned
  📈 line_history: 114 rows written (server-side, always-write for Split sparkline)
======== [Sat 10/10/2026  3:30:23.99] exit=0 ======== 
 
======== [Sat 10/10/2026  3:45:01.43] line_poller start ======== 
=== Line poller 2026-10-10 2026-10-10T07:45:01Z ===
  1 context rows on slate
  2 upcoming events from slate endpoint (1 API call)
  ✓ polled 1 events, locked close_total on 0, skipped 0 in-progress
  📝 history writes: 1 ok, 0 failed
  📚 book_lines: 1 rows written (change-only) across 19 book-events scanned
  📈 line_history: 114 rows written (server-side, always-write for Split sparkline)
======== [Sat 10/10/2026  3:45:24.58] exit=0 ======== 
 
======== [Sat 10/10/2026  4:00:01.44] line_poller start ======== 
=== Line poller 2026-10-10 2026-10-10T08:00:01Z ===
  1 context rows on slate
  2 upcoming events from slate endpoint (1 API call)
  ✓ polled 1 events, locked close_total on 0, skipped 0 in-progress
  📝 history writes: 1 ok, 0 failed
  📚 book_lines: 1 rows written (change-only) across 19 book-events scanned
  📈 line_history: 114 rows written (server-side, always-write for Split sparkline)
======== [Sat 10/10/2026  4:00:24.76] exit=0 ======== 
 
======== [Sat 10/10/2026  4:15:01.44] line_poller start ======== 
=== Line poller 2026-10-10 2026-10-10T08:15:01Z ===
  1 context rows on slate
  2 upcoming events from slate endpoint (1 API call)
  ✓ polled 1 events, locked close_total on 0, skipped 0 in-progress
  📝 history writes: 1 ok, 0 failed
  📚 book_lines: 1 rows written (change-only) across 19 book-events scanned
  📈 line_history: 114 rows written (server-side, always-write for Split sparkline)
======== [Sat 10/10/2026  4:15:24.53] exit=0 ======== 
 
======== [Sat 10/10/2026  4:30:01.46] line_poller start ======== 
=== Line poller 2026-10-10 2026-10-10T08:30:01Z ===
  1 context rows on slate
  2 upcoming events from slate endpoint (1 API call)
  ✓ polled 1 events, locked close_total on 0, skipped 0 in-progress
  📝 history writes: 1 ok, 0 failed
  📚 book_lines: 0 rows written (change-only) across 19 book-events scanned
  📈 line_history: 114 rows written (server-side, always-write for Split sparkline)
======== [Sat 10/10/2026  4:30:23.66] exit=0 ======== 
 
======== [Sat 10/10/2026  4:45:01.46] line_poller start ======== 
=== Line poller 2026-10-10 2026-10-10T08:45:01Z ===
  1 context rows on slate
  2 upcoming events from slate endpoint (1 API call)
  ✓ polled 1 events, locked close_total on 0, skipped 0 in-progress
  📝 history writes: 1 ok, 0 failed
  📚 book_lines: 0 rows written (change-only) across 19 book-events scanned
  📈 line_history: 114 rows written (server-side, always-write for Split sparkline)
======== [Sat 10/10/2026  4:45:24.42] exit=0 ======== 
 
======== [Sat 10/10/2026  5:00:01.48] line_poller start ======== 
=== Line poller 2026-10-10 2026-10-10T09:00:01Z ===
  1 context rows on slate
  2 upcoming events from slate endpoint (1 API call)
  ✓ polled 1 events, locked close_total on 0, skipped 0 in-progress
  📝 history writes: 1 ok, 0 failed
  📚 book_lines: 1 rows written (change-only) across 19 book-events scanned
  📈 line_history: 114 rows written (server-side, always-write for Split sparkline)
======== [Sat 10/10/2026  5:00:23.97] exit=0 ======== 
 
======== [Sat 10/10/2026  5:15:01.49] line_poller start ======== 
=== Line poller 2026-10-10 2026-10-10T09:15:01Z ===
  1 context rows on slate
  2 upcoming events from slate endpoint (1 API call)
  ✓ polled 1 events, locked close_total on 0, skipped 0 in-progress
  📝 history writes: 1 ok, 0 failed
  📚 book_lines: 0 rows written (change-only) across 19 book-events scanned
  📈 line_history: 114 rows written (server-side, always-write for Split sparkline)
======== [Sat 10/10/2026  5:15:24.53] exit=0 ======== 
 
======== [Sat 10/10/2026  5:30:01.49] line_poller start ======== 
=== Line poller 2026-10-10 2026-10-10T09:30:01Z ===
  1 context rows on slate
  2 upcoming events from slate endpoint (1 API call)
  ✓ polled 1 events, locked close_total on 0, skipped 0 in-progress
  📝 history writes: 1 ok, 0 failed
  📚 book_lines: 0 rows written (change-only) across 18 book-events scanned
  📈 line_history: 108 rows written (server-side, always-write for Split sparkline)
======== [Sat 10/10/2026  5:30:22.35] exit=0 ======== 
 
======== [Sat 10/10/2026  5:45:01.50] line_poller start ======== 
=== Line poller 2026-10-10 2026-10-10T09:45:01Z ===
  1 context rows on slate
  2 upcoming events from slate endpoint (1 API call)
  ✓ polled 1 events, locked close_total on 0, skipped 0 in-progress
  📝 history writes: 1 ok, 0 failed
  📚 book_lines: 0 rows written (change-only) across 19 book-events scanned
  📈 line_history: 114 rows written (server-side, always-write for Split sparkline)
======== [Sat 10/10/2026  5:45:23.57] exit=0 ======== 
 
======== [Sat 10/10/2026  6:00:01.51] line_poller start ======== 
=== Line poller 2026-10-10 2026-10-10T10:00:01Z ===
  1 context rows on slate
  2 upcoming events from slate endpoint (1 API call)
  ✓ polled 1 events, locked close_total on 0, skipped 0 in-progress
  📝 history writes: 1 ok, 0 failed
  📚 book_lines: 1 rows written (change-only) across 19 book-events scanned
  📈 line_history: 114 rows written (server-side, always-write for Split sparkline)
======== [Sat 10/10/2026  6:00:24.21] exit=0 ======== 
 
======== [Sat 10/10/2026  6:15:01.53] line_poller start ======== 
=== Line poller 2026-10-10 2026-10-10T10:15:01Z ===
  1 context rows on slate
  2 upcoming events from slate endpoint (1 API call)
  ✓ polled 1 events, locked close_total on 0, skipped 0 in-progress
  📝 history writes: 1 ok, 0 failed
  📚 book_lines: 1 rows written (change-only) across 19 book-events scanned
  📈 line_history: 114 rows written (server-side, always-write for Split sparkline)
======== [Sat 10/10/2026  6:15:25.30] exit=0 ======== 
 
======== [Sat 10/10/2026  6:30:01.54] line_poller start ======== 
=== Line poller 2026-10-10 2026-10-10T10:30:01Z ===
  1 context rows on slate
  2 upcoming events from slate endpoint (1 API call)
  ✓ polled 1 events, locked close_total on 0, skipped 0 in-progress
  📝 history writes: 1 ok, 0 failed
  📚 book_lines: 0 rows written (change-only) across 19 book-events scanned
  📈 line_history: 114 rows written (server-side, always-write for Split sparkline)
======== [Sat 10/10/2026  6:30:23.72] exit=0 ======== 
 
======== [Sat 10/10/2026  6:45:01.56] line_poller start ======== 
=== Line poller 2026-10-10 2026-10-10T10:45:01Z ===
  1 context rows on slate
  2 upcoming events from slate endpoint (1 API call)
  ✓ polled 1 events, locked close_total on 0, skipped 0 in-progress
  📝 history writes: 1 ok, 0 failed
  📚 book_lines: 0 rows written (change-only) across 19 book-events scanned
  📈 line_history: 114 rows written (server-side, always-write for Split sparkline)
======== [Sat 10/10/2026  6:45:25.66] exit=0 ======== 
 
======== [Sat 10/10/2026  7:00:01.57] line_poller start ======== 
=== Line poller 2026-10-10 2026-10-10T11:00:01Z ===
  1 context rows on slate
  2 upcoming events from slate endpoint (1 API call)
  ✓ polled 1 events, locked close_total on 0, skipped 0 in-progress
  📝 history writes: 1 ok, 0 failed
  📚 book_lines: 1 rows written (change-only) across 19 book-events scanned
  📈 line_history: 114 rows written (server-side, always-write for Split sparkline)
======== [Sat 10/10/2026  7:00:24.82] exit=0 ======== 
 
======== [Sat 10/10/2026  7:45:28.79] line_poller start ======== 
=== Line poller 2026-10-10 2026-10-10T11:45:29Z ===
  1 context rows on slate
  2 upcoming events from slate endpoint (1 API call)
  ✓ polled 1 events, locked close_total on 0, skipped 0 in-progress
  📝 history writes: 1 ok, 0 failed
  📚 book_lines: 7 rows written (change-only) across 19 book-events scanned
  📈 line_history: 114 rows written (server-side, always-write for Split sparkline)
======== [Sat 10/10/2026  7:46:24.92] exit=0 ======== 
