 
======== [Mon 10/05/2026 18:53:54.12] multisport poller start ======== 
-- nhl_odds_pull.py 
=== NHL odds pull · 2026-10-05 18:53 ET ===
  Odds API ok · quota left 4986545
  events: 17 · rows built: 17
  date span: 2026-10-05 .. 2026-10-10 (5 dates)
  line_history: 730 rows from 17 events
  ✓ upserted 17/17 games into nhl_game_results
-- nba_odds_pull.py 
=== NBA odds pull · 2026-10-05 18:54 ET ===
  Odds API ok · quota left 4986542
  events: 46 · rows built: 46
  date span: 2026-10-20 .. 2026-12-25 (12 dates)
  line_history: 966 rows from 46 events
  ✓ upserted 46/46 games into nba_game_results
-- nfl_odds_pull.py 
=== NFL odds pull · 2026-10-05 ===
  alias map: 32 team-name variants
  americanfootball_nfl: 16 events
    line_history: 982 rows from 16 events
    ✓ wrote 16 rows to nfl_game_results

=== Summary: 16 games ===
-- ncaaf_odds_pull.py 
=== NCAAF odds pull · 2026-10-05 ===
  alias map: 2871 name variants
  Odds API events: 59
    line_history: 3448 rows from 59 events

✓ wrote 59 rows to ncaaf_game_results
-- ncaab_odds_pull.py 
=== NCAAB odds pull · 2026-10-05 ===
  alias map: 1542 name variants
  Odds API events: 0
  (offseason or no lines posted)
-- detect_line_movement NHL 
=== detect_line_movement · NHL · lookback 6h ===
  wrote 15 flags

TOTAL flags written: 15
-- detect_line_movement NBA 
=== detect_line_movement · NBA · lookback 6h ===

TOTAL flags written: 0
-- detect_line_movement NFL 
=== detect_line_movement · NFL · lookback 6h ===
  wrote 19 flags

TOTAL flags written: 19
-- detect_line_movement NCAAF 
=== detect_line_movement · NCAAF · lookback 6h ===
  wrote 1 flags

TOTAL flags written: 1
-- detect_line_movement NCAAB 
=== detect_line_movement · NCAAB · lookback 6h ===

TOTAL flags written: 0
-- classify_line_moves ALL 
=== classify_line_moves · MLB/NFL/NCAAF/NCAAB/NHL/UFC  ===
  MLB: 1 flags in last 24h
  MLB: classifications → NEUTRAL=1
  NFL: 20 flags in last 24h
  NFL: classifications → PATTERN_ONLY=20
  NCAAF: 1 flags in last 24h
  NCAAF: classifications → PATTERN_ONLY=1
  NCAAB: 0 flags in last 24h
  NHL: 18 flags in last 24h
  NHL: classifications → PATTERN_ONLY=11, CONSENSUS_LEAN=3, SHARP_MOVE_LEAN=1, NEUTRAL=2, PUBLIC_MOVE_LEAN=1
  UFC: 0 flags in last 24h

  ✓ 40/40 flags classified
======== [Mon 10/05/2026 18:55:22.54] all steps ok ======== 
 
======== [Mon 10/05/2026 18:56:16.74] multisport poller start ======== 
-- nhl_odds_pull.py 
=== NHL odds pull · 2026-10-05 18:56 ET ===
  Odds API ok · quota left 4986533
  events: 17 · rows built: 17
  date span: 2026-10-05 .. 2026-10-10 (5 dates)
  line_history: 730 rows from 17 events
  ✓ upserted 17/17 games into nhl_game_results
-- nba_odds_pull.py 
=== NBA odds pull · 2026-10-05 18:56 ET ===
  Odds API ok · quota left 4986530
  events: 46 · rows built: 46
  date span: 2026-10-20 .. 2026-12-25 (12 dates)
  line_history: 968 rows from 46 events
  ✓ upserted 46/46 games into nba_game_results
-- nfl_odds_pull.py 
=== NFL odds pull · 2026-10-05 ===
  alias map: 32 team-name variants
  americanfootball_nfl: 16 events
    line_history: 982 rows from 16 events
    ✓ wrote 16 rows to nfl_game_results

=== Summary: 16 games ===
-- ncaaf_odds_pull.py 
=== NCAAF odds pull · 2026-10-05 ===
  alias map: 2871 name variants
  Odds API events: 59
    line_history: 3448 rows from 59 events

✓ wrote 59 rows to ncaaf_game_results
-- ncaab_odds_pull.py 
=== NCAAB odds pull · 2026-10-05 ===
  alias map: 1542 name variants
  Odds API events: 0
  (offseason or no lines posted)
-- detect_line_movement NHL 
=== detect_line_movement · NHL · lookback 6h ===
  wrote 15 flags

TOTAL flags written: 15
-- detect_line_movement NBA 
=== detect_line_movement · NBA · lookback 6h ===

TOTAL flags written: 0
-- detect_line_movement NFL 
=== detect_line_movement · NFL · lookback 6h ===
  wrote 19 flags

TOTAL flags written: 19
-- detect_line_movement NCAAF 
=== detect_line_movement · NCAAF · lookback 6h ===
  wrote 2 flags

TOTAL flags written: 2
-- detect_line_movement NCAAB 
=== detect_line_movement · NCAAB · lookback 6h ===

TOTAL flags written: 0
-- classify_line_moves ALL 
 
======== [Mon 10/05/2026 18:59:41.80] multisport poller start ======== 
-- nhl_odds_pull.py 
=== NHL odds pull · 2026-10-05 18:59 ET ===
  Odds API ok · quota left 4986521
  events: 17 · rows built: 17
  date span: 2026-10-05 .. 2026-10-10 (5 dates)
  line_history: 724 rows from 17 events
  ✓ upserted 17/17 games into nhl_game_results
-- nba_odds_pull.py 
=== NBA odds pull · 2026-10-05 18:59 ET ===
  Odds API ok · quota left 4986518
  events: 46 · rows built: 46
  date span: 2026-10-20 .. 2026-12-25 (12 dates)
  line_history: 968 rows from 46 events
  ✓ upserted 46/46 games into nba_game_results
-- nfl_odds_pull.py 
=== NFL odds pull · 2026-10-05 ===
  alias map: 32 team-name variants
  americanfootball_nfl: 16 events
    line_history: 982 rows from 16 events
    ✓ wrote 16 rows to nfl_game_results

=== Summary: 16 games ===
-- ncaaf_odds_pull.py 
=== NCAAF odds pull · 2026-10-05 ===
  alias map: 2871 name variants
  Odds API events: 59
    line_history: 3448 rows from 59 events

✓ wrote 59 rows to ncaaf_game_results
-- ncaab_odds_pull.py 
=== NCAAB odds pull · 2026-10-05 ===
  alias map: 1542 name variants
  Odds API events: 0
  (offseason or no lines posted)
-- detect_line_movement NHL 
=== detect_line_movement · NHL · lookback 6h ===
  wrote 15 flags

TOTAL flags written: 15
-- detect_line_movement NBA 
=== detect_line_movement · NBA · lookback 6h ===

TOTAL flags written: 0
-- detect_line_movement NFL 
=== detect_line_movement · NFL · lookback 6h ===
  wrote 19 flags

TOTAL flags written: 19
-- detect_line_movement NCAAF 
=== detect_line_movement · NCAAF · lookback 6h ===
  wrote 2 flags

TOTAL flags written: 2
-- detect_line_movement NCAAB 
=== detect_line_movement · NCAAB · lookback 6h ===

TOTAL flags written: 0
-- classify_line_moves ALL 
=== classify_line_moves · MLB/NFL/NCAAF/NCAAB/NHL/UFC  ===
  MLB: 1 flags in last 24h
  MLB: classifications → NEUTRAL=1
  NFL: 20 flags in last 24h
  NFL: classifications → PATTERN_ONLY=20
  NCAAF: 2 flags in last 24h
  NCAAF: classifications → PATTERN_ONLY=2
  NCAAB: 0 flags in last 24h
  NHL: 18 flags in last 24h
  NHL: classifications → PATTERN_ONLY=11, CONSENSUS_LEAN=3, SHARP_MOVE_LEAN=1, NEUTRAL=2, PUBLIC_MOVE_LEAN=1
  UFC: 0 flags in last 24h

  ✓ 41/41 flags classified
======== [Mon 10/05/2026 19:01:20.79] all steps ok ======== 
 
======== [Mon 10/05/2026 19:26:01.59] multisport poller start ======== 
-- nhl_odds_pull.py 
=== NHL odds pull · 2026-10-05 19:26 ET ===
  Odds API ok · quota left 4986497
  skipped 1 in-progress game(s) — live prices must not overwrite the close
  events: 17 · rows built: 16
  date span: 2026-10-05 .. 2026-10-10 (5 dates)
  line_history: 696 rows from 16 events
  ✓ upserted 16/16 games into nhl_game_results
-- nba_odds_pull.py 
=== NBA odds pull · 2026-10-05 19:26 ET ===
  Odds API ok · quota left 4986494
  events: 46 · rows built: 46
  date span: 2026-10-20 .. 2026-12-25 (12 dates)
  line_history: 968 rows from 46 events
  ✓ upserted 46/46 games into nba_game_results
-- nfl_odds_pull.py 
=== NFL odds pull · 2026-10-05 ===
  alias map: 32 team-name variants
  americanfootball_nfl: 16 events
    line_history: 982 rows from 16 events
    ✓ wrote 16 rows to nfl_game_results

=== Summary: 16 games ===
-- ncaaf_odds_pull.py 
=== NCAAF odds pull · 2026-10-05 ===
  alias map: 2871 name variants
  Odds API events: 59
    line_history: 3448 rows from 59 events

✓ wrote 59 rows to ncaaf_game_results
-- ncaab_odds_pull.py 
=== NCAAB odds pull · 2026-10-05 ===
  alias map: 1542 name variants
  Odds API events: 0
  (offseason or no lines posted)
-- detect_line_movement NHL 
=== detect_line_movement · NHL · lookback 6h ===
  wrote 16 flags

TOTAL flags written: 16
-- detect_line_movement NBA 
=== detect_line_movement · NBA · lookback 6h ===
  wrote 3 flags

TOTAL flags written: 3
-- detect_line_movement NFL 
=== detect_line_movement · NFL · lookback 6h ===
  wrote 19 flags

TOTAL flags written: 19
-- detect_line_movement NCAAF 
=== detect_line_movement · NCAAF · lookback 6h ===
  wrote 10 flags

TOTAL flags written: 10
-- detect_line_movement NCAAB 
=== detect_line_movement · NCAAB · lookback 6h ===

TOTAL flags written: 0
-- classify_line_moves ALL 
=== classify_line_moves · MLB/NFL/NCAAF/NCAAB/NHL/UFC  ===
  MLB: 1 flags in last 24h
  MLB: classifications → NEUTRAL=1
  NFL: 20 flags in last 24h
  NFL: classifications → PATTERN_ONLY=20
  NCAAF: 10 flags in last 24h
  NCAAF: classifications → SHARP_MOVE_CONFIRMED=1, NEUTRAL=1, PATTERN_ONLY=7, CONSENSUS_CONFIRMED=1
  NCAAB: 0 flags in last 24h
  NHL: 18 flags in last 24h
  NHL: classifications → PATTERN_ONLY=11, CONSENSUS_LEAN=3, SHARP_MOVE_LEAN=1, PUBLIC_MOVE_LEAN=1, NEUTRAL=2
  UFC: 0 flags in last 24h

  ✓ 49/49 flags classified
======== [Mon 10/05/2026 19:27:40.44] all steps ok ======== 
 
======== [Mon 10/05/2026 19:56:01.58] multisport poller start ======== 
-- nhl_odds_pull.py 
=== NHL odds pull · 2026-10-05 19:56 ET ===
  Odds API ok · quota left 4986473
  skipped 3 in-progress game(s) — live prices must not overwrite the close
  events: 17 · rows built: 14
  date span: 2026-10-05 .. 2026-10-10 (5 dates)
  line_history: 574 rows from 14 events
  ✓ upserted 14/14 games into nhl_game_results
-- nba_odds_pull.py 
=== NBA odds pull · 2026-10-05 19:56 ET ===
  Odds API ok · quota left 4986470
  events: 46 · rows built: 46
  date span: 2026-10-20 .. 2026-12-25 (12 dates)
  line_history: 968 rows from 46 events
  ✓ upserted 46/46 games into nba_game_results
-- nfl_odds_pull.py 
=== NFL odds pull · 2026-10-05 ===
  alias map: 32 team-name variants
  americanfootball_nfl: 16 events
    line_history: 982 rows from 16 events
    ✓ wrote 16 rows to nfl_game_results

=== Summary: 16 games ===
-- ncaaf_odds_pull.py 
=== NCAAF odds pull · 2026-10-05 ===
  alias map: 2871 name variants
  Odds API events: 59
    line_history: 3448 rows from 59 events

✓ wrote 59 rows to ncaaf_game_results
-- ncaab_odds_pull.py 
=== NCAAB odds pull · 2026-10-05 ===
  alias map: 1542 name variants
  Odds API events: 0
  (offseason or no lines posted)
-- detect_line_movement NHL 
=== detect_line_movement · NHL · lookback 6h ===
  wrote 17 flags

TOTAL flags written: 17
-- detect_line_movement NBA 
=== detect_line_movement · NBA · lookback 6h ===
  wrote 1 flags

TOTAL flags written: 1
-- detect_line_movement NFL 
=== detect_line_movement · NFL · lookback 6h ===
  wrote 20 flags

TOTAL flags written: 20
-- detect_line_movement NCAAF 
=== detect_line_movement · NCAAF · lookback 6h ===
  wrote 18 flags

TOTAL flags written: 18
-- detect_line_movement NCAAB 
=== detect_line_movement · NCAAB · lookback 6h ===

TOTAL flags written: 0
-- classify_line_moves ALL 
=== classify_line_moves · MLB/NFL/NCAAF/NCAAB/NHL/UFC  ===
  MLB: 1 flags in last 24h
  MLB: classifications → NEUTRAL=1
  NFL: 24 flags in last 24h
  NFL: classifications → PATTERN_ONLY=24
  NCAAF: 18 flags in last 24h
  NCAAF: classifications → SHARP_MOVE_CONFIRMED=1, NEUTRAL=2, PATTERN_ONLY=13, CONSENSUS_CONFIRMED=2
  NCAAB: 0 flags in last 24h
  NHL: 19 flags in last 24h
  NHL: classifications → PATTERN_ONLY=12, CONSENSUS_LEAN=3, SHARP_MOVE_LEAN=1, PUBLIC_MOVE_LEAN=1, NEUTRAL=2
  UFC: 0 flags in last 24h

  ✓ 62/62 flags classified
======== [Mon 10/05/2026 19:57:41.13] all steps ok ======== 
 
======== [Mon 10/05/2026 20:26:01.57] multisport poller start ======== 
-- nhl_odds_pull.py 
=== NHL odds pull · 2026-10-05 20:26 ET ===
  Odds API ok · quota left 4986368
  skipped 4 in-progress game(s) — live prices must not overwrite the close
  events: 17 · rows built: 13
  date span: 2026-10-06 .. 2026-10-10 (4 dates)
  line_history: 516 rows from 13 events
  ✓ upserted 13/13 games into nhl_game_results
-- nba_odds_pull.py 
=== NBA odds pull · 2026-10-05 20:26 ET ===
  Odds API ok · quota left 4986365
  events: 46 · rows built: 46
  date span: 2026-10-20 .. 2026-12-25 (12 dates)
  line_history: 968 rows from 46 events
  ✓ upserted 46/46 games into nba_game_results
-- nfl_odds_pull.py 
=== NFL odds pull · 2026-10-05 ===
  alias map: 32 team-name variants
  americanfootball_nfl: 16 events
    line_history: 922 rows from 15 events
    ✓ wrote 15 rows to nfl_game_results

=== Summary: 15 games ===
-- ncaaf_odds_pull.py 
=== NCAAF odds pull · 2026-10-05 ===
  alias map: 2871 name variants
  Odds API events: 59
    line_history: 3454 rows from 59 events

✓ wrote 59 rows to ncaaf_game_results
-- ncaab_odds_pull.py 
=== NCAAB odds pull · 2026-10-05 ===
  alias map: 1542 name variants
  Odds API events: 0
  (offseason or no lines posted)
-- detect_line_movement NHL 
=== detect_line_movement · NHL · lookback 6h ===
  wrote 17 flags

TOTAL flags written: 17
-- detect_line_movement NBA 
=== detect_line_movement · NBA · lookback 6h ===
  wrote 3 flags

TOTAL flags written: 3
-- detect_line_movement NFL 
=== detect_line_movement · NFL · lookback 6h ===
  wrote 22 flags

TOTAL flags written: 22
-- detect_line_movement NCAAF 
=== detect_line_movement · NCAAF · lookback 6h ===
  wrote 20 flags

TOTAL flags written: 20
-- detect_line_movement NCAAB 
=== detect_line_movement · NCAAB · lookback 6h ===

TOTAL flags written: 0
-- classify_line_moves ALL 
=== classify_line_moves · MLB/NFL/NCAAF/NCAAB/NHL/UFC  ===
  MLB: 4 flags in last 24h
  MLB: classifications → PATTERN_ONLY=2, NEUTRAL=1, CONSENSUS_CONFIRMED=1
  NFL: 24 flags in last 24h
  NFL: classifications → PATTERN_ONLY=24
  NCAAF: 21 flags in last 24h
  NCAAF: classifications → PUBLIC_MOVE_CONFIRMED=1, PATTERN_ONLY=13, SHARP_MOVE_LEAN=1, SHARP_MOVE_CONFIRMED=2, CONSENSUS_LEAN=2, CONSENSUS_CONFIRMED=1, NEUTRAL=1
  NCAAB: 0 flags in last 24h
  NHL: 19 flags in last 24h
  NHL: classifications → PATTERN_ONLY=12, CONSENSUS_LEAN=3, SHARP_MOVE_LEAN=1, PUBLIC_MOVE_LEAN=1, NEUTRAL=2
  UFC: 0 flags in last 24h

  ✓ 68/68 flags classified
======== [Mon 10/05/2026 20:28:04.80] all steps ok ======== 
 
======== [Mon 10/05/2026 20:56:01.59] multisport poller start ======== 
-- nhl_odds_pull.py 
=== NHL odds pull · 2026-10-05 20:56 ET ===
  Odds API ok · quota left 4986270
  skipped 4 in-progress game(s) — live prices must not overwrite the close
  events: 17 · rows built: 13
  date span: 2026-10-06 .. 2026-10-10 (4 dates)
  line_history: 474 rows from 13 events
  ✓ upserted 13/13 games into nhl_game_results
-- nba_odds_pull.py 
=== NBA odds pull · 2026-10-05 20:56 ET ===
  Odds API ok · quota left 4986267
  events: 46 · rows built: 46
  date span: 2026-10-20 .. 2026-12-25 (12 dates)
  line_history: 968 rows from 46 events
  ✓ upserted 46/46 games into nba_game_results
-- nfl_odds_pull.py 
=== NFL odds pull · 2026-10-05 ===
  alias map: 32 team-name variants
  americanfootball_nfl: 14 events
    line_history: 850 rows from 13 events
    ✓ wrote 13 rows to nfl_game_results

=== Summary: 13 games ===
-- ncaaf_odds_pull.py 
=== NCAAF odds pull · 2026-10-05 ===
  alias map: 2871 name variants
  Odds API events: 59
    line_history: 3454 rows from 59 events

✓ wrote 59 rows to ncaaf_game_results
-- ncaab_odds_pull.py 
=== NCAAB odds pull · 2026-10-05 ===
  alias map: 1542 name variants
  Odds API events: 0
  (offseason or no lines posted)
-- detect_line_movement NHL 
=== detect_line_movement · NHL · lookback 6h ===
  wrote 19 flags

TOTAL flags written: 19
-- detect_line_movement NBA 
=== detect_line_movement · NBA · lookback 6h ===
  wrote 3 flags

TOTAL flags written: 3
-- detect_line_movement NFL 
=== detect_line_movement · NFL · lookback 6h ===
  wrote 20 flags

TOTAL flags written: 20
-- detect_line_movement NCAAF 
=== detect_line_movement · NCAAF · lookback 6h ===
  wrote 20 flags

TOTAL flags written: 20
-- detect_line_movement NCAAB 
=== detect_line_movement · NCAAB · lookback 6h ===

TOTAL flags written: 0
-- classify_line_moves ALL 
=== classify_line_moves · MLB/NFL/NCAAF/NCAAB/NHL/UFC  ===
  MLB: 4 flags in last 24h
  MLB: classifications → PATTERN_ONLY=2, NEUTRAL=1, CONSENSUS_CONFIRMED=1
  NFL: 25 flags in last 24h
  NFL: classifications → PATTERN_ONLY=25
  NCAAF: 21 flags in last 24h
  NCAAF: classifications → PUBLIC_MOVE_CONFIRMED=1, PATTERN_ONLY=13, SHARP_MOVE_LEAN=1, SHARP_MOVE_CONFIRMED=2, CONSENSUS_LEAN=2, CONSENSUS_CONFIRMED=1, NEUTRAL=1
  NCAAB: 0 flags in last 24h
  NHL: 22 flags in last 24h
  NHL: classifications → PATTERN_ONLY=15, CONSENSUS_LEAN=3, SHARP_MOVE_LEAN=1, PUBLIC_MOVE_LEAN=1, NEUTRAL=2
  UFC: 0 flags in last 24h

  ✓ 72/72 flags classified
======== [Mon 10/05/2026 20:57:54.67] all steps ok ======== 
 
======== [Mon 10/05/2026 21:26:01.60] multisport poller start ======== 
-- nhl_odds_pull.py 
=== NHL odds pull · 2026-10-05 21:26 ET ===
  Odds API ok · quota left 4986246
  skipped 4 in-progress game(s) — live prices must not overwrite the close
  events: 17 · rows built: 13
  date span: 2026-10-06 .. 2026-10-10 (4 dates)
  line_history: 522 rows from 13 events
  ✓ upserted 13/13 games into nhl_game_results
-- nba_odds_pull.py 
=== NBA odds pull · 2026-10-05 21:26 ET ===
  Odds API ok · quota left 4986243
  events: 46 · rows built: 46
  date span: 2026-10-20 .. 2026-12-25 (12 dates)
  line_history: 968 rows from 46 events
  ✓ upserted 46/46 games into nba_game_results
-- nfl_odds_pull.py 
=== NFL odds pull · 2026-10-05 ===
  alias map: 32 team-name variants
  americanfootball_nfl: 14 events
    line_history: 850 rows from 13 events
    ✓ wrote 13 rows to nfl_game_results

=== Summary: 13 games ===
-- ncaaf_odds_pull.py 
=== NCAAF odds pull · 2026-10-05 ===
  alias map: 2871 name variants
  Odds API events: 59
    line_history: 3454 rows from 59 events

✓ wrote 59 rows to ncaaf_game_results
-- ncaab_odds_pull.py 
=== NCAAB odds pull · 2026-10-05 ===
  alias map: 1542 name variants
  Odds API events: 0
  (offseason or no lines posted)
-- detect_line_movement NHL 
=== detect_line_movement · NHL · lookback 6h ===
  wrote 18 flags

TOTAL flags written: 18
-- detect_line_movement NBA 
=== detect_line_movement · NBA · lookback 6h ===
  wrote 3 flags

TOTAL flags written: 3
-- detect_line_movement NFL 
=== detect_line_movement · NFL · lookback 6h ===
  wrote 23 flags

TOTAL flags written: 23
-- detect_line_movement NCAAF 
=== detect_line_movement · NCAAF · lookback 6h ===
  wrote 20 flags

TOTAL flags written: 20
-- detect_line_movement NCAAB 
=== detect_line_movement · NCAAB · lookback 6h ===

TOTAL flags written: 0
-- classify_line_moves ALL 
=== classify_line_moves · MLB/NFL/NCAAF/NCAAB/NHL/UFC  ===
  MLB: 4 flags in last 24h
  MLB: classifications → PATTERN_ONLY=2, NEUTRAL=1, CONSENSUS_CONFIRMED=1
  NFL: 25 flags in last 24h
  NFL: classifications → PATTERN_ONLY=25
  NCAAF: 21 flags in last 24h
  NCAAF: classifications → PUBLIC_MOVE_CONFIRMED=1, PATTERN_ONLY=13, SHARP_MOVE_LEAN=1, SHARP_MOVE_CONFIRMED=2, CONSENSUS_LEAN=2, CONSENSUS_CONFIRMED=1, NEUTRAL=1
  NCAAB: 0 flags in last 24h
  NHL: 22 flags in last 24h
  NHL: classifications → PATTERN_ONLY=15, CONSENSUS_LEAN=3, SHARP_MOVE_LEAN=1, PUBLIC_MOVE_LEAN=1, NEUTRAL=2
  UFC: 0 flags in last 24h

  ✓ 72/72 flags classified
======== [Mon 10/05/2026 21:27:52.82] all steps ok ======== 
 
======== [Mon 10/05/2026 21:56:01.61] multisport poller start ======== 
-- nhl_odds_pull.py 
=== NHL odds pull · 2026-10-05 21:56 ET ===
  Odds API ok · quota left 4986213
  skipped 4 in-progress game(s) — live prices must not overwrite the close
  events: 17 · rows built: 13
  date span: 2026-10-06 .. 2026-10-10 (4 dates)
  line_history: 562 rows from 13 events
  ✓ upserted 13/13 games into nhl_game_results
-- nba_odds_pull.py 
=== NBA odds pull · 2026-10-05 21:56 ET ===
  Odds API ok · quota left 4986210
  events: 46 · rows built: 46
  date span: 2026-10-20 .. 2026-12-25 (12 dates)
  line_history: 968 rows from 46 events
  ✓ upserted 46/46 games into nba_game_results
-- nfl_odds_pull.py 
=== NFL odds pull · 2026-10-05 ===
  alias map: 32 team-name variants
  americanfootball_nfl: 14 events
    line_history: 850 rows from 13 events
    ✓ wrote 13 rows to nfl_game_results

=== Summary: 13 games ===
-- ncaaf_odds_pull.py 
 
======== [Mon 10/05/2026 22:26:01.62] multisport poller start ======== 
-- nhl_odds_pull.py 
=== NHL odds pull · 2026-10-05 22:26 ET ===
  Odds API ok · quota left 4986177
  skipped 2 in-progress game(s) — live prices must not overwrite the close
  events: 15 · rows built: 13
  date span: 2026-10-06 .. 2026-10-10 (4 dates)
  line_history: 568 rows from 13 events
  ✓ upserted 13/13 games into nhl_game_results
-- nba_odds_pull.py 
=== NBA odds pull · 2026-10-05 22:26 ET ===
  Odds API ok · quota left 4986174
  events: 46 · rows built: 46
  date span: 2026-10-20 .. 2026-12-25 (12 dates)
  line_history: 968 rows from 46 events
  ✓ upserted 46/46 games into nba_game_results
-- nfl_odds_pull.py 
=== NFL odds pull · 2026-10-05 ===
  alias map: 32 team-name variants
  americanfootball_nfl: 14 events
    line_history: 850 rows from 13 events
    ✓ wrote 13 rows to nfl_game_results

=== Summary: 13 games ===
-- ncaaf_odds_pull.py 
=== NCAAF odds pull · 2026-10-05 ===
  alias map: 2871 name variants
  Odds API events: 59
    line_history: 3454 rows from 59 events

✓ wrote 59 rows to ncaaf_game_results
-- ncaab_odds_pull.py 
=== NCAAB odds pull · 2026-10-05 ===
  alias map: 1542 name variants
  Odds API events: 0
  (offseason or no lines posted)
-- detect_line_movement NHL 
=== detect_line_movement · NHL · lookback 6h ===
  wrote 20 flags

TOTAL flags written: 20
-- detect_line_movement NBA 
=== detect_line_movement · NBA · lookback 6h ===
  wrote 1 flags

TOTAL flags written: 1
-- detect_line_movement NFL 
=== detect_line_movement · NFL · lookback 6h ===
  wrote 26 flags

TOTAL flags written: 26
-- detect_line_movement NCAAF 
=== detect_line_movement · NCAAF · lookback 6h ===
  wrote 20 flags

TOTAL flags written: 20
-- detect_line_movement NCAAB 
=== detect_line_movement · NCAAB · lookback 6h ===

TOTAL flags written: 0
-- classify_line_moves ALL 
=== classify_line_moves · MLB/NFL/NCAAF/NCAAB/NHL/UFC  ===
  MLB: 4 flags in last 24h
  MLB: classifications → PATTERN_ONLY=2, NEUTRAL=1, CONSENSUS_CONFIRMED=1
  NFL: 27 flags in last 24h
  NFL: classifications → PATTERN_ONLY=27
  NCAAF: 21 flags in last 24h
  NCAAF: classifications → PUBLIC_MOVE_CONFIRMED=1, PATTERN_ONLY=13, SHARP_MOVE_LEAN=1, CONSENSUS_LEAN=2, SHARP_MOVE_CONFIRMED=2, NEUTRAL=1, CONSENSUS_CONFIRMED=1
  NCAAB: 0 flags in last 24h
  NHL: 23 flags in last 24h
  NHL: classifications → PATTERN_ONLY=16, CONSENSUS_LEAN=3, SHARP_MOVE_LEAN=1, PUBLIC_MOVE_LEAN=1, NEUTRAL=2
  UFC: 0 flags in last 24h

  ✓ 75/75 flags classified
======== [Mon 10/05/2026 22:27:54.23] all steps ok ======== 
 
======== [Mon 10/05/2026 22:56:01.63] multisport poller start ======== 
-- nhl_odds_pull.py 
=== NHL odds pull · 2026-10-05 22:56 ET ===
  Odds API ok · quota left 4986147
  events: 13 · rows built: 13
  date span: 2026-10-06 .. 2026-10-10 (4 dates)
  line_history: 586 rows from 13 events
  ✓ upserted 13/13 games into nhl_game_results
-- nba_odds_pull.py 
=== NBA odds pull · 2026-10-05 22:56 ET ===
  Odds API ok · quota left 4986144
  events: 46 · rows built: 46
  date span: 2026-10-20 .. 2026-12-25 (12 dates)
  line_history: 968 rows from 46 events
  ✓ upserted 46/46 games into nba_game_results
-- nfl_odds_pull.py 
=== NFL odds pull · 2026-10-05 ===
  alias map: 32 team-name variants
  americanfootball_nfl: 14 events
    line_history: 850 rows from 13 events
    ✓ wrote 13 rows to nfl_game_results

=== Summary: 13 games ===
-- ncaaf_odds_pull.py 
=== NCAAF odds pull · 2026-10-05 ===
  alias map: 2871 name variants
  Odds API events: 59
    line_history: 3454 rows from 59 events

✓ wrote 59 rows to ncaaf_game_results
-- ncaab_odds_pull.py 
=== NCAAB odds pull · 2026-10-05 ===
  alias map: 1542 name variants
  Odds API events: 0
  (offseason or no lines posted)
-- detect_line_movement NHL 
=== detect_line_movement · NHL · lookback 6h ===
  wrote 19 flags

TOTAL flags written: 19
-- detect_line_movement NBA 
=== detect_line_movement · NBA · lookback 6h ===
  wrote 1 flags

TOTAL flags written: 1
-- detect_line_movement NFL 
=== detect_line_movement · NFL · lookback 6h ===
  wrote 26 flags

TOTAL flags written: 26
-- detect_line_movement NCAAF 
=== detect_line_movement · NCAAF · lookback 6h ===
  wrote 20 flags

TOTAL flags written: 20
-- detect_line_movement NCAAB 
=== detect_line_movement · NCAAB · lookback 6h ===

TOTAL flags written: 0
-- classify_line_moves ALL 
=== classify_line_moves · MLB/NFL/NCAAF/NCAAB/NHL/UFC  ===
  MLB: 4 flags in last 24h
  MLB: classifications → SHARP_MOVE_LEAN=1, NEUTRAL=1, CONSENSUS_CONFIRMED=1, PATTERN_ONLY=1
  NFL: 27 flags in last 24h
  NFL: classifications → PATTERN_ONLY=27
  NCAAF: 21 flags in last 24h
  NCAAF: classifications → PUBLIC_MOVE_CONFIRMED=1, PATTERN_ONLY=13, SHARP_MOVE_LEAN=1, SHARP_MOVE_CONFIRMED=2, CONSENSUS_LEAN=2, NEUTRAL=1, CONSENSUS_CONFIRMED=1
  NCAAB: 0 flags in last 24h
  NHL: 29 flags in last 24h
  NHL: classifications → PATTERN_ONLY=21, NEUTRAL=3, CONSENSUS_LEAN=3, SHARP_MOVE_LEAN=1, PUBLIC_MOVE_LEAN=1
  UFC: 0 flags in last 24h

  ✓ 81/81 flags classified
======== [Mon 10/05/2026 22:57:56.26] all steps ok ======== 
 
======== [Mon 10/05/2026 23:26:01.64] multisport poller start ======== 
-- nhl_odds_pull.py 
=== NHL odds pull · 2026-10-05 23:26 ET ===
  Odds API ok · quota left 4986123
  events: 13 · rows built: 13
  date span: 2026-10-06 .. 2026-10-10 (4 dates)
  line_history: 586 rows from 13 events
  ✓ upserted 13/13 games into nhl_game_results
-- nba_odds_pull.py 
=== NBA odds pull · 2026-10-05 23:26 ET ===
  Odds API ok · quota left 4986120
  events: 46 · rows built: 46
  date span: 2026-10-20 .. 2026-12-25 (12 dates)
  line_history: 968 rows from 46 events
  ✓ upserted 46/46 games into nba_game_results
-- nfl_odds_pull.py 
=== NFL odds pull · 2026-10-05 ===
  alias map: 32 team-name variants
  americanfootball_nfl: 14 events
    line_history: 850 rows from 13 events
    ✓ wrote 13 rows to nfl_game_results

=== Summary: 13 games ===
-- ncaaf_odds_pull.py 
=== NCAAF odds pull · 2026-10-05 ===
  alias map: 2871 name variants
  Odds API events: 59
    line_history: 3454 rows from 59 events

✓ wrote 59 rows to ncaaf_game_results
-- ncaab_odds_pull.py 
=== NCAAB odds pull · 2026-10-05 ===
  alias map: 1542 name variants
  Odds API events: 0
  (offseason or no lines posted)
-- detect_line_movement NHL 
=== detect_line_movement · NHL · lookback 6h ===
  wrote 16 flags

TOTAL flags written: 16
-- detect_line_movement NBA 
=== detect_line_movement · NBA · lookback 6h ===
  wrote 4 flags

TOTAL flags written: 4
-- detect_line_movement NFL 
=== detect_line_movement · NFL · lookback 6h ===
  wrote 24 flags

TOTAL flags written: 24
-- detect_line_movement NCAAF 
=== detect_line_movement · NCAAF · lookback 6h ===
  wrote 20 flags

TOTAL flags written: 20
-- detect_line_movement NCAAB 
=== detect_line_movement · NCAAB · lookback 6h ===

TOTAL flags written: 0
-- classify_line_moves ALL 
=== classify_line_moves · MLB/NFL/NCAAF/NCAAB/NHL/UFC  ===
  MLB: 4 flags in last 24h
  MLB: classifications → SHARP_MOVE_LEAN=1, NEUTRAL=1, CONSENSUS_CONFIRMED=1, PATTERN_ONLY=1
  NFL: 30 flags in last 24h
  NFL: classifications → PATTERN_ONLY=30
  NCAAF: 21 flags in last 24h
  NCAAF: classifications → PUBLIC_MOVE_CONFIRMED=1, PATTERN_ONLY=13, SHARP_MOVE_LEAN=1, CONSENSUS_LEAN=2, SHARP_MOVE_CONFIRMED=2, CONSENSUS_CONFIRMED=1, NEUTRAL=1
  NCAAB: 0 flags in last 24h
  NHL: 30 flags in last 24h
  NHL: classifications → PATTERN_ONLY=22, NEUTRAL=3, CONSENSUS_LEAN=3, SHARP_MOVE_LEAN=1, PUBLIC_MOVE_LEAN=1
  UFC: 0 flags in last 24h

  ✓ 85/85 flags classified
======== [Mon 10/05/2026 23:27:54.00] all steps ok ======== 
 
======== [Mon 10/05/2026 23:56:01.69] multisport poller start ======== 
-- nhl_odds_pull.py 
=== NHL odds pull · 2026-10-05 23:56 ET ===
  Odds API ok · quota left 4986093
  events: 13 · rows built: 13
  date span: 2026-10-06 .. 2026-10-10 (4 dates)
  line_history: 588 rows from 13 events
  ✓ upserted 13/13 games into nhl_game_results
-- nba_odds_pull.py 
=== NBA odds pull · 2026-10-05 23:56 ET ===
  Odds API ok · quota left 4986090
  events: 46 · rows built: 46
  date span: 2026-10-20 .. 2026-12-25 (12 dates)
  line_history: 968 rows from 46 events
  ✓ upserted 46/46 games into nba_game_results
-- nfl_odds_pull.py 
=== NFL odds pull · 2026-10-05 ===
  alias map: 32 team-name variants
  americanfootball_nfl: 15 events
    line_history: 886 rows from 15 events
    ✓ wrote 15 rows to nfl_game_results

=== Summary: 15 games ===
-- ncaaf_odds_pull.py 
=== NCAAF odds pull · 2026-10-05 ===
  alias map: 2871 name variants
  Odds API events: 59
    line_history: 3456 rows from 59 events

✓ wrote 59 rows to ncaaf_game_results
-- ncaab_odds_pull.py 
=== NCAAB odds pull · 2026-10-05 ===
  alias map: 1542 name variants
  Odds API events: 0
  (offseason or no lines posted)
-- detect_line_movement NHL 
=== detect_line_movement · NHL · lookback 6h ===
  wrote 17 flags

TOTAL flags written: 17
-- detect_line_movement NBA 
=== detect_line_movement · NBA · lookback 6h ===
  wrote 4 flags

TOTAL flags written: 4
-- detect_line_movement NFL 
=== detect_line_movement · NFL · lookback 6h ===
  wrote 26 flags

TOTAL flags written: 26
-- detect_line_movement NCAAF 
=== detect_line_movement · NCAAF · lookback 6h ===
  wrote 20 flags

TOTAL flags written: 20
-- detect_line_movement NCAAB 
=== detect_line_movement · NCAAB · lookback 6h ===

TOTAL flags written: 0
-- classify_line_moves ALL 
=== classify_line_moves · MLB/NFL/NCAAF/NCAAB/NHL/UFC  ===
  MLB: 4 flags in last 24h
  MLB: classifications → SHARP_MOVE_LEAN=1, NEUTRAL=1, CONSENSUS_CONFIRMED=1, PATTERN_ONLY=1
  NFL: 32 flags in last 24h
  NFL: classifications → PATTERN_ONLY=32
  NCAAF: 21 flags in last 24h
  NCAAF: classifications → PUBLIC_MOVE_CONFIRMED=1, PATTERN_ONLY=13, SHARP_MOVE_LEAN=1, CONSENSUS_LEAN=2, SHARP_MOVE_CONFIRMED=2, CONSENSUS_CONFIRMED=1, NEUTRAL=1
  NCAAB: 0 flags in last 24h
  NHL: 30 flags in last 24h
  NHL: classifications → PATTERN_ONLY=22, NEUTRAL=3, CONSENSUS_LEAN=3, SHARP_MOVE_LEAN=1, PUBLIC_MOVE_LEAN=1
  UFC: 0 flags in last 24h

  ✓ 87/87 flags classified
======== [Mon 10/05/2026 23:57:58.71] all steps ok ======== 
 
======== [Tue 10/06/2026  0:26:01.67] multisport poller start ======== 
-- nhl_odds_pull.py 
=== NHL odds pull · 2026-10-06 00:26 ET ===
  Odds API ok · quota left 4986061
  events: 13 · rows built: 13
  date span: 2026-10-06 .. 2026-10-10 (4 dates)
  line_history: 588 rows from 13 events
  ✓ upserted 13/13 games into nhl_game_results
-- nba_odds_pull.py 
=== NBA odds pull · 2026-10-06 00:26 ET ===
  Odds API ok · quota left 4986058
  events: 46 · rows built: 46
  date span: 2026-10-20 .. 2026-12-25 (12 dates)
  line_history: 968 rows from 46 events
  ✓ upserted 46/46 games into nba_game_results
-- nfl_odds_pull.py 
=== NFL odds pull · 2026-10-06 ===
  alias map: 32 team-name variants
  americanfootball_nfl: 15 events
    line_history: 918 rows from 15 events
    ✓ wrote 15 rows to nfl_game_results

=== Summary: 15 games ===
-- ncaaf_odds_pull.py 
=== NCAAF odds pull · 2026-10-06 ===
  alias map: 2871 name variants
  Odds API events: 59
    line_history: 3456 rows from 59 events

✓ wrote 59 rows to ncaaf_game_results
-- ncaab_odds_pull.py 
=== NCAAB odds pull · 2026-10-06 ===
  alias map: 1542 name variants
  Odds API events: 0
  (offseason or no lines posted)
-- detect_line_movement NHL 
=== detect_line_movement · NHL · lookback 6h ===
  wrote 17 flags

TOTAL flags written: 17
-- detect_line_movement NBA 
=== detect_line_movement · NBA · lookback 6h ===
  wrote 4 flags

TOTAL flags written: 4
-- detect_line_movement NFL 
=== detect_line_movement · NFL · lookback 6h ===
  wrote 28 flags

TOTAL flags written: 28
-- detect_line_movement NCAAF 
=== detect_line_movement · NCAAF · lookback 6h ===
  wrote 19 flags

TOTAL flags written: 19
-- detect_line_movement NCAAB 
=== detect_line_movement · NCAAB · lookback 6h ===

TOTAL flags written: 0
-- classify_line_moves ALL 
=== classify_line_moves · MLB/NFL/NCAAF/NCAAB/NHL/UFC  ===
  MLB: 4 flags in last 24h
  MLB: classifications → SHARP_MOVE_LEAN=1, NEUTRAL=1, CONSENSUS_CONFIRMED=1, PATTERN_ONLY=1
  NFL: 34 flags in last 24h
  NFL: classifications → PATTERN_ONLY=34
  NCAAF: 22 flags in last 24h
  NCAAF: classifications → NEUTRAL=2, PUBLIC_MOVE_CONFIRMED=1, PATTERN_ONLY=13, SHARP_MOVE_LEAN=1, CONSENSUS_LEAN=2, SHARP_MOVE_CONFIRMED=2, CONSENSUS_CONFIRMED=1
  NCAAB: 0 flags in last 24h
  NHL: 29 flags in last 24h
  NHL: classifications → PATTERN_ONLY=22, NEUTRAL=3, CONSENSUS_LEAN=2, SHARP_MOVE_LEAN=1, PUBLIC_MOVE_LEAN=1
  UFC: 0 flags in last 24h

  ✓ 89/89 flags classified
======== [Tue 10/06/2026  0:27:54.92] all steps ok ======== 
 
======== [Tue 10/06/2026  0:56:01.66] multisport poller start ======== 
-- nhl_odds_pull.py 
=== NHL odds pull · 2026-10-06 00:56 ET ===
  Odds API ok · quota left 4986037
  events: 13 · rows built: 13
  date span: 2026-10-06 .. 2026-10-10 (4 dates)
  line_history: 594 rows from 13 events
  ✓ upserted 13/13 games into nhl_game_results
-- nba_odds_pull.py 
=== NBA odds pull · 2026-10-06 00:56 ET ===
  Odds API ok · quota left 4986034
  events: 46 · rows built: 46
  date span: 2026-10-20 .. 2026-12-25 (12 dates)
  line_history: 968 rows from 46 events
  ✓ upserted 46/46 games into nba_game_results
-- nfl_odds_pull.py 
=== NFL odds pull · 2026-10-06 ===
  alias map: 32 team-name variants
  americanfootball_nfl: 15 events
    line_history: 924 rows from 15 events
    ✓ wrote 15 rows to nfl_game_results

=== Summary: 15 games ===
-- ncaaf_odds_pull.py 
=== NCAAF odds pull · 2026-10-06 ===
  alias map: 2871 name variants
  Odds API events: 59
    line_history: 3456 rows from 59 events

✓ wrote 59 rows to ncaaf_game_results
-- ncaab_odds_pull.py 
=== NCAAB odds pull · 2026-10-06 ===
  alias map: 1542 name variants
  Odds API events: 0
  (offseason or no lines posted)
-- detect_line_movement NHL 
=== detect_line_movement · NHL · lookback 6h ===
  wrote 17 flags

TOTAL flags written: 17
-- detect_line_movement NBA 
=== detect_line_movement · NBA · lookback 6h ===
  wrote 4 flags

TOTAL flags written: 4
-- detect_line_movement NFL 
=== detect_line_movement · NFL · lookback 6h ===
  wrote 28 flags

TOTAL flags written: 28
-- detect_line_movement NCAAF 
=== detect_line_movement · NCAAF · lookback 6h ===
  wrote 33 flags

TOTAL flags written: 33
-- detect_line_movement NCAAB 
=== detect_line_movement · NCAAB · lookback 6h ===

TOTAL flags written: 0
-- classify_line_moves ALL 
=== classify_line_moves · MLB/NFL/NCAAF/NCAAB/NHL/UFC  ===
  MLB: 4 flags in last 24h
  MLB: classifications → SHARP_MOVE_LEAN=1, NEUTRAL=1, CONSENSUS_CONFIRMED=1, PATTERN_ONLY=1
  NFL: 34 flags in last 24h
  NFL: classifications → PATTERN_ONLY=34
  NCAAF: 37 flags in last 24h
  NCAAF: classifications → NEUTRAL=5, PUBLIC_MOVE_CONFIRMED=1, CONSENSUS_LEAN=4, PATTERN_ONLY=22, SHARP_MOVE_CONFIRMED=2, SHARP_MOVE_LEAN=2, CONSENSUS_CONFIRMED=1
  NCAAB: 0 flags in last 24h
  NHL: 29 flags in last 24h
  NHL: classifications → PATTERN_ONLY=22, NEUTRAL=3, CONSENSUS_LEAN=2, SHARP_MOVE_LEAN=1, PUBLIC_MOVE_LEAN=1
  UFC: 0 flags in last 24h

  ✓ 104/104 flags classified
======== [Tue 10/06/2026  0:58:00.94] all steps ok ======== 
 
======== [Tue 10/06/2026  1:26:01.68] multisport poller start ======== 
-- nhl_odds_pull.py 
=== NHL odds pull · 2026-10-06 01:26 ET ===
  Odds API ok · quota left 4986001
  events: 13 · rows built: 13
  date span: 2026-10-06 .. 2026-10-10 (4 dates)
  line_history: 594 rows from 13 events
  ✓ upserted 13/13 games into nhl_game_results
-- nba_odds_pull.py 
=== NBA odds pull · 2026-10-06 01:26 ET ===
  Odds API ok · quota left 4985998
  events: 46 · rows built: 46
  date span: 2026-10-20 .. 2026-12-25 (12 dates)
  line_history: 968 rows from 46 events
  ✓ upserted 46/46 games into nba_game_results
-- nfl_odds_pull.py 
=== NFL odds pull · 2026-10-06 ===
  alias map: 32 team-name variants
  americanfootball_nfl: 15 events
    line_history: 924 rows from 15 events
    ✓ wrote 15 rows to nfl_game_results

=== Summary: 15 games ===
-- ncaaf_odds_pull.py 
=== NCAAF odds pull · 2026-10-06 ===
  alias map: 2871 name variants
  Odds API events: 59
    line_history: 3456 rows from 59 events

✓ wrote 59 rows to ncaaf_game_results
-- ncaab_odds_pull.py 
=== NCAAB odds pull · 2026-10-06 ===
  alias map: 1542 name variants
  Odds API events: 0
  (offseason or no lines posted)
-- detect_line_movement NHL 
=== detect_line_movement · NHL · lookback 6h ===
  wrote 15 flags

TOTAL flags written: 15
-- detect_line_movement NBA 
=== detect_line_movement · NBA · lookback 6h ===

TOTAL flags written: 0
-- detect_line_movement NFL 
=== detect_line_movement · NFL · lookback 6h ===
  wrote 24 flags

TOTAL flags written: 24
-- detect_line_movement NCAAF 
=== detect_line_movement · NCAAF · lookback 6h ===
  wrote 24 flags

TOTAL flags written: 24
-- detect_line_movement NCAAB 
=== detect_line_movement · NCAAB · lookback 6h ===

TOTAL flags written: 0
-- classify_line_moves ALL 
=== classify_line_moves · MLB/NFL/NCAAF/NCAAB/NHL/UFC  ===
  MLB: 4 flags in last 24h
  MLB: classifications → SHARP_MOVE_LEAN=1, NEUTRAL=1, CONSENSUS_CONFIRMED=1, PATTERN_ONLY=1
  NFL: 35 flags in last 24h
  NFL: classifications → PATTERN_ONLY=35
  NCAAF: 43 flags in last 24h
  NCAAF: classifications → PATTERN_ONLY=26, NEUTRAL=6, PUBLIC_MOVE_CONFIRMED=2, CONSENSUS_LEAN=4, SHARP_MOVE_CONFIRMED=2, CONSENSUS_CONFIRMED=1, SHARP_MOVE_LEAN=2
  NCAAB: 0 flags in last 24h
  NHL: 29 flags in last 24h
  NHL: classifications → PATTERN_ONLY=22, NEUTRAL=3, CONSENSUS_LEAN=2, SHARP_MOVE_LEAN=1, PUBLIC_MOVE_LEAN=1
  UFC: 0 flags in last 24h

  ✓ 111/111 flags classified
======== [Tue 10/06/2026  1:27:59.28] all steps ok ======== 
 
======== [Tue 10/06/2026  1:56:01.69] multisport poller start ======== 
-- nhl_odds_pull.py 
=== NHL odds pull · 2026-10-06 01:56 ET ===
  Odds API ok · quota left 4985977
  events: 13 · rows built: 13
  date span: 2026-10-06 .. 2026-10-10 (4 dates)
  line_history: 594 rows from 13 events
  ✓ upserted 13/13 games into nhl_game_results
-- nba_odds_pull.py 
=== NBA odds pull · 2026-10-06 01:56 ET ===
  Odds API ok · quota left 4985974
  events: 46 · rows built: 46
  date span: 2026-10-20 .. 2026-12-25 (12 dates)
  line_history: 968 rows from 46 events
  ✓ upserted 46/46 games into nba_game_results
-- nfl_odds_pull.py 
=== NFL odds pull · 2026-10-06 ===
  alias map: 32 team-name variants
  americanfootball_nfl: 15 events
    line_history: 924 rows from 15 events
    ✓ wrote 15 rows to nfl_game_results

=== Summary: 15 games ===
-- ncaaf_odds_pull.py 
=== NCAAF odds pull · 2026-10-06 ===
  alias map: 2871 name variants
  Odds API events: 59
    line_history: 3456 rows from 59 events

✓ wrote 59 rows to ncaaf_game_results
-- ncaab_odds_pull.py 
=== NCAAB odds pull · 2026-10-06 ===
  alias map: 1542 name variants
  Odds API events: 0
  (offseason or no lines posted)
-- detect_line_movement NHL 
=== detect_line_movement · NHL · lookback 6h ===
  wrote 13 flags

TOTAL flags written: 13
-- detect_line_movement NBA 
=== detect_line_movement · NBA · lookback 6h ===
  wrote 2 flags

TOTAL flags written: 2
-- detect_line_movement NFL 
=== detect_line_movement · NFL · lookback 6h ===
  wrote 27 flags

TOTAL flags written: 27
-- detect_line_movement NCAAF 
=== detect_line_movement · NCAAF · lookback 6h ===
  wrote 29 flags

TOTAL flags written: 29
-- detect_line_movement NCAAB 
=== detect_line_movement · NCAAB · lookback 6h ===

TOTAL flags written: 0
-- classify_line_moves ALL 
=== classify_line_moves · MLB/NFL/NCAAF/NCAAB/NHL/UFC  ===
  MLB: 4 flags in last 24h
  MLB: classifications → SHARP_MOVE_LEAN=1, NEUTRAL=1, CONSENSUS_CONFIRMED=1, PATTERN_ONLY=1
  NFL: 38 flags in last 24h
  NFL: classifications → PATTERN_ONLY=38
  NCAAF: 52 flags in last 24h
  NCAAF: classifications → PATTERN_ONLY=32, CONSENSUS_LEAN=6, NEUTRAL=7, PUBLIC_MOVE_CONFIRMED=2, SHARP_MOVE_CONFIRMED=2, CONSENSUS_CONFIRMED=1, SHARP_MOVE_LEAN=2
  NCAAB: 0 flags in last 24h
  NHL: 29 flags in last 24h
  NHL: classifications → PATTERN_ONLY=22, NEUTRAL=3, CONSENSUS_LEAN=2, SHARP_MOVE_LEAN=1, PUBLIC_MOVE_LEAN=1
  UFC: 0 flags in last 24h

  ✓ 123/123 flags classified
======== [Tue 10/06/2026  1:58:06.20] all steps ok ======== 
 
======== [Tue 10/06/2026  2:26:01.70] multisport poller start ======== 
-- nhl_odds_pull.py 
=== NHL odds pull · 2026-10-06 02:26 ET ===
  Odds API ok · quota left 4985953
  events: 13 · rows built: 13
  date span: 2026-10-06 .. 2026-10-10 (4 dates)
  line_history: 594 rows from 13 events
  ✓ upserted 13/13 games into nhl_game_results
-- nba_odds_pull.py 
=== NBA odds pull · 2026-10-06 02:26 ET ===
  Odds API ok · quota left 4985950
  events: 46 · rows built: 46
  date span: 2026-10-20 .. 2026-12-25 (12 dates)
  line_history: 968 rows from 46 events
  ✓ upserted 46/46 games into nba_game_results
-- nfl_odds_pull.py 
=== NFL odds pull · 2026-10-06 ===
  alias map: 32 team-name variants
  americanfootball_nfl: 15 events
    line_history: 936 rows from 15 events
    ✓ wrote 15 rows to nfl_game_results

=== Summary: 15 games ===
-- ncaaf_odds_pull.py 
=== NCAAF odds pull · 2026-10-06 ===
  alias map: 2871 name variants
  Odds API events: 59
    line_history: 3456 rows from 59 events

✓ wrote 59 rows to ncaaf_game_results
-- ncaab_odds_pull.py 
=== NCAAB odds pull · 2026-10-06 ===
  alias map: 1542 name variants
  Odds API events: 0
  (offseason or no lines posted)
-- detect_line_movement NHL 
=== detect_line_movement · NHL · lookback 6h ===
  wrote 13 flags

TOTAL flags written: 13
-- detect_line_movement NBA 
=== detect_line_movement · NBA · lookback 6h ===
  wrote 2 flags

TOTAL flags written: 2
-- detect_line_movement NFL 
=== detect_line_movement · NFL · lookback 6h ===
  wrote 22 flags

TOTAL flags written: 22
-- detect_line_movement NCAAF 
=== detect_line_movement · NCAAF · lookback 6h ===
  wrote 22 flags

TOTAL flags written: 22
-- detect_line_movement NCAAB 
=== detect_line_movement · NCAAB · lookback 6h ===

TOTAL flags written: 0
-- classify_line_moves ALL 
=== classify_line_moves · MLB/NFL/NCAAF/NCAAB/NHL/UFC  ===
  MLB: 4 flags in last 24h
  MLB: classifications → SHARP_MOVE_LEAN=1, NEUTRAL=1, CONSENSUS_CONFIRMED=1, PATTERN_ONLY=1
  NFL: 39 flags in last 24h
  NFL: classifications → PATTERN_ONLY=39
  NCAAF: 57 flags in last 24h
  NCAAF: classifications → PATTERN_ONLY=36, CONSENSUS_LEAN=6, NEUTRAL=7, PUBLIC_MOVE_CONFIRMED=2, SHARP_MOVE_CONFIRMED=2, CONSENSUS_CONFIRMED=1, PUBLIC_MOVE_LEAN=1, SHARP_MOVE_LEAN=2
  NCAAB: 0 flags in last 24h
  NHL: 30 flags in last 24h
  NHL: classifications → PATTERN_ONLY=23, NEUTRAL=3, CONSENSUS_LEAN=2, SHARP_MOVE_LEAN=1, PUBLIC_MOVE_LEAN=1
  UFC: 0 flags in last 24h

  ✓ 130/130 flags classified
======== [Tue 10/06/2026  2:28:04.95] all steps ok ======== 
 
======== [Tue 10/06/2026  2:56:01.72] multisport poller start ======== 
-- nhl_odds_pull.py 
=== NHL odds pull · 2026-10-06 02:56 ET ===
  Odds API ok · quota left 4985929
  events: 13 · rows built: 13
  date span: 2026-10-06 .. 2026-10-10 (4 dates)
  line_history: 594 rows from 13 events
  ✓ upserted 13/13 games into nhl_game_results
-- nba_odds_pull.py 
=== NBA odds pull · 2026-10-06 02:56 ET ===
  Odds API ok · quota left 4985926
  events: 46 · rows built: 46
  date span: 2026-10-20 .. 2026-12-25 (12 dates)
  line_history: 968 rows from 46 events
  ✓ upserted 46/46 games into nba_game_results
-- nfl_odds_pull.py 
=== NFL odds pull · 2026-10-06 ===
  alias map: 32 team-name variants
  americanfootball_nfl: 15 events
    line_history: 936 rows from 15 events
    ✓ wrote 15 rows to nfl_game_results

=== Summary: 15 games ===
-- ncaaf_odds_pull.py 
=== NCAAF odds pull · 2026-10-06 ===
  alias map: 2871 name variants
  Odds API events: 59
    line_history: 3456 rows from 59 events

✓ wrote 59 rows to ncaaf_game_results
-- ncaab_odds_pull.py 
=== NCAAB odds pull · 2026-10-06 ===
  alias map: 1542 name variants
  Odds API events: 0
  (offseason or no lines posted)
-- detect_line_movement NHL 
=== detect_line_movement · NHL · lookback 6h ===
  wrote 13 flags

TOTAL flags written: 13
-- detect_line_movement NBA 
=== detect_line_movement · NBA · lookback 6h ===
  wrote 2 flags

TOTAL flags written: 2
-- detect_line_movement NFL 
=== detect_line_movement · NFL · lookback 6h ===
  wrote 17 flags

TOTAL flags written: 17
-- detect_line_movement NCAAF 
=== detect_line_movement · NCAAF · lookback 6h ===
  wrote 17 flags

TOTAL flags written: 17
-- detect_line_movement NCAAB 
=== detect_line_movement · NCAAB · lookback 6h ===

TOTAL flags written: 0
-- classify_line_moves ALL 
=== classify_line_moves · MLB/NFL/NCAAF/NCAAB/NHL/UFC  ===
  MLB: 4 flags in last 24h
  MLB: classifications → SHARP_MOVE_LEAN=1, NEUTRAL=1, CONSENSUS_CONFIRMED=1, PATTERN_ONLY=1
  NFL: 39 flags in last 24h
  NFL: classifications → PATTERN_ONLY=39
  NCAAF: 57 flags in last 24h
  NCAAF: classifications → PATTERN_ONLY=36, CONSENSUS_LEAN=6, NEUTRAL=7, PUBLIC_MOVE_CONFIRMED=2, SHARP_MOVE_CONFIRMED=2, CONSENSUS_CONFIRMED=1, PUBLIC_MOVE_LEAN=1, SHARP_MOVE_LEAN=2
  NCAAB: 0 flags in last 24h
  NHL: 30 flags in last 24h
  NHL: classifications → PATTERN_ONLY=23, NEUTRAL=3, CONSENSUS_LEAN=2, SHARP_MOVE_LEAN=1, PUBLIC_MOVE_LEAN=1
  UFC: 0 flags in last 24h

  ✓ 130/130 flags classified
======== [Tue 10/06/2026  2:58:06.43] all steps ok ======== 
 
======== [Tue 10/06/2026  3:26:01.73] multisport poller start ======== 
-- nhl_odds_pull.py 
=== NHL odds pull · 2026-10-06 03:26 ET ===
  Odds API ok · quota left 4985905
  events: 13 · rows built: 13
  date span: 2026-10-06 .. 2026-10-10 (4 dates)
  line_history: 540 rows from 13 events
  ✓ upserted 13/13 games into nhl_game_results
-- nba_odds_pull.py 
=== NBA odds pull · 2026-10-06 03:26 ET ===
  Odds API ok · quota left 4985902
  events: 46 · rows built: 46
  date span: 2026-10-20 .. 2026-12-25 (12 dates)
  line_history: 968 rows from 46 events
  ✓ upserted 46/46 games into nba_game_results
-- nfl_odds_pull.py 
=== NFL odds pull · 2026-10-06 ===
  alias map: 32 team-name variants
  americanfootball_nfl: 15 events
    line_history: 936 rows from 15 events
    ✓ wrote 15 rows to nfl_game_results

=== Summary: 15 games ===
-- ncaaf_odds_pull.py 
=== NCAAF odds pull · 2026-10-06 ===
  alias map: 2871 name variants
  Odds API events: 59
    line_history: 3116 rows from 59 events

✓ wrote 59 rows to ncaaf_game_results
-- ncaab_odds_pull.py 
=== NCAAB odds pull · 2026-10-06 ===
  alias map: 1542 name variants
  Odds API events: 0
  (offseason or no lines posted)
-- detect_line_movement NHL 
=== detect_line_movement · NHL · lookback 6h ===
  wrote 11 flags

TOTAL flags written: 11
-- detect_line_movement NBA 
=== detect_line_movement · NBA · lookback 6h ===
  wrote 2 flags

TOTAL flags written: 2
-- detect_line_movement NFL 
=== detect_line_movement · NFL · lookback 6h ===
  wrote 15 flags

TOTAL flags written: 15
-- detect_line_movement NCAAF 
=== detect_line_movement · NCAAF · lookback 6h ===
  wrote 19 flags

TOTAL flags written: 19
-- detect_line_movement NCAAB 
=== detect_line_movement · NCAAB · lookback 6h ===

TOTAL flags written: 0
-- classify_line_moves ALL 
=== classify_line_moves · MLB/NFL/NCAAF/NCAAB/NHL/UFC  ===
  MLB: 4 flags in last 24h
  MLB: classifications → SHARP_MOVE_LEAN=1, NEUTRAL=1, CONSENSUS_CONFIRMED=1, PATTERN_ONLY=1
  NFL: 39 flags in last 24h
  NFL: classifications → PATTERN_ONLY=39
  NCAAF: 60 flags in last 24h
  NCAAF: classifications → PATTERN_ONLY=37, CONSENSUS_LEAN=7, NEUTRAL=8, PUBLIC_MOVE_CONFIRMED=2, SHARP_MOVE_CONFIRMED=2, CONSENSUS_CONFIRMED=1, PUBLIC_MOVE_LEAN=1, SHARP_MOVE_LEAN=2
  NCAAB: 0 flags in last 24h
  NHL: 30 flags in last 24h
  NHL: classifications → PATTERN_ONLY=23, NEUTRAL=3, CONSENSUS_LEAN=2, SHARP_MOVE_LEAN=1, PUBLIC_MOVE_LEAN=1
  UFC: 0 flags in last 24h

  ✓ 133/133 flags classified
======== [Tue 10/06/2026  3:28:09.78] all steps ok ======== 
 
======== [Tue 10/06/2026  3:56:01.73] multisport poller start ======== 
-- nhl_odds_pull.py 
=== NHL odds pull · 2026-10-06 03:56 ET ===
  Odds API ok · quota left 4985881
  events: 13 · rows built: 13
  date span: 2026-10-06 .. 2026-10-10 (4 dates)
  line_history: 594 rows from 13 events
  ✓ upserted 13/13 games into nhl_game_results
-- nba_odds_pull.py 
=== NBA odds pull · 2026-10-06 03:56 ET ===
  Odds API ok · quota left 4985878
  events: 46 · rows built: 46
  date span: 2026-10-20 .. 2026-12-25 (12 dates)
  line_history: 968 rows from 46 events
  ✓ upserted 46/46 games into nba_game_results
-- nfl_odds_pull.py 
=== NFL odds pull · 2026-10-06 ===
  alias map: 32 team-name variants
  americanfootball_nfl: 15 events
    line_history: 934 rows from 15 events
    ✓ wrote 15 rows to nfl_game_results

=== Summary: 15 games ===
-- ncaaf_odds_pull.py 
=== NCAAF odds pull · 2026-10-06 ===
  alias map: 2871 name variants
  Odds API events: 59
    line_history: 3456 rows from 59 events

✓ wrote 59 rows to ncaaf_game_results
-- ncaab_odds_pull.py 
=== NCAAB odds pull · 2026-10-06 ===
  alias map: 1542 name variants
  Odds API events: 0
  (offseason or no lines posted)
-- detect_line_movement NHL 
=== detect_line_movement · NHL · lookback 6h ===
  wrote 15 flags

TOTAL flags written: 15
-- detect_line_movement NBA 
=== detect_line_movement · NBA · lookback 6h ===

TOTAL flags written: 0
-- detect_line_movement NFL 
=== detect_line_movement · NFL · lookback 6h ===
  wrote 12 flags

TOTAL flags written: 12
-- detect_line_movement NCAAF 
=== detect_line_movement · NCAAF · lookback 6h ===
  wrote 16 flags

TOTAL flags written: 16
-- detect_line_movement NCAAB 
=== detect_line_movement · NCAAB · lookback 6h ===

TOTAL flags written: 0
-- classify_line_moves ALL 
=== classify_line_moves · MLB/NFL/NCAAF/NCAAB/NHL/UFC  ===
  MLB: 4 flags in last 24h
  MLB: classifications → SHARP_MOVE_LEAN=1, NEUTRAL=1, CONSENSUS_CONFIRMED=1, PATTERN_ONLY=1
  NFL: 40 flags in last 24h
  NFL: classifications → PATTERN_ONLY=40
  NCAAF: 60 flags in last 24h
  NCAAF: classifications → PATTERN_ONLY=37, CONSENSUS_LEAN=7, NEUTRAL=8, PUBLIC_MOVE_CONFIRMED=2, SHARP_MOVE_CONFIRMED=2, CONSENSUS_CONFIRMED=1, PUBLIC_MOVE_LEAN=1, SHARP_MOVE_LEAN=2
  NCAAB: 0 flags in last 24h
  NHL: 30 flags in last 24h
  NHL: classifications → PATTERN_ONLY=23, NEUTRAL=3, CONSENSUS_LEAN=2, SHARP_MOVE_LEAN=1, PUBLIC_MOVE_LEAN=1
  UFC: 0 flags in last 24h

  ✓ 134/134 flags classified
======== [Tue 10/06/2026  3:58:12.26] all steps ok ======== 
 
======== [Tue 10/06/2026  4:26:01.80] multisport poller start ======== 
-- nhl_odds_pull.py 
=== NHL odds pull · 2026-10-06 04:26 ET ===
  Odds API ok · quota left 4985857
  events: 13 · rows built: 13
  date span: 2026-10-06 .. 2026-10-10 (4 dates)
  line_history: 570 rows from 13 events
  ✓ upserted 13/13 games into nhl_game_results
-- nba_odds_pull.py 
=== NBA odds pull · 2026-10-06 04:26 ET ===
  Odds API ok · quota left 4985854
  events: 46 · rows built: 46
  date span: 2026-10-20 .. 2026-12-25 (12 dates)
  line_history: 854 rows from 46 events
  ✓ upserted 46/46 games into nba_game_results
-- nfl_odds_pull.py 
=== NFL odds pull · 2026-10-06 ===
  alias map: 32 team-name variants
  americanfootball_nfl: 15 events
    line_history: 846 rows from 15 events
    ✓ wrote 15 rows to nfl_game_results

=== Summary: 15 games ===
-- ncaaf_odds_pull.py 
=== NCAAF odds pull · 2026-10-06 ===
  alias map: 2871 name variants
  Odds API events: 59
    line_history: 3456 rows from 59 events

✓ wrote 59 rows to ncaaf_game_results
-- ncaab_odds_pull.py 
=== NCAAB odds pull · 2026-10-06 ===
  alias map: 1542 name variants
  Odds API events: 0
  (offseason or no lines posted)
-- detect_line_movement NHL 
=== detect_line_movement · NHL · lookback 6h ===
  wrote 10 flags

TOTAL flags written: 10
-- detect_line_movement NBA 
=== detect_line_movement · NBA · lookback 6h ===

TOTAL flags written: 0
-- detect_line_movement NFL 
=== detect_line_movement · NFL · lookback 6h ===
  wrote 11 flags

TOTAL flags written: 11
-- detect_line_movement NCAAF 
=== detect_line_movement · NCAAF · lookback 6h ===
  wrote 8 flags

TOTAL flags written: 8
-- detect_line_movement NCAAB 
=== detect_line_movement · NCAAB · lookback 6h ===

TOTAL flags written: 0
-- classify_line_moves ALL 
=== classify_line_moves · MLB/NFL/NCAAF/NCAAB/NHL/UFC  ===
  MLB: 3 flags in last 24h
  MLB: classifications → NEUTRAL=1, CONSENSUS_CONFIRMED=1, PATTERN_ONLY=1
  NFL: 40 flags in last 24h
  NFL: classifications → PATTERN_ONLY=40
  NCAAF: 60 flags in last 24h
  NCAAF: classifications → PATTERN_ONLY=37, CONSENSUS_LEAN=7, NEUTRAL=8, PUBLIC_MOVE_CONFIRMED=2, SHARP_MOVE_CONFIRMED=2, CONSENSUS_CONFIRMED=1, PUBLIC_MOVE_LEAN=1, SHARP_MOVE_LEAN=2
  NCAAB: 0 flags in last 24h
  NHL: 30 flags in last 24h
  NHL: classifications → PATTERN_ONLY=23, NEUTRAL=3, CONSENSUS_LEAN=2, SHARP_MOVE_LEAN=1, PUBLIC_MOVE_LEAN=1
  UFC: 0 flags in last 24h

  ✓ 133/133 flags classified
======== [Tue 10/06/2026  4:28:04.58] all steps ok ======== 
 
======== [Tue 10/06/2026  4:56:01.82] multisport poller start ======== 
-- nhl_odds_pull.py 
=== NHL odds pull · 2026-10-06 04:56 ET ===
  Odds API ok · quota left 4985833
  events: 13 · rows built: 13
  date span: 2026-10-06 .. 2026-10-10 (4 dates)
  line_history: 570 rows from 13 events
  ✓ upserted 13/13 games into nhl_game_results
-- nba_odds_pull.py 
=== NBA odds pull · 2026-10-06 04:56 ET ===
  Odds API ok · quota left 4985830
  events: 46 · rows built: 46
  date span: 2026-10-20 .. 2026-12-25 (12 dates)
  line_history: 836 rows from 46 events
  ✓ upserted 46/46 games into nba_game_results
-- nfl_odds_pull.py 
=== NFL odds pull · 2026-10-06 ===
  alias map: 32 team-name variants
  americanfootball_nfl: 15 events
    line_history: 756 rows from 15 events
    ✓ wrote 15 rows to nfl_game_results

=== Summary: 15 games ===
-- ncaaf_odds_pull.py 
=== NCAAF odds pull · 2026-10-06 ===
  alias map: 2871 name variants
  Odds API events: 59
    line_history: 3384 rows from 59 events

✓ wrote 59 rows to ncaaf_game_results
-- ncaab_odds_pull.py 
=== NCAAB odds pull · 2026-10-06 ===
  alias map: 1542 name variants
  Odds API events: 0
  (offseason or no lines posted)
-- detect_line_movement NHL 
=== detect_line_movement · NHL · lookback 6h ===
  wrote 10 flags

TOTAL flags written: 10
-- detect_line_movement NBA 
=== detect_line_movement · NBA · lookback 6h ===

TOTAL flags written: 0
-- detect_line_movement NFL 
=== detect_line_movement · NFL · lookback 6h ===
  wrote 9 flags

TOTAL flags written: 9
-- detect_line_movement NCAAF 
=== detect_line_movement · NCAAF · lookback 6h ===
  wrote 5 flags

TOTAL flags written: 5
-- detect_line_movement NCAAB 
=== detect_line_movement · NCAAB · lookback 6h ===

TOTAL flags written: 0
-- classify_line_moves ALL 
=== classify_line_moves · MLB/NFL/NCAAF/NCAAB/NHL/UFC  ===
  MLB: 3 flags in last 24h
  MLB: classifications → NEUTRAL=1, CONSENSUS_CONFIRMED=1, PATTERN_ONLY=1
  NFL: 40 flags in last 24h
  NFL: classifications → PATTERN_ONLY=40
  NCAAF: 63 flags in last 24h
  NCAAF: classifications → PATTERN_ONLY=39, CONSENSUS_LEAN=7, NEUTRAL=8, PUBLIC_MOVE_LEAN=2, PUBLIC_MOVE_CONFIRMED=2, SHARP_MOVE_CONFIRMED=2, CONSENSUS_CONFIRMED=1, SHARP_MOVE_LEAN=2
  NCAAB: 0 flags in last 24h
  NHL: 31 flags in last 24h
  NHL: classifications → PATTERN_ONLY=24, NEUTRAL=3, CONSENSUS_LEAN=2, SHARP_MOVE_LEAN=1, PUBLIC_MOVE_LEAN=1
  UFC: 0 flags in last 24h

  ✓ 137/137 flags classified
======== [Tue 10/06/2026  4:58:08.12] all steps ok ======== 
 
======== [Tue 10/06/2026  5:26:01.84] multisport poller start ======== 
-- nhl_odds_pull.py 
=== NHL odds pull · 2026-10-06 05:26 ET ===
  Odds API ok · quota left 4985809
  events: 13 · rows built: 13
  date span: 2026-10-06 .. 2026-10-10 (4 dates)
  line_history: 594 rows from 13 events
  ✓ upserted 13/13 games into nhl_game_results
-- nba_odds_pull.py 
=== NBA odds pull · 2026-10-06 05:26 ET ===
  Odds API ok · quota left 4985806
  events: 46 · rows built: 46
  date span: 2026-10-20 .. 2026-12-25 (12 dates)
  line_history: 968 rows from 46 events
  ✓ upserted 46/46 games into nba_game_results
-- nfl_odds_pull.py 
=== NFL odds pull · 2026-10-06 ===
  alias map: 32 team-name variants
  americanfootball_nfl: 15 events
    line_history: 936 rows from 15 events
    ✓ wrote 15 rows to nfl_game_results

=== Summary: 15 games ===
-- ncaaf_odds_pull.py 
=== NCAAF odds pull · 2026-10-06 ===
  alias map: 2871 name variants
  Odds API events: 59
    line_history: 3456 rows from 59 events

✓ wrote 59 rows to ncaaf_game_results
-- ncaab_odds_pull.py 
=== NCAAB odds pull · 2026-10-06 ===
  alias map: 1542 name variants
  Odds API events: 0
  (offseason or no lines posted)
-- detect_line_movement NHL 
=== detect_line_movement · NHL · lookback 6h ===
  wrote 11 flags

TOTAL flags written: 11
-- detect_line_movement NBA 
=== detect_line_movement · NBA · lookback 6h ===

TOTAL flags written: 0
-- detect_line_movement NFL 
=== detect_line_movement · NFL · lookback 6h ===
  wrote 5 flags

TOTAL flags written: 5
-- detect_line_movement NCAAF 
=== detect_line_movement · NCAAF · lookback 6h ===
  wrote 10 flags

TOTAL flags written: 10
-- detect_line_movement NCAAB 
=== detect_line_movement · NCAAB · lookback 6h ===

TOTAL flags written: 0
-- classify_line_moves ALL 
=== classify_line_moves · MLB/NFL/NCAAF/NCAAB/NHL/UFC  ===
  MLB: 3 flags in last 24h
  MLB: classifications → NEUTRAL=1, CONSENSUS_CONFIRMED=1, PATTERN_ONLY=1
  NFL: 40 flags in last 24h
  NFL: classifications → PATTERN_ONLY=40
  NCAAF: 66 flags in last 24h
  NCAAF: classifications → PATTERN_ONLY=42, CONSENSUS_LEAN=7, NEUTRAL=8, PUBLIC_MOVE_LEAN=2, PUBLIC_MOVE_CONFIRMED=2, SHARP_MOVE_CONFIRMED=2, CONSENSUS_CONFIRMED=1, SHARP_MOVE_LEAN=2
  NCAAB: 0 flags in last 24h
  NHL: 31 flags in last 24h
  NHL: classifications → PATTERN_ONLY=24, NEUTRAL=3, CONSENSUS_LEAN=2, SHARP_MOVE_LEAN=1, PUBLIC_MOVE_LEAN=1
  UFC: 0 flags in last 24h

  ✓ 140/140 flags classified
======== [Tue 10/06/2026  5:28:07.60] all steps ok ======== 
 
======== [Tue 10/06/2026  5:56:01.88] multisport poller start ======== 
-- nhl_odds_pull.py 
=== NHL odds pull · 2026-10-06 05:56 ET ===
  Odds API ok · quota left 4985785
  events: 13 · rows built: 13
  date span: 2026-10-06 .. 2026-10-10 (4 dates)
  line_history: 594 rows from 13 events
  ✓ upserted 13/13 games into nhl_game_results
-- nba_odds_pull.py 
=== NBA odds pull · 2026-10-06 05:56 ET ===
  Odds API ok · quota left 4985782
  events: 46 · rows built: 46
  date span: 2026-10-20 .. 2026-12-25 (12 dates)
  line_history: 968 rows from 46 events
  ✓ upserted 46/46 games into nba_game_results
-- nfl_odds_pull.py 
=== NFL odds pull · 2026-10-06 ===
  alias map: 32 team-name variants
  americanfootball_nfl: 15 events
    line_history: 936 rows from 15 events
    ✓ wrote 15 rows to nfl_game_results

=== Summary: 15 games ===
-- ncaaf_odds_pull.py 
=== NCAAF odds pull · 2026-10-06 ===
  alias map: 2871 name variants
  Odds API events: 59
    line_history: 3456 rows from 59 events

✓ wrote 59 rows to ncaaf_game_results
-- ncaab_odds_pull.py 
=== NCAAB odds pull · 2026-10-06 ===
  alias map: 1542 name variants
  Odds API events: 0
  (offseason or no lines posted)
-- detect_line_movement NHL 
=== detect_line_movement · NHL · lookback 6h ===
  wrote 14 flags

TOTAL flags written: 14
-- detect_line_movement NBA 
=== detect_line_movement · NBA · lookback 6h ===

TOTAL flags written: 0
-- detect_line_movement NFL 
=== detect_line_movement · NFL · lookback 6h ===
  wrote 6 flags

TOTAL flags written: 6
-- detect_line_movement NCAAF 
=== detect_line_movement · NCAAF · lookback 6h ===
  wrote 7 flags

TOTAL flags written: 7
-- detect_line_movement NCAAB 
=== detect_line_movement · NCAAB · lookback 6h ===

TOTAL flags written: 0
-- classify_line_moves ALL 
=== classify_line_moves · MLB/NFL/NCAAF/NCAAB/NHL/UFC  ===
  MLB: 3 flags in last 24h
  MLB: classifications → NEUTRAL=1, CONSENSUS_CONFIRMED=1, PATTERN_ONLY=1
  NFL: 40 flags in last 24h
  NFL: classifications → PATTERN_ONLY=40
  NCAAF: 67 flags in last 24h
  NCAAF: classifications → PATTERN_ONLY=42, CONSENSUS_LEAN=7, NEUTRAL=8, PUBLIC_MOVE_LEAN=2, PUBLIC_MOVE_CONFIRMED=2, SHARP_MOVE_CONFIRMED=3, CONSENSUS_CONFIRMED=1, SHARP_MOVE_LEAN=2
  NCAAB: 0 flags in last 24h
  NHL: 32 flags in last 24h
  NHL: classifications → PATTERN_ONLY=25, NEUTRAL=3, CONSENSUS_LEAN=2, SHARP_MOVE_LEAN=1, PUBLIC_MOVE_LEAN=1
  UFC: 0 flags in last 24h

  ✓ 142/142 flags classified
======== [Tue 10/06/2026  5:58:07.45] all steps ok ======== 
 
======== [Tue 10/06/2026  6:26:01.91] multisport poller start ======== 
-- nhl_odds_pull.py 
=== NHL odds pull · 2026-10-06 06:26 ET ===
  Odds API ok · quota left 4985761
  events: 13 · rows built: 13
  date span: 2026-10-06 .. 2026-10-10 (4 dates)
  line_history: 594 rows from 13 events
  ✓ upserted 13/13 games into nhl_game_results
-- nba_odds_pull.py 
=== NBA odds pull · 2026-10-06 06:26 ET ===
  Odds API ok · quota left 4985758
  events: 46 · rows built: 46
  date span: 2026-10-20 .. 2026-12-25 (12 dates)
  line_history: 968 rows from 46 events
  ✓ upserted 46/46 games into nba_game_results
-- nfl_odds_pull.py 
=== NFL odds pull · 2026-10-06 ===
  alias map: 32 team-name variants
  americanfootball_nfl: 15 events
    line_history: 936 rows from 15 events
    ✓ wrote 15 rows to nfl_game_results

=== Summary: 15 games ===
-- ncaaf_odds_pull.py 
=== NCAAF odds pull · 2026-10-06 ===
  alias map: 2871 name variants
  Odds API events: 59
    line_history: 3456 rows from 59 events

✓ wrote 59 rows to ncaaf_game_results
-- ncaab_odds_pull.py 
=== NCAAB odds pull · 2026-10-06 ===
  alias map: 1542 name variants
  Odds API events: 0
  (offseason or no lines posted)
-- detect_line_movement NHL 
=== detect_line_movement · NHL · lookback 6h ===
  wrote 12 flags

TOTAL flags written: 12
-- detect_line_movement NBA 
=== detect_line_movement · NBA · lookback 6h ===

TOTAL flags written: 0
-- detect_line_movement NFL 
=== detect_line_movement · NFL · lookback 6h ===
  wrote 4 flags

TOTAL flags written: 4
-- detect_line_movement NCAAF 
=== detect_line_movement · NCAAF · lookback 6h ===
  wrote 5 flags

TOTAL flags written: 5
-- detect_line_movement NCAAB 
=== detect_line_movement · NCAAB · lookback 6h ===

TOTAL flags written: 0
-- classify_line_moves ALL 
=== classify_line_moves · MLB/NFL/NCAAF/NCAAB/NHL/UFC  ===
  MLB: 3 flags in last 24h
  MLB: classifications → NEUTRAL=1, CONSENSUS_CONFIRMED=1, PATTERN_ONLY=1
  NFL: 41 flags in last 24h
  NFL: classifications → PATTERN_ONLY=41
  NCAAF: 67 flags in last 24h
  NCAAF: classifications → PATTERN_ONLY=42, CONSENSUS_LEAN=7, NEUTRAL=8, PUBLIC_MOVE_LEAN=2, PUBLIC_MOVE_CONFIRMED=2, SHARP_MOVE_CONFIRMED=3, CONSENSUS_CONFIRMED=1, SHARP_MOVE_LEAN=2
  NCAAB: 0 flags in last 24h
  NHL: 32 flags in last 24h
  NHL: classifications → PATTERN_ONLY=25, NEUTRAL=3, CONSENSUS_LEAN=2, SHARP_MOVE_LEAN=1, PUBLIC_MOVE_LEAN=1
  UFC: 0 flags in last 24h

  ✓ 143/143 flags classified
======== [Tue 10/06/2026  6:28:13.37] all steps ok ======== 
 
======== [Tue 10/06/2026  6:56:01.92] multisport poller start ======== 
-- nhl_odds_pull.py 
=== NHL odds pull · 2026-10-06 06:56 ET ===
  Odds API ok · quota left 4985737
  events: 13 · rows built: 13
  date span: 2026-10-06 .. 2026-10-10 (4 dates)
  line_history: 594 rows from 13 events
  ✓ upserted 13/13 games into nhl_game_results
-- nba_odds_pull.py 
=== NBA odds pull · 2026-10-06 06:56 ET ===
  Odds API ok · quota left 4985734
  events: 46 · rows built: 46
  date span: 2026-10-20 .. 2026-12-25 (12 dates)
  line_history: 968 rows from 46 events
  ✓ upserted 46/46 games into nba_game_results
-- nfl_odds_pull.py 
=== NFL odds pull · 2026-10-06 ===
  alias map: 32 team-name variants
  americanfootball_nfl: 15 events
    line_history: 936 rows from 15 events
    ✓ wrote 15 rows to nfl_game_results

=== Summary: 15 games ===
-- ncaaf_odds_pull.py 
=== NCAAF odds pull · 2026-10-06 ===
  alias map: 2871 name variants
  Odds API events: 59
    line_history: 3456 rows from 59 events

✓ wrote 59 rows to ncaaf_game_results
-- ncaab_odds_pull.py 
=== NCAAB odds pull · 2026-10-06 ===
  alias map: 1542 name variants
  Odds API events: 0
  (offseason or no lines posted)
-- detect_line_movement NHL 
=== detect_line_movement · NHL · lookback 6h ===
  wrote 12 flags

TOTAL flags written: 12
-- detect_line_movement NBA 
=== detect_line_movement · NBA · lookback 6h ===

TOTAL flags written: 0
-- detect_line_movement NFL 
=== detect_line_movement · NFL · lookback 6h ===
  wrote 5 flags

TOTAL flags written: 5
-- detect_line_movement NCAAF 
=== detect_line_movement · NCAAF · lookback 6h ===
  wrote 12 flags

TOTAL flags written: 12
-- detect_line_movement NCAAB 
=== detect_line_movement · NCAAB · lookback 6h ===

TOTAL flags written: 0
-- classify_line_moves ALL 
=== classify_line_moves · MLB/NFL/NCAAF/NCAAB/NHL/UFC  ===
  MLB: 3 flags in last 24h
  MLB: classifications → NEUTRAL=1, CONSENSUS_CONFIRMED=1, PATTERN_ONLY=1
  NFL: 44 flags in last 24h
  NFL: classifications → PATTERN_ONLY=44
  NCAAF: 72 flags in last 24h
  NCAAF: classifications → PATTERN_ONLY=44, CONSENSUS_LEAN=7, NEUTRAL=9, PUBLIC_MOVE_LEAN=3, PUBLIC_MOVE_CONFIRMED=2, SHARP_MOVE_CONFIRMED=2, CONSENSUS_CONFIRMED=1, SHARP_MOVE_LEAN=4
  NCAAB: 0 flags in last 24h
  NHL: 32 flags in last 24h
  NHL: classifications → PATTERN_ONLY=25, NEUTRAL=3, CONSENSUS_LEAN=2, SHARP_MOVE_LEAN=1, PUBLIC_MOVE_LEAN=1
  UFC: 0 flags in last 24h

  ✓ 151/151 flags classified
======== [Tue 10/06/2026  6:58:17.58] all steps ok ======== 
 
======== [Tue 10/06/2026  9:35:15.72] multisport poller start ======== 
-- nhl_odds_pull.py 
=== NHL odds pull · 2026-10-06 09:35 ET ===
Traceback (most recent call last):
  File "C:\Users\gomez\AppData\Roaming\Python\Python314\site-packages\urllib3\connection.py", line 204, in _new_conn
    sock = connection.create_connection(
        (self._dns_host, self.port),
    ...<2 lines>...
        socket_options=self.socket_options,
    )
  File "C:\Users\gomez\AppData\Roaming\Python\Python314\site-packages\urllib3\util\connection.py", line 60, in create_connection
    for res in socket.getaddrinfo(host, port, family, socket.SOCK_STREAM):
               ~~~~~~~~~~~~~~~~~~^^^^^^^^^^^^^^^^^^^^^^^^^^^^^^^^^^^^^^^^
  File "C:\Python314\Lib\socket.py", line 983, in getaddrinfo
    for res in _socket.getaddrinfo(host, port, family, type, proto, flags):
               ~~~~~~~~~~~~~~~~~~~^^^^^^^^^^^^^^^^^^^^^^^^^^^^^^^^^^^^^^^^
socket.gaierror: [Errno 11001] getaddrinfo failed

The above exception was the direct cause of the following exception:

Traceback (most recent call last):
  File "C:\Users\gomez\AppData\Roaming\Python\Python314\site-packages\urllib3\connectionpool.py", line 787, in urlopen
    response = self._make_request(
        conn,
    ...<10 lines>...
        **response_kw,
    )
  File "C:\Users\gomez\AppData\Roaming\Python\Python314\site-packages\urllib3\connectionpool.py", line 488, in _make_request
    raise new_e
  File "C:\Users\gomez\AppData\Roaming\Python\Python314\site-packages\urllib3\connectionpool.py", line 464, in _make_request
    self._validate_conn(conn)
    ~~~~~~~~~~~~~~~~~~~^^^^^^
  File "C:\Users\gomez\AppData\Roaming\Python\Python314\site-packages\urllib3\connectionpool.py", line 1093, in _validate_conn
    conn.connect()
    ~~~~~~~~~~~~^^
  File "C:\Users\gomez\AppData\Roaming\Python\Python314\site-packages\urllib3\connection.py", line 759, in connect
    self.sock = sock = self._new_conn()
                       ~~~~~~~~~~~~~~^^
  File "C:\Users\gomez\AppData\Roaming\Python\Python314\site-packages\urllib3\connection.py", line 211, in _new_conn
    raise NameResolutionError(self.host, self, e) from e
urllib3.exceptions.NameResolutionError: HTTPSConnection(host='api.the-odds-api.com', port=443): Failed to resolve 'api.the-odds-api.com' ([Errno 11001] getaddrinfo failed)

The above exception was the direct cause of the following exception:

Traceback (most recent call last):
  File "C:\Users\gomez\AppData\Roaming\Python\Python314\site-packages\requests\adapters.py", line 644, in send
    resp = conn.urlopen(
        method=request.method,
    ...<9 lines>...
        chunked=chunked,
    )
  File "C:\Users\gomez\AppData\Roaming\Python\Python314\site-packages\urllib3\connectionpool.py", line 841, in urlopen
    retries = retries.increment(
        method, url, error=new_e, _pool=self, _stacktrace=sys.exc_info()[2]
    )
  File "C:\Users\gomez\AppData\Roaming\Python\Python314\site-packages\urllib3\util\retry.py", line 535, in increment
    raise MaxRetryError(_pool, url, reason) from reason  # type: ignore[arg-type]
    ^^^^^^^^^^^^^^^^^^^^^^^^^^^^^^^^^^^^^^^^^^^^^^^^^^^
urllib3.exceptions.MaxRetryError: HTTPSConnectionPool(host='api.the-odds-api.com', port=443): Max retries exceeded with url: /v4/sports/icehockey_nhl/odds?apiKey=7526d2360f9203e651b629baf56fb235&regions=us&markets=h2h%2Cspreads%2Ctotals&oddsFormat=american (Caused by NameResolutionError("HTTPSConnection(host='api.the-odds-api.com', port=443): Failed to resolve 'api.the-odds-api.com' ([Errno 11001] getaddrinfo failed)"))

During handling of the above exception, another exception occurred:

Traceback (most recent call last):
  File "C:\Users\gomez\SweatShop\mlb_pipeline\nhl_odds_pull.py", line 60, in <module>
    main()
    ~~~~^^
  File "C:\Users\gomez\SweatShop\mlb_pipeline\nhl_odds_pull.py", line 56, in main
    PULLER.run(dry_run=ap.parse_args().dry_run)
    ~~~~~~~~~~^^^^^^^^^^^^^^^^^^^^^^^^^^^^^^^^^
  File "C:\Users\gomez\SweatShop\mlb_pipeline\odds_pull_core.py", line 460, in run
    events = self.fetch()
  File "C:\Users\gomez\SweatShop\mlb_pipeline\odds_pull_core.py", line 309, in fetch
    r = requests.get(
        f'{ODDS_API_BASE}/{self.odds_sport}/odds',
        params={'apiKey': ODDS_KEY, 'regions': 'us',
                'markets': 'h2h,spreads,totals', 'oddsFormat': 'american'},
        timeout=40)
  File "C:\Users\gomez\AppData\Roaming\Python\Python314\site-packages\requests\api.py", line 73, in get
    return request("get", url, params=params, **kwargs)
  File "C:\Users\gomez\AppData\Roaming\Python\Python314\site-packages\requests\api.py", line 59, in request
    return session.request(method=method, url=url, **kwargs)
           ~~~~~~~~~~~~~~~^^^^^^^^^^^^^^^^^^^^^^^^^^^^^^^^^^
  File "C:\Users\gomez\AppData\Roaming\Python\Python314\site-packages\requests\sessions.py", line 589, in request
    resp = self.send(prep, **send_kwargs)
  File "C:\Users\gomez\AppData\Roaming\Python\Python314\site-packages\requests\sessions.py", line 703, in send
    r = adapter.send(request, **kwargs)
  File "C:\Users\gomez\AppData\Roaming\Python\Python314\site-packages\requests\adapters.py", line 677, in send
    raise ConnectionError(e, request=request)
requests.exceptions.ConnectionError: HTTPSConnectionPool(host='api.the-odds-api.com', port=443): Max retries exceeded with url: /v4/sports/icehockey_nhl/odds?apiKey=7526d2360f9203e651b629baf56fb235&regions=us&markets=h2h%2Cspreads%2Ctotals&oddsFormat=american (Caused by NameResolutionError("HTTPSConnection(host='api.the-odds-api.com', port=443): Failed to resolve 'api.the-odds-api.com' ([Errno 11001] getaddrinfo failed)"))
-- nba_odds_pull.py 
=== NBA odds pull · 2026-10-06 09:35 ET ===
Traceback (most recent call last):
  File "C:\Users\gomez\AppData\Roaming\Python\Python314\site-packages\urllib3\connection.py", line 204, in _new_conn
    sock = connection.create_connection(
        (self._dns_host, self.port),
    ...<2 lines>...
        socket_options=self.socket_options,
    )
  File "C:\Users\gomez\AppData\Roaming\Python\Python314\site-packages\urllib3\util\connection.py", line 60, in create_connection
    for res in socket.getaddrinfo(host, port, family, socket.SOCK_STREAM):
               ~~~~~~~~~~~~~~~~~~^^^^^^^^^^^^^^^^^^^^^^^^^^^^^^^^^^^^^^^^
  File "C:\Python314\Lib\socket.py", line 983, in getaddrinfo
    for res in _socket.getaddrinfo(host, port, family, type, proto, flags):
               ~~~~~~~~~~~~~~~~~~~^^^^^^^^^^^^^^^^^^^^^^^^^^^^^^^^^^^^^^^^
socket.gaierror: [Errno 11001] getaddrinfo failed

The above exception was the direct cause of the following exception:

Traceback (most recent call last):
  File "C:\Users\gomez\AppData\Roaming\Python\Python314\site-packages\urllib3\connectionpool.py", line 787, in urlopen
    response = self._make_request(
        conn,
    ...<10 lines>...
        **response_kw,
    )
  File "C:\Users\gomez\AppData\Roaming\Python\Python314\site-packages\urllib3\connectionpool.py", line 488, in _make_request
    raise new_e
  File "C:\Users\gomez\AppData\Roaming\Python\Python314\site-packages\urllib3\connectionpool.py", line 464, in _make_request
    self._validate_conn(conn)
    ~~~~~~~~~~~~~~~~~~~^^^^^^
  File "C:\Users\gomez\AppData\Roaming\Python\Python314\site-packages\urllib3\connectionpool.py", line 1093, in _validate_conn
    conn.connect()
    ~~~~~~~~~~~~^^
  File "C:\Users\gomez\AppData\Roaming\Python\Python314\site-packages\urllib3\connection.py", line 759, in connect
    self.sock = sock = self._new_conn()
                       ~~~~~~~~~~~~~~^^
  File "C:\Users\gomez\AppData\Roaming\Python\Python314\site-packages\urllib3\connection.py", line 211, in _new_conn
    raise NameResolutionError(self.host, self, e) from e
urllib3.exceptions.NameResolutionError: HTTPSConnection(host='api.the-odds-api.com', port=443): Failed to resolve 'api.the-odds-api.com' ([Errno 11001] getaddrinfo failed)

The above exception was the direct cause of the following exception:

Traceback (most recent call last):
  File "C:\Users\gomez\AppData\Roaming\Python\Python314\site-packages\requests\adapters.py", line 644, in send
    resp = conn.urlopen(
        method=request.method,
    ...<9 lines>...
        chunked=chunked,
    )
  File "C:\Users\gomez\AppData\Roaming\Python\Python314\site-packages\urllib3\connectionpool.py", line 841, in urlopen
    retries = retries.increment(
        method, url, error=new_e, _pool=self, _stacktrace=sys.exc_info()[2]
    )
  File "C:\Users\gomez\AppData\Roaming\Python\Python314\site-packages\urllib3\util\retry.py", line 535, in increment
    raise MaxRetryError(_pool, url, reason) from reason  # type: ignore[arg-type]
    ^^^^^^^^^^^^^^^^^^^^^^^^^^^^^^^^^^^^^^^^^^^^^^^^^^^
urllib3.exceptions.MaxRetryError: HTTPSConnectionPool(host='api.the-odds-api.com', port=443): Max retries exceeded with url: /v4/sports/basketball_nba/odds?apiKey=7526d2360f9203e651b629baf56fb235&regions=us&markets=h2h%2Cspreads%2Ctotals&oddsFormat=american (Caused by NameResolutionError("HTTPSConnection(host='api.the-odds-api.com', port=443): Failed to resolve 'api.the-odds-api.com' ([Errno 11001] getaddrinfo failed)"))

During handling of the above exception, another exception occurred:

Traceback (most recent call last):
  File "C:\Users\gomez\SweatShop\mlb_pipeline\nba_odds_pull.py", line 43, in <module>
    main()
    ~~~~^^
  File "C:\Users\gomez\SweatShop\mlb_pipeline\nba_odds_pull.py", line 39, in main
    PULLER.run(dry_run=ap.parse_args().dry_run)
    ~~~~~~~~~~^^^^^^^^^^^^^^^^^^^^^^^^^^^^^^^^^
  File "C:\Users\gomez\SweatShop\mlb_pipeline\odds_pull_core.py", line 460, in run
    events = self.fetch()
  File "C:\Users\gomez\SweatShop\mlb_pipeline\odds_pull_core.py", line 309, in fetch
    r = requests.get(
        f'{ODDS_API_BASE}/{self.odds_sport}/odds',
        params={'apiKey': ODDS_KEY, 'regions': 'us',
                'markets': 'h2h,spreads,totals', 'oddsFormat': 'american'},
        timeout=40)
  File "C:\Users\gomez\AppData\Roaming\Python\Python314\site-packages\requests\api.py", line 73, in get
    return request("get", url, params=params, **kwargs)
  File "C:\Users\gomez\AppData\Roaming\Python\Python314\site-packages\requests\api.py", line 59, in request
    return session.request(method=method, url=url, **kwargs)
           ~~~~~~~~~~~~~~~^^^^^^^^^^^^^^^^^^^^^^^^^^^^^^^^^^
  File "C:\Users\gomez\AppData\Roaming\Python\Python314\site-packages\requests\sessions.py", line 589, in request
    resp = self.send(prep, **send_kwargs)
  File "C:\Users\gomez\AppData\Roaming\Python\Python314\site-packages\requests\sessions.py", line 703, in send
    r = adapter.send(request, **kwargs)
  File "C:\Users\gomez\AppData\Roaming\Python\Python314\site-packages\requests\adapters.py", line 677, in send
    raise ConnectionError(e, request=request)
requests.exceptions.ConnectionError: HTTPSConnectionPool(host='api.the-odds-api.com', port=443): Max retries exceeded with url: /v4/sports/basketball_nba/odds?apiKey=7526d2360f9203e651b629baf56fb235&regions=us&markets=h2h%2Cspreads%2Ctotals&oddsFormat=american (Caused by NameResolutionError("HTTPSConnection(host='api.the-odds-api.com', port=443): Failed to resolve 'api.the-odds-api.com' ([Errno 11001] getaddrinfo failed)"))
-- nfl_odds_pull.py 
=== NFL odds pull · 2026-10-06 ===
Traceback (most recent call last):
  File "C:\Users\gomez\AppData\Roaming\Python\Python314\site-packages\urllib3\connection.py", line 204, in _new_conn
    sock = connection.create_connection(
        (self._dns_host, self.port),
    ...<2 lines>...
        socket_options=self.socket_options,
    )
  File "C:\Users\gomez\AppData\Roaming\Python\Python314\site-packages\urllib3\util\connection.py", line 60, in create_connection
    for res in socket.getaddrinfo(host, port, family, socket.SOCK_STREAM):
               ~~~~~~~~~~~~~~~~~~^^^^^^^^^^^^^^^^^^^^^^^^^^^^^^^^^^^^^^^^
  File "C:\Python314\Lib\socket.py", line 983, in getaddrinfo
    for res in _socket.getaddrinfo(host, port, family, type, proto, flags):
               ~~~~~~~~~~~~~~~~~~~^^^^^^^^^^^^^^^^^^^^^^^^^^^^^^^^^^^^^^^^
socket.gaierror: [Errno 11001] getaddrinfo failed

The above exception was the direct cause of the following exception:

Traceback (most recent call last):
  File "C:\Users\gomez\AppData\Roaming\Python\Python314\site-packages\urllib3\connectionpool.py", line 787, in urlopen
    response = self._make_request(
        conn,
    ...<10 lines>...
        **response_kw,
    )
  File "C:\Users\gomez\AppData\Roaming\Python\Python314\site-packages\urllib3\connectionpool.py", line 488, in _make_request
    raise new_e
  File "C:\Users\gomez\AppData\Roaming\Python\Python314\site-packages\urllib3\connectionpool.py", line 464, in _make_request
    self._validate_conn(conn)
    ~~~~~~~~~~~~~~~~~~~^^^^^^
  File "C:\Users\gomez\AppData\Roaming\Python\Python314\site-packages\urllib3\connectionpool.py", line 1093, in _validate_conn
    conn.connect()
    ~~~~~~~~~~~~^^
  File "C:\Users\gomez\AppData\Roaming\Python\Python314\site-packages\urllib3\connection.py", line 759, in connect
    self.sock = sock = self._new_conn()
                       ~~~~~~~~~~~~~~^^
  File "C:\Users\gomez\AppData\Roaming\Python\Python314\site-packages\urllib3\connection.py", line 211, in _new_conn
    raise NameResolutionError(self.host, self, e) from e
urllib3.exceptions.NameResolutionError: HTTPSConnection(host='vctzbruocrjiojtmpjlw.supabase.co', port=443): Failed to resolve 'vctzbruocrjiojtmpjlw.supabase.co' ([Errno 11001] getaddrinfo failed)

The above exception was the direct cause of the following exception:

Traceback (most recent call last):
  File "C:\Users\gomez\AppData\Roaming\Python\Python314\site-packages\requests\adapters.py", line 644, in send
    resp = conn.urlopen(
        method=request.method,
    ...<9 lines>...
        chunked=chunked,
    )
  File "C:\Users\gomez\AppData\Roaming\Python\Python314\site-packages\urllib3\connectionpool.py", line 841, in urlopen
    retries = retries.increment(
        method, url, error=new_e, _pool=self, _stacktrace=sys.exc_info()[2]
    )
  File "C:\Users\gomez\AppData\Roaming\Python\Python314\site-packages\urllib3\util\retry.py", line 535, in increment
    raise MaxRetryError(_pool, url, reason) from reason  # type: ignore[arg-type]
    ^^^^^^^^^^^^^^^^^^^^^^^^^^^^^^^^^^^^^^^^^^^^^^^^^^^
urllib3.exceptions.MaxRetryError: HTTPSConnectionPool(host='vctzbruocrjiojtmpjlw.supabase.co', port=443): Max retries exceeded with url: /rest/v1/nfl_team_aliases?select=canonical_name,odds_api_name,full_name (Caused by NameResolutionError("HTTPSConnection(host='vctzbruocrjiojtmpjlw.supabase.co', port=443): Failed to resolve 'vctzbruocrjiojtmpjlw.supabase.co' ([Errno 11001] getaddrinfo failed)"))

During handling of the above exception, another exception occurred:

Traceback (most recent call last):
  File "C:\Users\gomez\SweatShop\mlb_pipeline\nfl_odds_pull.py", line 413, in <module>
    main()
    ~~~~^^
  File "C:\Users\gomez\SweatShop\mlb_pipeline\nfl_odds_pull.py", line 409, in main
    run(preseason=args.preseason, dry_run=args.dry_run)
    ~~~^^^^^^^^^^^^^^^^^^^^^^^^^^^^^^^^^^^^^^^^^^^^^^^^
  File "C:\Users\gomez\SweatShop\mlb_pipeline\nfl_odds_pull.py", line 357, in run
    aliases = load_alias_map()
  File "C:\Users\gomez\SweatShop\mlb_pipeline\nfl_odds_pull.py", line 68, in load_alias_map
    r = requests.get(
        f'{SB}/rest/v1/nfl_team_aliases?select=canonical_name,odds_api_name,full_name',
        headers=H_READ, timeout=15,
    )
  File "C:\Users\gomez\AppData\Roaming\Python\Python314\site-packages\requests\api.py", line 73, in get
    return request("get", url, params=params, **kwargs)
  File "C:\Users\gomez\AppData\Roaming\Python\Python314\site-packages\requests\api.py", line 59, in request
    return session.request(method=method, url=url, **kwargs)
           ~~~~~~~~~~~~~~~^^^^^^^^^^^^^^^^^^^^^^^^^^^^^^^^^^
  File "C:\Users\gomez\AppData\Roaming\Python\Python314\site-packages\requests\sessions.py", line 589, in request
    resp = self.send(prep, **send_kwargs)
  File "C:\Users\gomez\AppData\Roaming\Python\Python314\site-packages\requests\sessions.py", line 703, in send
    r = adapter.send(request, **kwargs)
  File "C:\Users\gomez\AppData\Roaming\Python\Python314\site-packages\requests\adapters.py", line 677, in send
    raise ConnectionError(e, request=request)
requests.exceptions.ConnectionError: HTTPSConnectionPool(host='vctzbruocrjiojtmpjlw.supabase.co', port=443): Max retries exceeded with url: /rest/v1/nfl_team_aliases?select=canonical_name,odds_api_name,full_name (Caused by NameResolutionError("HTTPSConnection(host='vctzbruocrjiojtmpjlw.supabase.co', port=443): Failed to resolve 'vctzbruocrjiojtmpjlw.supabase.co' ([Errno 11001] getaddrinfo failed)"))
-- ncaaf_odds_pull.py 
=== NCAAF odds pull · 2026-10-06 ===
Traceback (most recent call last):
  File "C:\Users\gomez\AppData\Roaming\Python\Python314\site-packages\urllib3\connection.py", line 204, in _new_conn
    sock = connection.create_connection(
        (self._dns_host, self.port),
    ...<2 lines>...
        socket_options=self.socket_options,
    )
  File "C:\Users\gomez\AppData\Roaming\Python\Python314\site-packages\urllib3\util\connection.py", line 60, in create_connection
    for res in socket.getaddrinfo(host, port, family, socket.SOCK_STREAM):
               ~~~~~~~~~~~~~~~~~~^^^^^^^^^^^^^^^^^^^^^^^^^^^^^^^^^^^^^^^^
  File "C:\Python314\Lib\socket.py", line 983, in getaddrinfo
    for res in _socket.getaddrinfo(host, port, family, type, proto, flags):
               ~~~~~~~~~~~~~~~~~~~^^^^^^^^^^^^^^^^^^^^^^^^^^^^^^^^^^^^^^^^
socket.gaierror: [Errno 11001] getaddrinfo failed

The above exception was the direct cause of the following exception:

Traceback (most recent call last):
  File "C:\Users\gomez\AppData\Roaming\Python\Python314\site-packages\urllib3\connectionpool.py", line 787, in urlopen
    response = self._make_request(
        conn,
    ...<10 lines>...
        **response_kw,
    )
  File "C:\Users\gomez\AppData\Roaming\Python\Python314\site-packages\urllib3\connectionpool.py", line 488, in _make_request
    raise new_e
  File "C:\Users\gomez\AppData\Roaming\Python\Python314\site-packages\urllib3\connectionpool.py", line 464, in _make_request
    self._validate_conn(conn)
    ~~~~~~~~~~~~~~~~~~~^^^^^^
  File "C:\Users\gomez\AppData\Roaming\Python\Python314\site-packages\urllib3\connectionpool.py", line 1093, in _validate_conn
    conn.connect()
    ~~~~~~~~~~~~^^
  File "C:\Users\gomez\AppData\Roaming\Python\Python314\site-packages\urllib3\connection.py", line 759, in connect
    self.sock = sock = self._new_conn()
                       ~~~~~~~~~~~~~~^^
  File "C:\Users\gomez\AppData\Roaming\Python\Python314\site-packages\urllib3\connection.py", line 211, in _new_conn
    raise NameResolutionError(self.host, self, e) from e
urllib3.exceptions.NameResolutionError: HTTPSConnection(host='vctzbruocrjiojtmpjlw.supabase.co', port=443): Failed to resolve 'vctzbruocrjiojtmpjlw.supabase.co' ([Errno 11001] getaddrinfo failed)

The above exception was the direct cause of the following exception:

Traceback (most recent call last):
  File "C:\Users\gomez\AppData\Roaming\Python\Python314\site-packages\requests\adapters.py", line 644, in send
    resp = conn.urlopen(
        method=request.method,
    ...<9 lines>...
        chunked=chunked,
    )
  File "C:\Users\gomez\AppData\Roaming\Python\Python314\site-packages\urllib3\connectionpool.py", line 841, in urlopen
    retries = retries.increment(
        method, url, error=new_e, _pool=self, _stacktrace=sys.exc_info()[2]
    )
  File "C:\Users\gomez\AppData\Roaming\Python\Python314\site-packages\urllib3\util\retry.py", line 535, in increment
    raise MaxRetryError(_pool, url, reason) from reason  # type: ignore[arg-type]
    ^^^^^^^^^^^^^^^^^^^^^^^^^^^^^^^^^^^^^^^^^^^^^^^^^^^
urllib3.exceptions.MaxRetryError: HTTPSConnectionPool(host='vctzbruocrjiojtmpjlw.supabase.co', port=443): Max retries exceeded with url: /rest/v1/ncaaf_team_aliases?select=canonical_name,full_name,alt_names (Caused by NameResolutionError("HTTPSConnection(host='vctzbruocrjiojtmpjlw.supabase.co', port=443): Failed to resolve 'vctzbruocrjiojtmpjlw.supabase.co' ([Errno 11001] getaddrinfo failed)"))

During handling of the above exception, another exception occurred:

Traceback (most recent call last):
  File "C:\Users\gomez\SweatShop\mlb_pipeline\ncaaf_odds_pull.py", line 451, in <module>
    main()
    ~~~~^^
  File "C:\Users\gomez\SweatShop\mlb_pipeline\ncaaf_odds_pull.py", line 447, in main
    run(dry_run=args.dry_run)
    ~~~^^^^^^^^^^^^^^^^^^^^^^
  File "C:\Users\gomez\SweatShop\mlb_pipeline\ncaaf_odds_pull.py", line 410, in run
    aliases = load_alias_map()
  File "C:\Users\gomez\SweatShop\mlb_pipeline\ncaaf_odds_pull.py", line 83, in load_alias_map
    r = requests.get(
        f'{SB}/rest/v1/ncaaf_team_aliases?select=canonical_name,full_name,alt_names',
        headers=H_READ, timeout=15,
    )
  File "C:\Users\gomez\AppData\Roaming\Python\Python314\site-packages\requests\api.py", line 73, in get
    return request("get", url, params=params, **kwargs)
  File "C:\Users\gomez\AppData\Roaming\Python\Python314\site-packages\requests\api.py", line 59, in request
    return session.request(method=method, url=url, **kwargs)
           ~~~~~~~~~~~~~~~^^^^^^^^^^^^^^^^^^^^^^^^^^^^^^^^^^
  File "C:\Users\gomez\AppData\Roaming\Python\Python314\site-packages\requests\sessions.py", line 589, in request
    resp = self.send(prep, **send_kwargs)
  File "C:\Users\gomez\AppData\Roaming\Python\Python314\site-packages\requests\sessions.py", line 703, in send
    r = adapter.send(request, **kwargs)
  File "C:\Users\gomez\AppData\Roaming\Python\Python314\site-packages\requests\adapters.py", line 677, in send
    raise ConnectionError(e, request=request)
requests.exceptions.ConnectionError: HTTPSConnectionPool(host='vctzbruocrjiojtmpjlw.supabase.co', port=443): Max retries exceeded with url: /rest/v1/ncaaf_team_aliases?select=canonical_name,full_name,alt_names (Caused by NameResolutionError("HTTPSConnection(host='vctzbruocrjiojtmpjlw.supabase.co', port=443): Failed to resolve 'vctzbruocrjiojtmpjlw.supabase.co' ([Errno 11001] getaddrinfo failed)"))
-- ncaab_odds_pull.py 
=== NCAAB odds pull · 2026-10-06 ===
Traceback (most recent call last):
  File "C:\Users\gomez\AppData\Roaming\Python\Python314\site-packages\urllib3\connection.py", line 204, in _new_conn
    sock = connection.create_connection(
        (self._dns_host, self.port),
    ...<2 lines>...
        socket_options=self.socket_options,
    )
  File "C:\Users\gomez\AppData\Roaming\Python\Python314\site-packages\urllib3\util\connection.py", line 60, in create_connection
    for res in socket.getaddrinfo(host, port, family, socket.SOCK_STREAM):
               ~~~~~~~~~~~~~~~~~~^^^^^^^^^^^^^^^^^^^^^^^^^^^^^^^^^^^^^^^^
  File "C:\Python314\Lib\socket.py", line 983, in getaddrinfo
    for res in _socket.getaddrinfo(host, port, family, type, proto, flags):
               ~~~~~~~~~~~~~~~~~~~^^^^^^^^^^^^^^^^^^^^^^^^^^^^^^^^^^^^^^^^
socket.gaierror: [Errno 11001] getaddrinfo failed

The above exception was the direct cause of the following exception:

Traceback (most recent call last):
  File "C:\Users\gomez\AppData\Roaming\Python\Python314\site-packages\urllib3\connectionpool.py", line 787, in urlopen
    response = self._make_request(
        conn,
    ...<10 lines>...
        **response_kw,
    )
  File "C:\Users\gomez\AppData\Roaming\Python\Python314\site-packages\urllib3\connectionpool.py", line 488, in _make_request
    raise new_e
  File "C:\Users\gomez\AppData\Roaming\Python\Python314\site-packages\urllib3\connectionpool.py", line 464, in _make_request
    self._validate_conn(conn)
    ~~~~~~~~~~~~~~~~~~~^^^^^^
  File "C:\Users\gomez\AppData\Roaming\Python\Python314\site-packages\urllib3\connectionpool.py", line 1093, in _validate_conn
    conn.connect()
    ~~~~~~~~~~~~^^
  File "C:\Users\gomez\AppData\Roaming\Python\Python314\site-packages\urllib3\connection.py", line 759, in connect
    self.sock = sock = self._new_conn()
                       ~~~~~~~~~~~~~~^^
  File "C:\Users\gomez\AppData\Roaming\Python\Python314\site-packages\urllib3\connection.py", line 211, in _new_conn
    raise NameResolutionError(self.host, self, e) from e
urllib3.exceptions.NameResolutionError: HTTPSConnection(host='vctzbruocrjiojtmpjlw.supabase.co', port=443): Failed to resolve 'vctzbruocrjiojtmpjlw.supabase.co' ([Errno 11001] getaddrinfo failed)

The above exception was the direct cause of the following exception:

Traceback (most recent call last):
  File "C:\Users\gomez\AppData\Roaming\Python\Python314\site-packages\requests\adapters.py", line 644, in send
    resp = conn.urlopen(
        method=request.method,
    ...<9 lines>...
        chunked=chunked,
    )
  File "C:\Users\gomez\AppData\Roaming\Python\Python314\site-packages\urllib3\connectionpool.py", line 841, in urlopen
    retries = retries.increment(
        method, url, error=new_e, _pool=self, _stacktrace=sys.exc_info()[2]
    )
  File "C:\Users\gomez\AppData\Roaming\Python\Python314\site-packages\urllib3\util\retry.py", line 535, in increment
    raise MaxRetryError(_pool, url, reason) from reason  # type: ignore[arg-type]
    ^^^^^^^^^^^^^^^^^^^^^^^^^^^^^^^^^^^^^^^^^^^^^^^^^^^
urllib3.exceptions.MaxRetryError: HTTPSConnectionPool(host='vctzbruocrjiojtmpjlw.supabase.co', port=443): Max retries exceeded with url: /rest/v1/ncaab_team_aliases?select=canonical_name,odds_api_name,alt_names (Caused by NameResolutionError("HTTPSConnection(host='vctzbruocrjiojtmpjlw.supabase.co', port=443): Failed to resolve 'vctzbruocrjiojtmpjlw.supabase.co' ([Errno 11001] getaddrinfo failed)"))

During handling of the above exception, another exception occurred:

Traceback (most recent call last):
  File "C:\Users\gomez\SweatShop\mlb_pipeline\ncaab_odds_pull.py", line 334, in <module>
    main()
    ~~~~^^
  File "C:\Users\gomez\SweatShop\mlb_pipeline\ncaab_odds_pull.py", line 330, in main
    run(dry_run=args.dry_run)
    ~~~^^^^^^^^^^^^^^^^^^^^^^
  File "C:\Users\gomez\SweatShop\mlb_pipeline\ncaab_odds_pull.py", line 293, in run
    aliases = load_alias_map()
  File "C:\Users\gomez\SweatShop\mlb_pipeline\ncaab_odds_pull.py", line 60, in load_alias_map
    r = requests.get(
        f'{SB}/rest/v1/ncaab_team_aliases?select=canonical_name,odds_api_name,alt_names',
        headers=H_READ, timeout=15,
    )
  File "C:\Users\gomez\AppData\Roaming\Python\Python314\site-packages\requests\api.py", line 73, in get
    return request("get", url, params=params, **kwargs)
  File "C:\Users\gomez\AppData\Roaming\Python\Python314\site-packages\requests\api.py", line 59, in request
    return session.request(method=method, url=url, **kwargs)
           ~~~~~~~~~~~~~~~^^^^^^^^^^^^^^^^^^^^^^^^^^^^^^^^^^
  File "C:\Users\gomez\AppData\Roaming\Python\Python314\site-packages\requests\sessions.py", line 589, in request
    resp = self.send(prep, **send_kwargs)
  File "C:\Users\gomez\AppData\Roaming\Python\Python314\site-packages\requests\sessions.py", line 703, in send
    r = adapter.send(request, **kwargs)
  File "C:\Users\gomez\AppData\Roaming\Python\Python314\site-packages\requests\adapters.py", line 677, in send
    raise ConnectionError(e, request=request)
requests.exceptions.ConnectionError: HTTPSConnectionPool(host='vctzbruocrjiojtmpjlw.supabase.co', port=443): Max retries exceeded with url: /rest/v1/ncaab_team_aliases?select=canonical_name,odds_api_name,alt_names (Caused by NameResolutionError("HTTPSConnection(host='vctzbruocrjiojtmpjlw.supabase.co', port=443): Failed to resolve 'vctzbruocrjiojtmpjlw.supabase.co' ([Errno 11001] getaddrinfo failed)"))
-- detect_line_movement NHL 
=== detect_line_movement · NHL · lookback 6h ===
Traceback (most recent call last):
  File "C:\Users\gomez\AppData\Roaming\Python\Python314\site-packages\urllib3\connection.py", line 204, in _new_conn
    sock = connection.create_connection(
        (self._dns_host, self.port),
    ...<2 lines>...
        socket_options=self.socket_options,
    )
  File "C:\Users\gomez\AppData\Roaming\Python\Python314\site-packages\urllib3\util\connection.py", line 60, in create_connection
    for res in socket.getaddrinfo(host, port, family, socket.SOCK_STREAM):
               ~~~~~~~~~~~~~~~~~~^^^^^^^^^^^^^^^^^^^^^^^^^^^^^^^^^^^^^^^^
  File "C:\Python314\Lib\socket.py", line 983, in getaddrinfo
    for res in _socket.getaddrinfo(host, port, family, type, proto, flags):
               ~~~~~~~~~~~~~~~~~~~^^^^^^^^^^^^^^^^^^^^^^^^^^^^^^^^^^^^^^^^
socket.gaierror: [Errno 11001] getaddrinfo failed

The above exception was the direct cause of the following exception:

Traceback (most recent call last):
  File "C:\Users\gomez\AppData\Roaming\Python\Python314\site-packages\urllib3\connectionpool.py", line 787, in urlopen
    response = self._make_request(
        conn,
    ...<10 lines>...
        **response_kw,
    )
  File "C:\Users\gomez\AppData\Roaming\Python\Python314\site-packages\urllib3\connectionpool.py", line 488, in _make_request
    raise new_e
  File "C:\Users\gomez\AppData\Roaming\Python\Python314\site-packages\urllib3\connectionpool.py", line 464, in _make_request
    self._validate_conn(conn)
    ~~~~~~~~~~~~~~~~~~~^^^^^^
  File "C:\Users\gomez\AppData\Roaming\Python\Python314\site-packages\urllib3\connectionpool.py", line 1093, in _validate_conn
    conn.connect()
    ~~~~~~~~~~~~^^
  File "C:\Users\gomez\AppData\Roaming\Python\Python314\site-packages\urllib3\connection.py", line 759, in connect
    self.sock = sock = self._new_conn()
                       ~~~~~~~~~~~~~~^^
  File "C:\Users\gomez\AppData\Roaming\Python\Python314\site-packages\urllib3\connection.py", line 211, in _new_conn
    raise NameResolutionError(self.host, self, e) from e
urllib3.exceptions.NameResolutionError: HTTPSConnection(host='vctzbruocrjiojtmpjlw.supabase.co', port=443): Failed to resolve 'vctzbruocrjiojtmpjlw.supabase.co' ([Errno 11001] getaddrinfo failed)

The above exception was the direct cause of the following exception:

Traceback (most recent call last):
  File "C:\Users\gomez\AppData\Roaming\Python\Python314\site-packages\requests\adapters.py", line 644, in send
    resp = conn.urlopen(
        method=request.method,
    ...<9 lines>...
        chunked=chunked,
    )
  File "C:\Users\gomez\AppData\Roaming\Python\Python314\site-packages\urllib3\connectionpool.py", line 841, in urlopen
    retries = retries.increment(
        method, url, error=new_e, _pool=self, _stacktrace=sys.exc_info()[2]
    )
  File "C:\Users\gomez\AppData\Roaming\Python\Python314\site-packages\urllib3\util\retry.py", line 535, in increment
    raise MaxRetryError(_pool, url, reason) from reason  # type: ignore[arg-type]
    ^^^^^^^^^^^^^^^^^^^^^^^^^^^^^^^^^^^^^^^^^^^^^^^^^^^
urllib3.exceptions.MaxRetryError: HTTPSConnectionPool(host='vctzbruocrjiojtmpjlw.supabase.co', port=443): Max retries exceeded with url: /rest/v1/line_history?sport=eq.NHL&captured_at=gte.2026-10-06T07%3A35%3A17.776122%2B00%3A00&select=game_id%2Cmatchup%2Cmarket%2Cbook%2Cside%2Cline%2Cprice%2Ccaptured_at&order=captured_at.asc&limit=1000&offset=0 (Caused by NameResolutionError("HTTPSConnection(host='vctzbruocrjiojtmpjlw.supabase.co', port=443): Failed to resolve 'vctzbruocrjiojtmpjlw.supabase.co' ([Errno 11001] getaddrinfo failed)"))

During handling of the above exception, another exception occurred:

Traceback (most recent call last):
  File "C:\Users\gomez\SweatShop\mlb_pipeline\detect_line_movement.py", line 363, in <module>
    main()
    ~~~~^^
  File "C:\Users\gomez\SweatShop\mlb_pipeline\detect_line_movement.py", line 350, in main
    steam = detect_steam(s, args.lookback_hours, now_iso, args.dry_run)
  File "C:\Users\gomez\SweatShop\mlb_pipeline\detect_line_movement.py", line 75, in detect_steam
    r = requests.get(f'{SB}/rest/v1/line_history', headers=H_READ,
        params={'sport': f'eq.{sport}',
    ...<2 lines>...
                'order': 'captured_at.asc', 'limit': 1000, 'offset': off},
        timeout=30)
  File "C:\Users\gomez\AppData\Roaming\Python\Python314\site-packages\requests\api.py", line 73, in get
    return request("get", url, params=params, **kwargs)
  File "C:\Users\gomez\AppData\Roaming\Python\Python314\site-packages\requests\api.py", line 59, in request
    return session.request(method=method, url=url, **kwargs)
           ~~~~~~~~~~~~~~~^^^^^^^^^^^^^^^^^^^^^^^^^^^^^^^^^^
  File "C:\Users\gomez\AppData\Roaming\Python\Python314\site-packages\requests\sessions.py", line 589, in request
    resp = self.send(prep, **send_kwargs)
  File "C:\Users\gomez\AppData\Roaming\Python\Python314\site-packages\requests\sessions.py", line 703, in send
    r = adapter.send(request, **kwargs)
  File "C:\Users\gomez\AppData\Roaming\Python\Python314\site-packages\requests\adapters.py", line 677, in send
    raise ConnectionError(e, request=request)
requests.exceptions.ConnectionError: HTTPSConnectionPool(host='vctzbruocrjiojtmpjlw.supabase.co', port=443): Max retries exceeded with url: /rest/v1/line_history?sport=eq.NHL&captured_at=gte.2026-10-06T07%3A35%3A17.776122%2B00%3A00&select=game_id%2Cmatchup%2Cmarket%2Cbook%2Cside%2Cline%2Cprice%2Ccaptured_at&order=captured_at.asc&limit=1000&offset=0 (Caused by NameResolutionError("HTTPSConnection(host='vctzbruocrjiojtmpjlw.supabase.co', port=443): Failed to resolve 'vctzbruocrjiojtmpjlw.supabase.co' ([Errno 11001] getaddrinfo failed)"))
-- detect_line_movement NBA 
=== detect_line_movement · NBA · lookback 6h ===
Traceback (most recent call last):
  File "C:\Users\gomez\AppData\Roaming\Python\Python314\site-packages\urllib3\connection.py", line 204, in _new_conn
    sock = connection.create_connection(
        (self._dns_host, self.port),
    ...<2 lines>...
        socket_options=self.socket_options,
    )
  File "C:\Users\gomez\AppData\Roaming\Python\Python314\site-packages\urllib3\util\connection.py", line 60, in create_connection
    for res in socket.getaddrinfo(host, port, family, socket.SOCK_STREAM):
               ~~~~~~~~~~~~~~~~~~^^^^^^^^^^^^^^^^^^^^^^^^^^^^^^^^^^^^^^^^
  File "C:\Python314\Lib\socket.py", line 983, in getaddrinfo
    for res in _socket.getaddrinfo(host, port, family, type, proto, flags):
               ~~~~~~~~~~~~~~~~~~~^^^^^^^^^^^^^^^^^^^^^^^^^^^^^^^^^^^^^^^^
socket.gaierror: [Errno 11001] getaddrinfo failed

The above exception was the direct cause of the following exception:

Traceback (most recent call last):
  File "C:\Users\gomez\AppData\Roaming\Python\Python314\site-packages\urllib3\connectionpool.py", line 787, in urlopen
    response = self._make_request(
        conn,
    ...<10 lines>...
        **response_kw,
    )
  File "C:\Users\gomez\AppData\Roaming\Python\Python314\site-packages\urllib3\connectionpool.py", line 488, in _make_request
    raise new_e
  File "C:\Users\gomez\AppData\Roaming\Python\Python314\site-packages\urllib3\connectionpool.py", line 464, in _make_request
    self._validate_conn(conn)
    ~~~~~~~~~~~~~~~~~~~^^^^^^
  File "C:\Users\gomez\AppData\Roaming\Python\Python314\site-packages\urllib3\connectionpool.py", line 1093, in _validate_conn
    conn.connect()
    ~~~~~~~~~~~~^^
  File "C:\Users\gomez\AppData\Roaming\Python\Python314\site-packages\urllib3\connection.py", line 759, in connect
    self.sock = sock = self._new_conn()
                       ~~~~~~~~~~~~~~^^
  File "C:\Users\gomez\AppData\Roaming\Python\Python314\site-packages\urllib3\connection.py", line 211, in _new_conn
    raise NameResolutionError(self.host, self, e) from e
urllib3.exceptions.NameResolutionError: HTTPSConnection(host='vctzbruocrjiojtmpjlw.supabase.co', port=443): Failed to resolve 'vctzbruocrjiojtmpjlw.supabase.co' ([Errno 11001] getaddrinfo failed)

The above exception was the direct cause of the following exception:

Traceback (most recent call last):
  File "C:\Users\gomez\AppData\Roaming\Python\Python314\site-packages\requests\adapters.py", line 644, in send
    resp = conn.urlopen(
        method=request.method,
    ...<9 lines>...
        chunked=chunked,
    )
  File "C:\Users\gomez\AppData\Roaming\Python\Python314\site-packages\urllib3\connectionpool.py", line 841, in urlopen
    retries = retries.increment(
        method, url, error=new_e, _pool=self, _stacktrace=sys.exc_info()[2]
    )
  File "C:\Users\gomez\AppData\Roaming\Python\Python314\site-packages\urllib3\util\retry.py", line 535, in increment
    raise MaxRetryError(_pool, url, reason) from reason  # type: ignore[arg-type]
    ^^^^^^^^^^^^^^^^^^^^^^^^^^^^^^^^^^^^^^^^^^^^^^^^^^^
urllib3.exceptions.MaxRetryError: HTTPSConnectionPool(host='vctzbruocrjiojtmpjlw.supabase.co', port=443): Max retries exceeded with url: /rest/v1/line_history?sport=eq.NBA&captured_at=gte.2026-10-06T07%3A35%3A18.053952%2B00%3A00&select=game_id%2Cmatchup%2Cmarket%2Cbook%2Cside%2Cline%2Cprice%2Ccaptured_at&order=captured_at.asc&limit=1000&offset=0 (Caused by NameResolutionError("HTTPSConnection(host='vctzbruocrjiojtmpjlw.supabase.co', port=443): Failed to resolve 'vctzbruocrjiojtmpjlw.supabase.co' ([Errno 11001] getaddrinfo failed)"))

During handling of the above exception, another exception occurred:

Traceback (most recent call last):
  File "C:\Users\gomez\SweatShop\mlb_pipeline\detect_line_movement.py", line 363, in <module>
    main()
    ~~~~^^
  File "C:\Users\gomez\SweatShop\mlb_pipeline\detect_line_movement.py", line 350, in main
    steam = detect_steam(s, args.lookback_hours, now_iso, args.dry_run)
  File "C:\Users\gomez\SweatShop\mlb_pipeline\detect_line_movement.py", line 75, in detect_steam
    r = requests.get(f'{SB}/rest/v1/line_history', headers=H_READ,
        params={'sport': f'eq.{sport}',
    ...<2 lines>...
                'order': 'captured_at.asc', 'limit': 1000, 'offset': off},
        timeout=30)
  File "C:\Users\gomez\AppData\Roaming\Python\Python314\site-packages\requests\api.py", line 73, in get
    return request("get", url, params=params, **kwargs)
  File "C:\Users\gomez\AppData\Roaming\Python\Python314\site-packages\requests\api.py", line 59, in request
    return session.request(method=method, url=url, **kwargs)
           ~~~~~~~~~~~~~~~^^^^^^^^^^^^^^^^^^^^^^^^^^^^^^^^^^
  File "C:\Users\gomez\AppData\Roaming\Python\Python314\site-packages\requests\sessions.py", line 589, in request
    resp = self.send(prep, **send_kwargs)
  File "C:\Users\gomez\AppData\Roaming\Python\Python314\site-packages\requests\sessions.py", line 703, in send
    r = adapter.send(request, **kwargs)
  File "C:\Users\gomez\AppData\Roaming\Python\Python314\site-packages\requests\adapters.py", line 677, in send
    raise ConnectionError(e, request=request)
requests.exceptions.ConnectionError: HTTPSConnectionPool(host='vctzbruocrjiojtmpjlw.supabase.co', port=443): Max retries exceeded with url: /rest/v1/line_history?sport=eq.NBA&captured_at=gte.2026-10-06T07%3A35%3A18.053952%2B00%3A00&select=game_id%2Cmatchup%2Cmarket%2Cbook%2Cside%2Cline%2Cprice%2Ccaptured_at&order=captured_at.asc&limit=1000&offset=0 (Caused by NameResolutionError("HTTPSConnection(host='vctzbruocrjiojtmpjlw.supabase.co', port=443): Failed to resolve 'vctzbruocrjiojtmpjlw.supabase.co' ([Errno 11001] getaddrinfo failed)"))
-- detect_line_movement NFL 
=== detect_line_movement · NFL · lookback 6h ===
Traceback (most recent call last):
  File "C:\Users\gomez\AppData\Roaming\Python\Python314\site-packages\urllib3\connection.py", line 204, in _new_conn
    sock = connection.create_connection(
        (self._dns_host, self.port),
    ...<2 lines>...
        socket_options=self.socket_options,
    )
  File "C:\Users\gomez\AppData\Roaming\Python\Python314\site-packages\urllib3\util\connection.py", line 60, in create_connection
    for res in socket.getaddrinfo(host, port, family, socket.SOCK_STREAM):
               ~~~~~~~~~~~~~~~~~~^^^^^^^^^^^^^^^^^^^^^^^^^^^^^^^^^^^^^^^^
  File "C:\Python314\Lib\socket.py", line 983, in getaddrinfo
    for res in _socket.getaddrinfo(host, port, family, type, proto, flags):
               ~~~~~~~~~~~~~~~~~~~^^^^^^^^^^^^^^^^^^^^^^^^^^^^^^^^^^^^^^^^
socket.gaierror: [Errno 11001] getaddrinfo failed

The above exception was the direct cause of the following exception:

Traceback (most recent call last):
  File "C:\Users\gomez\AppData\Roaming\Python\Python314\site-packages\urllib3\connectionpool.py", line 787, in urlopen
    response = self._make_request(
        conn,
    ...<10 lines>...
        **response_kw,
    )
  File "C:\Users\gomez\AppData\Roaming\Python\Python314\site-packages\urllib3\connectionpool.py", line 488, in _make_request
    raise new_e
  File "C:\Users\gomez\AppData\Roaming\Python\Python314\site-packages\urllib3\connectionpool.py", line 464, in _make_request
    self._validate_conn(conn)
    ~~~~~~~~~~~~~~~~~~~^^^^^^
  File "C:\Users\gomez\AppData\Roaming\Python\Python314\site-packages\urllib3\connectionpool.py", line 1093, in _validate_conn
    conn.connect()
    ~~~~~~~~~~~~^^
  File "C:\Users\gomez\AppData\Roaming\Python\Python314\site-packages\urllib3\connection.py", line 759, in connect
    self.sock = sock = self._new_conn()
                       ~~~~~~~~~~~~~~^^
  File "C:\Users\gomez\AppData\Roaming\Python\Python314\site-packages\urllib3\connection.py", line 211, in _new_conn
    raise NameResolutionError(self.host, self, e) from e
urllib3.exceptions.NameResolutionError: HTTPSConnection(host='vctzbruocrjiojtmpjlw.supabase.co', port=443): Failed to resolve 'vctzbruocrjiojtmpjlw.supabase.co' ([Errno 11001] getaddrinfo failed)

The above exception was the direct cause of the following exception:

Traceback (most recent call last):
  File "C:\Users\gomez\AppData\Roaming\Python\Python314\site-packages\requests\adapters.py", line 644, in send
    resp = conn.urlopen(
        method=request.method,
    ...<9 lines>...
        chunked=chunked,
    )
  File "C:\Users\gomez\AppData\Roaming\Python\Python314\site-packages\urllib3\connectionpool.py", line 841, in urlopen
    retries = retries.increment(
        method, url, error=new_e, _pool=self, _stacktrace=sys.exc_info()[2]
    )
  File "C:\Users\gomez\AppData\Roaming\Python\Python314\site-packages\urllib3\util\retry.py", line 535, in increment
    raise MaxRetryError(_pool, url, reason) from reason  # type: ignore[arg-type]
    ^^^^^^^^^^^^^^^^^^^^^^^^^^^^^^^^^^^^^^^^^^^^^^^^^^^
urllib3.exceptions.MaxRetryError: HTTPSConnectionPool(host='vctzbruocrjiojtmpjlw.supabase.co', port=443): Max retries exceeded with url: /rest/v1/line_history?sport=eq.NFL&captured_at=gte.2026-10-06T07%3A35%3A18.363560%2B00%3A00&select=game_id%2Cmatchup%2Cmarket%2Cbook%2Cside%2Cline%2Cprice%2Ccaptured_at&order=captured_at.asc&limit=1000&offset=0 (Caused by NameResolutionError("HTTPSConnection(host='vctzbruocrjiojtmpjlw.supabase.co', port=443): Failed to resolve 'vctzbruocrjiojtmpjlw.supabase.co' ([Errno 11001] getaddrinfo failed)"))

During handling of the above exception, another exception occurred:

Traceback (most recent call last):
  File "C:\Users\gomez\SweatShop\mlb_pipeline\detect_line_movement.py", line 363, in <module>
    main()
    ~~~~^^
  File "C:\Users\gomez\SweatShop\mlb_pipeline\detect_line_movement.py", line 350, in main
    steam = detect_steam(s, args.lookback_hours, now_iso, args.dry_run)
  File "C:\Users\gomez\SweatShop\mlb_pipeline\detect_line_movement.py", line 75, in detect_steam
    r = requests.get(f'{SB}/rest/v1/line_history', headers=H_READ,
        params={'sport': f'eq.{sport}',
    ...<2 lines>...
                'order': 'captured_at.asc', 'limit': 1000, 'offset': off},
        timeout=30)
  File "C:\Users\gomez\AppData\Roaming\Python\Python314\site-packages\requests\api.py", line 73, in get
    return request("get", url, params=params, **kwargs)
  File "C:\Users\gomez\AppData\Roaming\Python\Python314\site-packages\requests\api.py", line 59, in request
    return session.request(method=method, url=url, **kwargs)
           ~~~~~~~~~~~~~~~^^^^^^^^^^^^^^^^^^^^^^^^^^^^^^^^^^
  File "C:\Users\gomez\AppData\Roaming\Python\Python314\site-packages\requests\sessions.py", line 589, in request
    resp = self.send(prep, **send_kwargs)
  File "C:\Users\gomez\AppData\Roaming\Python\Python314\site-packages\requests\sessions.py", line 703, in send
    r = adapter.send(request, **kwargs)
  File "C:\Users\gomez\AppData\Roaming\Python\Python314\site-packages\requests\adapters.py", line 677, in send
    raise ConnectionError(e, request=request)
requests.exceptions.ConnectionError: HTTPSConnectionPool(host='vctzbruocrjiojtmpjlw.supabase.co', port=443): Max retries exceeded with url: /rest/v1/line_history?sport=eq.NFL&captured_at=gte.2026-10-06T07%3A35%3A18.363560%2B00%3A00&select=game_id%2Cmatchup%2Cmarket%2Cbook%2Cside%2Cline%2Cprice%2Ccaptured_at&order=captured_at.asc&limit=1000&offset=0 (Caused by NameResolutionError("HTTPSConnection(host='vctzbruocrjiojtmpjlw.supabase.co', port=443): Failed to resolve 'vctzbruocrjiojtmpjlw.supabase.co' ([Errno 11001] getaddrinfo failed)"))
-- detect_line_movement NCAAF 
=== detect_line_movement · NCAAF · lookback 6h ===
Traceback (most recent call last):
  File "C:\Users\gomez\AppData\Roaming\Python\Python314\site-packages\urllib3\connection.py", line 204, in _new_conn
    sock = connection.create_connection(
        (self._dns_host, self.port),
    ...<2 lines>...
        socket_options=self.socket_options,
    )
  File "C:\Users\gomez\AppData\Roaming\Python\Python314\site-packages\urllib3\util\connection.py", line 60, in create_connection
    for res in socket.getaddrinfo(host, port, family, socket.SOCK_STREAM):
               ~~~~~~~~~~~~~~~~~~^^^^^^^^^^^^^^^^^^^^^^^^^^^^^^^^^^^^^^^^
  File "C:\Python314\Lib\socket.py", line 983, in getaddrinfo
    for res in _socket.getaddrinfo(host, port, family, type, proto, flags):
               ~~~~~~~~~~~~~~~~~~~^^^^^^^^^^^^^^^^^^^^^^^^^^^^^^^^^^^^^^^^
socket.gaierror: [Errno 11001] getaddrinfo failed

The above exception was the direct cause of the following exception:

Traceback (most recent call last):
  File "C:\Users\gomez\AppData\Roaming\Python\Python314\site-packages\urllib3\connectionpool.py", line 787, in urlopen
    response = self._make_request(
        conn,
    ...<10 lines>...
        **response_kw,
    )
  File "C:\Users\gomez\AppData\Roaming\Python\Python314\site-packages\urllib3\connectionpool.py", line 488, in _make_request
    raise new_e
  File "C:\Users\gomez\AppData\Roaming\Python\Python314\site-packages\urllib3\connectionpool.py", line 464, in _make_request
    self._validate_conn(conn)
    ~~~~~~~~~~~~~~~~~~~^^^^^^
  File "C:\Users\gomez\AppData\Roaming\Python\Python314\site-packages\urllib3\connectionpool.py", line 1093, in _validate_conn
    conn.connect()
    ~~~~~~~~~~~~^^
  File "C:\Users\gomez\AppData\Roaming\Python\Python314\site-packages\urllib3\connection.py", line 759, in connect
    self.sock = sock = self._new_conn()
                       ~~~~~~~~~~~~~~^^
  File "C:\Users\gomez\AppData\Roaming\Python\Python314\site-packages\urllib3\connection.py", line 211, in _new_conn
    raise NameResolutionError(self.host, self, e) from e
urllib3.exceptions.NameResolutionError: HTTPSConnection(host='vctzbruocrjiojtmpjlw.supabase.co', port=443): Failed to resolve 'vctzbruocrjiojtmpjlw.supabase.co' ([Errno 11001] getaddrinfo failed)

The above exception was the direct cause of the following exception:

Traceback (most recent call last):
  File "C:\Users\gomez\AppData\Roaming\Python\Python314\site-packages\requests\adapters.py", line 644, in send
    resp = conn.urlopen(
        method=request.method,
    ...<9 lines>...
        chunked=chunked,
    )
  File "C:\Users\gomez\AppData\Roaming\Python\Python314\site-packages\urllib3\connectionpool.py", line 841, in urlopen
    retries = retries.increment(
        method, url, error=new_e, _pool=self, _stacktrace=sys.exc_info()[2]
    )
  File "C:\Users\gomez\AppData\Roaming\Python\Python314\site-packages\urllib3\util\retry.py", line 535, in increment
    raise MaxRetryError(_pool, url, reason) from reason  # type: ignore[arg-type]
    ^^^^^^^^^^^^^^^^^^^^^^^^^^^^^^^^^^^^^^^^^^^^^^^^^^^
urllib3.exceptions.MaxRetryError: HTTPSConnectionPool(host='vctzbruocrjiojtmpjlw.supabase.co', port=443): Max retries exceeded with url: /rest/v1/line_history?sport=eq.NCAAF&captured_at=gte.2026-10-06T07%3A35%3A18.693442%2B00%3A00&select=game_id%2Cmatchup%2Cmarket%2Cbook%2Cside%2Cline%2Cprice%2Ccaptured_at&order=captured_at.asc&limit=1000&offset=0 (Caused by NameResolutionError("HTTPSConnection(host='vctzbruocrjiojtmpjlw.supabase.co', port=443): Failed to resolve 'vctzbruocrjiojtmpjlw.supabase.co' ([Errno 11001] getaddrinfo failed)"))

During handling of the above exception, another exception occurred:

Traceback (most recent call last):
  File "C:\Users\gomez\SweatShop\mlb_pipeline\detect_line_movement.py", line 363, in <module>
    main()
    ~~~~^^
  File "C:\Users\gomez\SweatShop\mlb_pipeline\detect_line_movement.py", line 350, in main
    steam = detect_steam(s, args.lookback_hours, now_iso, args.dry_run)
  File "C:\Users\gomez\SweatShop\mlb_pipeline\detect_line_movement.py", line 75, in detect_steam
    r = requests.get(f'{SB}/rest/v1/line_history', headers=H_READ,
        params={'sport': f'eq.{sport}',
    ...<2 lines>...
                'order': 'captured_at.asc', 'limit': 1000, 'offset': off},
        timeout=30)
  File "C:\Users\gomez\AppData\Roaming\Python\Python314\site-packages\requests\api.py", line 73, in get
    return request("get", url, params=params, **kwargs)
  File "C:\Users\gomez\AppData\Roaming\Python\Python314\site-packages\requests\api.py", line 59, in request
    return session.request(method=method, url=url, **kwargs)
           ~~~~~~~~~~~~~~~^^^^^^^^^^^^^^^^^^^^^^^^^^^^^^^^^^
  File "C:\Users\gomez\AppData\Roaming\Python\Python314\site-packages\requests\sessions.py", line 589, in request
    resp = self.send(prep, **send_kwargs)
  File "C:\Users\gomez\AppData\Roaming\Python\Python314\site-packages\requests\sessions.py", line 703, in send
    r = adapter.send(request, **kwargs)
  File "C:\Users\gomez\AppData\Roaming\Python\Python314\site-packages\requests\adapters.py", line 677, in send
    raise ConnectionError(e, request=request)
requests.exceptions.ConnectionError: HTTPSConnectionPool(host='vctzbruocrjiojtmpjlw.supabase.co', port=443): Max retries exceeded with url: /rest/v1/line_history?sport=eq.NCAAF&captured_at=gte.2026-10-06T07%3A35%3A18.693442%2B00%3A00&select=game_id%2Cmatchup%2Cmarket%2Cbook%2Cside%2Cline%2Cprice%2Ccaptured_at&order=captured_at.asc&limit=1000&offset=0 (Caused by NameResolutionError("HTTPSConnection(host='vctzbruocrjiojtmpjlw.supabase.co', port=443): Failed to resolve 'vctzbruocrjiojtmpjlw.supabase.co' ([Errno 11001] getaddrinfo failed)"))
-- detect_line_movement NCAAB 
=== detect_line_movement · NCAAB · lookback 6h ===
Traceback (most recent call last):
  File "C:\Users\gomez\AppData\Roaming\Python\Python314\site-packages\urllib3\connection.py", line 204, in _new_conn
    sock = connection.create_connection(
        (self._dns_host, self.port),
    ...<2 lines>...
        socket_options=self.socket_options,
    )
  File "C:\Users\gomez\AppData\Roaming\Python\Python314\site-packages\urllib3\util\connection.py", line 60, in create_connection
    for res in socket.getaddrinfo(host, port, family, socket.SOCK_STREAM):
               ~~~~~~~~~~~~~~~~~~^^^^^^^^^^^^^^^^^^^^^^^^^^^^^^^^^^^^^^^^
  File "C:\Python314\Lib\socket.py", line 983, in getaddrinfo
    for res in _socket.getaddrinfo(host, port, family, type, proto, flags):
               ~~~~~~~~~~~~~~~~~~~^^^^^^^^^^^^^^^^^^^^^^^^^^^^^^^^^^^^^^^^
socket.gaierror: [Errno 11001] getaddrinfo failed

The above exception was the direct cause of the following exception:

Traceback (most recent call last):
  File "C:\Users\gomez\AppData\Roaming\Python\Python314\site-packages\urllib3\connectionpool.py", line 787, in urlopen
    response = self._make_request(
        conn,
    ...<10 lines>...
        **response_kw,
    )
  File "C:\Users\gomez\AppData\Roaming\Python\Python314\site-packages\urllib3\connectionpool.py", line 488, in _make_request
    raise new_e
  File "C:\Users\gomez\AppData\Roaming\Python\Python314\site-packages\urllib3\connectionpool.py", line 464, in _make_request
    self._validate_conn(conn)
    ~~~~~~~~~~~~~~~~~~~^^^^^^
  File "C:\Users\gomez\AppData\Roaming\Python\Python314\site-packages\urllib3\connectionpool.py", line 1093, in _validate_conn
    conn.connect()
    ~~~~~~~~~~~~^^
  File "C:\Users\gomez\AppData\Roaming\Python\Python314\site-packages\urllib3\connection.py", line 759, in connect
    self.sock = sock = self._new_conn()
                       ~~~~~~~~~~~~~~^^
  File "C:\Users\gomez\AppData\Roaming\Python\Python314\site-packages\urllib3\connection.py", line 211, in _new_conn
    raise NameResolutionError(self.host, self, e) from e
urllib3.exceptions.NameResolutionError: HTTPSConnection(host='vctzbruocrjiojtmpjlw.supabase.co', port=443): Failed to resolve 'vctzbruocrjiojtmpjlw.supabase.co' ([Errno 11001] getaddrinfo failed)

The above exception was the direct cause of the following exception:

Traceback (most recent call last):
  File "C:\Users\gomez\AppData\Roaming\Python\Python314\site-packages\requests\adapters.py", line 644, in send
    resp = conn.urlopen(
        method=request.method,
    ...<9 lines>...
        chunked=chunked,
    )
  File "C:\Users\gomez\AppData\Roaming\Python\Python314\site-packages\urllib3\connectionpool.py", line 841, in urlopen
    retries = retries.increment(
        method, url, error=new_e, _pool=self, _stacktrace=sys.exc_info()[2]
    )
  File "C:\Users\gomez\AppData\Roaming\Python\Python314\site-packages\urllib3\util\retry.py", line 535, in increment
    raise MaxRetryError(_pool, url, reason) from reason  # type: ignore[arg-type]
    ^^^^^^^^^^^^^^^^^^^^^^^^^^^^^^^^^^^^^^^^^^^^^^^^^^^
urllib3.exceptions.MaxRetryError: HTTPSConnectionPool(host='vctzbruocrjiojtmpjlw.supabase.co', port=443): Max retries exceeded with url: /rest/v1/line_history?sport=eq.NCAAB&captured_at=gte.2026-10-06T07%3A35%3A18.962037%2B00%3A00&select=game_id%2Cmatchup%2Cmarket%2Cbook%2Cside%2Cline%2Cprice%2Ccaptured_at&order=captured_at.asc&limit=1000&offset=0 (Caused by NameResolutionError("HTTPSConnection(host='vctzbruocrjiojtmpjlw.supabase.co', port=443): Failed to resolve 'vctzbruocrjiojtmpjlw.supabase.co' ([Errno 11001] getaddrinfo failed)"))

During handling of the above exception, another exception occurred:

Traceback (most recent call last):
  File "C:\Users\gomez\SweatShop\mlb_pipeline\detect_line_movement.py", line 363, in <module>
    main()
    ~~~~^^
  File "C:\Users\gomez\SweatShop\mlb_pipeline\detect_line_movement.py", line 350, in main
    steam = detect_steam(s, args.lookback_hours, now_iso, args.dry_run)
  File "C:\Users\gomez\SweatShop\mlb_pipeline\detect_line_movement.py", line 75, in detect_steam
    r = requests.get(f'{SB}/rest/v1/line_history', headers=H_READ,
        params={'sport': f'eq.{sport}',
    ...<2 lines>...
                'order': 'captured_at.asc', 'limit': 1000, 'offset': off},
        timeout=30)
  File "C:\Users\gomez\AppData\Roaming\Python\Python314\site-packages\requests\api.py", line 73, in get
    return request("get", url, params=params, **kwargs)
  File "C:\Users\gomez\AppData\Roaming\Python\Python314\site-packages\requests\api.py", line 59, in request
    return session.request(method=method, url=url, **kwargs)
           ~~~~~~~~~~~~~~~^^^^^^^^^^^^^^^^^^^^^^^^^^^^^^^^^^
  File "C:\Users\gomez\AppData\Roaming\Python\Python314\site-packages\requests\sessions.py", line 589, in request
    resp = self.send(prep, **send_kwargs)
  File "C:\Users\gomez\AppData\Roaming\Python\Python314\site-packages\requests\sessions.py", line 703, in send
    r = adapter.send(request, **kwargs)
  File "C:\Users\gomez\AppData\Roaming\Python\Python314\site-packages\requests\adapters.py", line 677, in send
    raise ConnectionError(e, request=request)
requests.exceptions.ConnectionError: HTTPSConnectionPool(host='vctzbruocrjiojtmpjlw.supabase.co', port=443): Max retries exceeded with url: /rest/v1/line_history?sport=eq.NCAAB&captured_at=gte.2026-10-06T07%3A35%3A18.962037%2B00%3A00&select=game_id%2Cmatchup%2Cmarket%2Cbook%2Cside%2Cline%2Cprice%2Ccaptured_at&order=captured_at.asc&limit=1000&offset=0 (Caused by NameResolutionError("HTTPSConnection(host='vctzbruocrjiojtmpjlw.supabase.co', port=443): Failed to resolve 'vctzbruocrjiojtmpjlw.supabase.co' ([Errno 11001] getaddrinfo failed)"))
-- classify_line_moves ALL 
=== classify_line_moves · MLB/NFL/NCAAF/NCAAB/NHL/UFC  ===
Traceback (most recent call last):
  File "C:\Users\gomez\AppData\Roaming\Python\Python314\site-packages\urllib3\connection.py", line 204, in _new_conn
    sock = connection.create_connection(
        (self._dns_host, self.port),
    ...<2 lines>...
        socket_options=self.socket_options,
    )
  File "C:\Users\gomez\AppData\Roaming\Python\Python314\site-packages\urllib3\util\connection.py", line 60, in create_connection
    for res in socket.getaddrinfo(host, port, family, socket.SOCK_STREAM):
               ~~~~~~~~~~~~~~~~~~^^^^^^^^^^^^^^^^^^^^^^^^^^^^^^^^^^^^^^^^
  File "C:\Python314\Lib\socket.py", line 983, in getaddrinfo
    for res in _socket.getaddrinfo(host, port, family, type, proto, flags):
               ~~~~~~~~~~~~~~~~~~~^^^^^^^^^^^^^^^^^^^^^^^^^^^^^^^^^^^^^^^^
socket.gaierror: [Errno 11001] getaddrinfo failed

The above exception was the direct cause of the following exception:

Traceback (most recent call last):
  File "C:\Users\gomez\AppData\Roaming\Python\Python314\site-packages\urllib3\connectionpool.py", line 787, in urlopen
    response = self._make_request(
        conn,
    ...<10 lines>...
        **response_kw,
    )
  File "C:\Users\gomez\AppData\Roaming\Python\Python314\site-packages\urllib3\connectionpool.py", line 488, in _make_request
    raise new_e
  File "C:\Users\gomez\AppData\Roaming\Python\Python314\site-packages\urllib3\connectionpool.py", line 464, in _make_request
    self._validate_conn(conn)
    ~~~~~~~~~~~~~~~~~~~^^^^^^
  File "C:\Users\gomez\AppData\Roaming\Python\Python314\site-packages\urllib3\connectionpool.py", line 1093, in _validate_conn
    conn.connect()
    ~~~~~~~~~~~~^^
  File "C:\Users\gomez\AppData\Roaming\Python\Python314\site-packages\urllib3\connection.py", line 759, in connect
    self.sock = sock = self._new_conn()
                       ~~~~~~~~~~~~~~^^
  File "C:\Users\gomez\AppData\Roaming\Python\Python314\site-packages\urllib3\connection.py", line 211, in _new_conn
    raise NameResolutionError(self.host, self, e) from e
urllib3.exceptions.NameResolutionError: HTTPSConnection(host='vctzbruocrjiojtmpjlw.supabase.co', port=443): Failed to resolve 'vctzbruocrjiojtmpjlw.supabase.co' ([Errno 11001] getaddrinfo failed)

The above exception was the direct cause of the following exception:

Traceback (most recent call last):
  File "C:\Users\gomez\AppData\Roaming\Python\Python314\site-packages\requests\adapters.py", line 644, in send
    resp = conn.urlopen(
        method=request.method,
    ...<9 lines>...
        chunked=chunked,
    )
  File "C:\Users\gomez\AppData\Roaming\Python\Python314\site-packages\urllib3\connectionpool.py", line 871, in urlopen
    return self.urlopen(
           ~~~~~~~~~~~~^
        method,
        ^^^^^^^
    ...<13 lines>...
        **response_kw,
        ^^^^^^^^^^^^^^
    )
    ^
  File "C:\Users\gomez\AppData\Roaming\Python\Python314\site-packages\urllib3\connectionpool.py", line 871, in urlopen
    return self.urlopen(
           ~~~~~~~~~~~~^
        method,
        ^^^^^^^
    ...<13 lines>...
        **response_kw,
        ^^^^^^^^^^^^^^
    )
    ^
  File "C:\Users\gomez\AppData\Roaming\Python\Python314\site-packages\urllib3\connectionpool.py", line 871, in urlopen
    return self.urlopen(
           ~~~~~~~~~~~~^
        method,
        ^^^^^^^
    ...<13 lines>...
        **response_kw,
        ^^^^^^^^^^^^^^
    )
    ^
  File "C:\Users\gomez\AppData\Roaming\Python\Python314\site-packages\urllib3\connectionpool.py", line 841, in urlopen
    retries = retries.increment(
        method, url, error=new_e, _pool=self, _stacktrace=sys.exc_info()[2]
    )
  File "C:\Users\gomez\AppData\Roaming\Python\Python314\site-packages\urllib3\util\retry.py", line 535, in increment
    raise MaxRetryError(_pool, url, reason) from reason  # type: ignore[arg-type]
    ^^^^^^^^^^^^^^^^^^^^^^^^^^^^^^^^^^^^^^^^^^^^^^^^^^^
urllib3.exceptions.MaxRetryError: HTTPSConnectionPool(host='vctzbruocrjiojtmpjlw.supabase.co', port=443): Max retries exceeded with url: /rest/v1/line_movement_flags?sport=eq.MLB&first_seen_at=gte.2026-10-05T13:35:19.252566%2B00:00&select=id,game_id,market,side,pattern,detail,first_seen_at,classification (Caused by NameResolutionError("HTTPSConnection(host='vctzbruocrjiojtmpjlw.supabase.co', port=443): Failed to resolve 'vctzbruocrjiojtmpjlw.supabase.co' ([Errno 11001] getaddrinfo failed)"))

During handling of the above exception, another exception occurred:

Traceback (most recent call last):
  File "C:\Users\gomez\SweatShop\mlb_pipeline\classify_line_moves.py", line 601, in <module>
    main()
    ~~~~^^
  File "C:\Users\gomez\SweatShop\mlb_pipeline\classify_line_moves.py", line 595, in main
    w, n = run_sport(s, dry_run=args.dry_run, since_hours=args.since_hours)
           ~~~~~~~~~^^^^^^^^^^^^^^^^^^^^^^^^^^^^^^^^^^^^^^^^^^^^^^^^^^^^^^^
  File "C:\Users\gomez\SweatShop\mlb_pipeline\classify_line_moves.py", line 551, in run_sport
    flags = fetch_flags(sport, since_hours=since_hours)
  File "C:\Users\gomez\SweatShop\mlb_pipeline\classify_line_moves.py", line 75, in fetch_flags
    r = _SESSION.get(
        f'{SB}/rest/v1/line_movement_flags'
        f'?sport=eq.{sport}&first_seen_at=gte.{since}'
        f'&select=id,game_id,market,side,pattern,detail,first_seen_at,classification',
        headers=H_READ, timeout=20)
  File "C:\Users\gomez\AppData\Roaming\Python\Python314\site-packages\requests\sessions.py", line 602, in get
    return self.request("GET", url, **kwargs)
           ~~~~~~~~~~~~^^^^^^^^^^^^^^^^^^^^^^
  File "C:\Users\gomez\AppData\Roaming\Python\Python314\site-packages\requests\sessions.py", line 589, in request
    resp = self.send(prep, **send_kwargs)
  File "C:\Users\gomez\AppData\Roaming\Python\Python314\site-packages\requests\sessions.py", line 703, in send
    r = adapter.send(request, **kwargs)
  File "C:\Users\gomez\AppData\Roaming\Python\Python314\site-packages\requests\adapters.py", line 677, in send
    raise ConnectionError(e, request=request)
requests.exceptions.ConnectionError: HTTPSConnectionPool(host='vctzbruocrjiojtmpjlw.supabase.co', port=443): Max retries exceeded with url: /rest/v1/line_movement_flags?sport=eq.MLB&first_seen_at=gte.2026-10-05T13:35:19.252566%2B00:00&select=id,game_id,market,side,pattern,detail,first_seen_at,classification (Caused by NameResolutionError("HTTPSConnection(host='vctzbruocrjiojtmpjlw.supabase.co', port=443): Failed to resolve 'vctzbruocrjiojtmpjlw.supabase.co' ([Errno 11001] getaddrinfo failed)"))
======== [Tue 10/06/2026  9:35:21.68] FAILED STEPS: nhl_odds_pull.py nba_odds_pull.py nfl_odds_pull.py ncaaf_odds_pull.py ncaab_odds_pull.py detect:NHL detect:NBA detect:NFL detect:NCAAF detect:NCAAB classify ======== 
 
======== [Tue 10/06/2026 10:00:15.54] multisport poller start ======== 
-- nhl_odds_pull.py 
=== NHL odds pull · 2026-10-06 10:00 ET ===
  Odds API ok · quota left 4985496
  events: 13 · rows built: 13
  date span: 2026-10-06 .. 2026-10-10 (4 dates)
  line_history: 594 rows from 13 events
  ✓ upserted 13/13 games into nhl_game_results
-- nba_odds_pull.py 
=== NBA odds pull · 2026-10-06 10:00 ET ===
  Odds API ok · quota left 4985487
  events: 46 · rows built: 46
  date span: 2026-10-20 .. 2026-12-25 (12 dates)
  line_history: 968 rows from 46 events
  ✓ upserted 46/46 games into nba_game_results
-- nfl_odds_pull.py 
=== NFL odds pull · 2026-10-06 ===
  alias map: 32 team-name variants
  americanfootball_nfl: 15 events
    line_history: 982 rows from 15 events
    ✓ wrote 15 rows to nfl_game_results

=== Summary: 15 games ===
-- ncaaf_odds_pull.py 
=== NCAAF odds pull · 2026-10-06 ===
  alias map: 2871 name variants
  Odds API events: 59
    line_history: 3462 rows from 59 events

✓ wrote 59 rows to ncaaf_game_results
-- ncaab_odds_pull.py 
=== NCAAB odds pull · 2026-10-06 ===
  alias map: 1542 name variants
  Odds API events: 0
  (offseason or no lines posted)
-- detect_line_movement NHL 
=== detect_line_movement · NHL · lookback 6h ===
  wrote 17 flags

TOTAL flags written: 17
-- detect_line_movement NBA 
=== detect_line_movement · NBA · lookback 6h ===
  wrote 1 flags

TOTAL flags written: 1
-- detect_line_movement NFL 
=== detect_line_movement · NFL · lookback 6h ===
  wrote 27 flags

TOTAL flags written: 27
-- detect_line_movement NCAAF 
=== detect_line_movement · NCAAF · lookback 6h ===
  wrote 7 flags

TOTAL flags written: 7
-- detect_line_movement NCAAB 
=== detect_line_movement · NCAAB · lookback 6h ===

TOTAL flags written: 0
-- classify_line_moves ALL 
=== classify_line_moves · MLB/NFL/NCAAF/NCAAB/NHL/UFC  ===
  MLB: 7 flags in last 24h
  MLB: classifications → NEUTRAL=2, CONSENSUS_CONFIRMED=1, PATTERN_ONLY=3, CONSENSUS_LEAN=1
  NFL: 51 flags in last 24h
  NFL: classifications → PATTERN_ONLY=51
  NCAAF: 78 flags in last 24h
  NCAAF: classifications → CONSENSUS_LEAN=6, PATTERN_ONLY=48, NEUTRAL=11, PUBLIC_MOVE_LEAN=3, PUBLIC_MOVE_CONFIRMED=2, SHARP_MOVE_CONFIRMED=3, CONSENSUS_CONFIRMED=2, SHARP_MOVE_LEAN=3
  NCAAB: 0 flags in last 24h
  NHL: 35 flags in last 24h
  NHL: classifications → CONSENSUS_LEAN=7, NEUTRAL=12, SHARP_MOVE_LEAN=5, PUBLIC_MOVE_LEAN=3, PATTERN_ONLY=8
  UFC: 0 flags in last 24h

  ✓ 171/171 flags classified
======== [Tue 10/06/2026 10:04:07.85] all steps ok ======== 
 
======== [Tue 10/06/2026 10:34:38.15] multisport poller start ======== 
-- nhl_odds_pull.py 
=== NHL odds pull · 2026-10-06 10:34 ET ===
  Odds API ok · quota left 4985478
  events: 13 · rows built: 13
  date span: 2026-10-06 .. 2026-10-10 (4 dates)
  line_history: 600 rows from 13 events
  ✓ upserted 13/13 games into nhl_game_results
-- nba_odds_pull.py 
=== NBA odds pull · 2026-10-06 10:35 ET ===
  Odds API ok · quota left 4985469
  events: 46 · rows built: 46
  date span: 2026-10-20 .. 2026-12-25 (12 dates)
  line_history: 968 rows from 46 events
  ✓ upserted 46/46 games into nba_game_results
-- nfl_odds_pull.py 
=== NFL odds pull · 2026-10-06 ===
  alias map: 32 team-name variants
  americanfootball_nfl: 15 events
    line_history: 982 rows from 15 events
    ✓ wrote 15 rows to nfl_game_results

=== Summary: 15 games ===
-- ncaaf_odds_pull.py 
=== NCAAF odds pull · 2026-10-06 ===
  alias map: 2871 name variants
  Odds API events: 59
    line_history: 3462 rows from 59 events

✓ wrote 59 rows to ncaaf_game_results
-- ncaab_odds_pull.py 
=== NCAAB odds pull · 2026-10-06 ===
  alias map: 1542 name variants
  Odds API events: 0
  (offseason or no lines posted)
-- detect_line_movement NHL 
=== detect_line_movement · NHL · lookback 6h ===
  wrote 17 flags

TOTAL flags written: 17
-- detect_line_movement NBA 
=== detect_line_movement · NBA · lookback 6h ===
  wrote 5 flags

TOTAL flags written: 5
-- detect_line_movement NFL 
=== detect_line_movement · NFL · lookback 6h ===
  wrote 33 flags

TOTAL flags written: 33
-- detect_line_movement NCAAF 
=== detect_line_movement · NCAAF · lookback 6h ===
  wrote 64 flags

TOTAL flags written: 64
-- detect_line_movement NCAAB 
=== detect_line_movement · NCAAB · lookback 6h ===

TOTAL flags written: 0
-- classify_line_moves ALL 
=== classify_line_moves · MLB/NFL/NCAAF/NCAAB/NHL/UFC  ===
  MLB: 7 flags in last 24h
  MLB: classifications → NEUTRAL=2, CONSENSUS_CONFIRMED=1, PATTERN_ONLY=3, CONSENSUS_LEAN=1
  NFL: 58 flags in last 24h
  NFL: classifications → PATTERN_ONLY=58
  NCAAF: 113 flags in last 24h
  NCAAF: classifications → PATTERN_ONLY=73, NEUTRAL=13, SHARP_MOVE_LEAN=4, CONSENSUS_LEAN=11, SHARP_MOVE_CONFIRMED=4, PUBLIC_MOVE_LEAN=4, PUBLIC_MOVE_CONFIRMED=2, CONSENSUS_CONFIRMED=2
  NCAAB: 0 flags in last 24h
  NHL: 35 flags in last 24h
  NHL: classifications → CONSENSUS_LEAN=7, NEUTRAL=12, SHARP_MOVE_LEAN=5, PUBLIC_MOVE_LEAN=3, PATTERN_ONLY=8
  UFC: 0 flags in last 24h

  ✓ 213/213 flags classified
======== [Tue 10/06/2026 10:42:00.54] all steps ok ======== 
 
======== [Tue 10/06/2026 10:56:02.50] multisport poller start ======== 
-- nhl_odds_pull.py 
=== NHL odds pull · 2026-10-06 10:56 ET ===
  Odds API ok · quota left 4985454
  events: 13 · rows built: 13
  date span: 2026-10-06 .. 2026-10-10 (4 dates)
  line_history: 600 rows from 13 events
  ✓ upserted 13/13 games into nhl_game_results
  prune: removed 2 composite-id row(s) superseded by a canonical id
-- nba_odds_pull.py 
=== NBA odds pull · 2026-10-06 10:56 ET ===
  Odds API ok · quota left 4985451
  events: 46 · rows built: 46
  date span: 2026-10-20 .. 2026-12-25 (12 dates)
  ⚠ line_history exception: ('Connection aborted.', ConnectionResetError(10054, 'An existing connection was forcibly closed by the remote host', None, 10054, None))
  line_history: 974 rows from 46 events
  ✓ upserted 46/46 games into nba_game_results
-- nfl_odds_pull.py 
=== NFL odds pull · 2026-10-06 ===
  alias map: 32 team-name variants
  americanfootball_nfl: 15 events
    line_history: 982 rows from 15 events
    ✓ wrote 15 rows to nfl_game_results

=== Summary: 15 games ===
-- ncaaf_odds_pull.py 
=== NCAAF odds pull · 2026-10-06 ===
  alias map: 2871 name variants
  Odds API events: 59
    line_history: 3462 rows from 59 events

✓ wrote 59 rows to ncaaf_game_results
-- ncaab_odds_pull.py 
=== NCAAB odds pull · 2026-10-06 ===
  alias map: 1542 name variants
  Odds API events: 0
  (offseason or no lines posted)
-- detect_line_movement NHL 
=== detect_line_movement · NHL · lookback 6h ===
  wrote 18 flags

TOTAL flags written: 18
-- detect_line_movement NBA 
=== detect_line_movement · NBA · lookback 6h ===
  wrote 5 flags

TOTAL flags written: 5
-- detect_line_movement NFL 
=== detect_line_movement · NFL · lookback 6h ===
  wrote 34 flags

TOTAL flags written: 34
-- detect_line_movement NCAAF 
=== detect_line_movement · NCAAF · lookback 6h ===
  wrote 89 flags

TOTAL flags written: 89
-- detect_line_movement NCAAB 
=== detect_line_movement · NCAAB · lookback 6h ===

TOTAL flags written: 0
-- classify_line_moves ALL 
=== classify_line_moves · MLB/NFL/NCAAF/NCAAB/NHL/UFC  ===
  MLB: 7 flags in last 24h
  MLB: classifications → NEUTRAL=2, CONSENSUS_CONFIRMED=1, PATTERN_ONLY=3, CONSENSUS_LEAN=1
  NFL: 59 flags in last 24h
  NFL: classifications → PATTERN_ONLY=59
  NCAAF: 134 flags in last 24h
  NCAAF: classifications → PATTERN_ONLY=87, PUBLIC_MOVE_LEAN=5, NEUTRAL=16, CONSENSUS_LEAN=12, PUBLIC_MOVE_CONFIRMED=2, CONSENSUS_CONFIRMED=2, SHARP_MOVE_CONFIRMED=4, SHARP_MOVE_LEAN=6
  NCAAB: 0 flags in last 24h
  NHL: 35 flags in last 24h
  NHL: classifications → CONSENSUS_LEAN=7, NEUTRAL=12, SHARP_MOVE_LEAN=5, PUBLIC_MOVE_LEAN=3, PATTERN_ONLY=8
  UFC: 0 flags in last 24h

  ✓ 235/235 flags classified
======== [Tue 10/06/2026 11:02:21.95] all steps ok ======== 
 
======== [Tue 10/06/2026 12:35:16.61] multisport poller start ======== 
-- nhl_odds_pull.py 
=== NHL odds pull · 2026-10-06 13:49 ET ===
Traceback (most recent call last):
  File "C:\Users\gomez\AppData\Roaming\Python\Python314\site-packages\urllib3\connection.py", line 204, in _new_conn
    sock = connection.create_connection(
        (self._dns_host, self.port),
    ...<2 lines>...
        socket_options=self.socket_options,
    )
  File "C:\Users\gomez\AppData\Roaming\Python\Python314\site-packages\urllib3\util\connection.py", line 60, in create_connection
    for res in socket.getaddrinfo(host, port, family, socket.SOCK_STREAM):
               ~~~~~~~~~~~~~~~~~~^^^^^^^^^^^^^^^^^^^^^^^^^^^^^^^^^^^^^^^^
  File "C:\Python314\Lib\socket.py", line 983, in getaddrinfo
    for res in _socket.getaddrinfo(host, port, family, type, proto, flags):
               ~~~~~~~~~~~~~~~~~~~^^^^^^^^^^^^^^^^^^^^^^^^^^^^^^^^^^^^^^^^
socket.gaierror: [Errno 11001] getaddrinfo failed

The above exception was the direct cause of the following exception:

Traceback (most recent call last):
  File "C:\Users\gomez\AppData\Roaming\Python\Python314\site-packages\urllib3\connectionpool.py", line 787, in urlopen
    response = self._make_request(
        conn,
    ...<10 lines>...
        **response_kw,
    )
  File "C:\Users\gomez\AppData\Roaming\Python\Python314\site-packages\urllib3\connectionpool.py", line 488, in _make_request
    raise new_e
  File "C:\Users\gomez\AppData\Roaming\Python\Python314\site-packages\urllib3\connectionpool.py", line 464, in _make_request
    self._validate_conn(conn)
    ~~~~~~~~~~~~~~~~~~~^^^^^^
  File "C:\Users\gomez\AppData\Roaming\Python\Python314\site-packages\urllib3\connectionpool.py", line 1093, in _validate_conn
    conn.connect()
    ~~~~~~~~~~~~^^
  File "C:\Users\gomez\AppData\Roaming\Python\Python314\site-packages\urllib3\connection.py", line 759, in connect
    self.sock = sock = self._new_conn()
                       ~~~~~~~~~~~~~~^^
  File "C:\Users\gomez\AppData\Roaming\Python\Python314\site-packages\urllib3\connection.py", line 211, in _new_conn
    raise NameResolutionError(self.host, self, e) from e
urllib3.exceptions.NameResolutionError: HTTPSConnection(host='api.the-odds-api.com', port=443): Failed to resolve 'api.the-odds-api.com' ([Errno 11001] getaddrinfo failed)

The above exception was the direct cause of the following exception:

Traceback (most recent call last):
  File "C:\Users\gomez\AppData\Roaming\Python\Python314\site-packages\requests\adapters.py", line 644, in send
    resp = conn.urlopen(
        method=request.method,
    ...<9 lines>...
        chunked=chunked,
    )
  File "C:\Users\gomez\AppData\Roaming\Python\Python314\site-packages\urllib3\connectionpool.py", line 841, in urlopen
    retries = retries.increment(
        method, url, error=new_e, _pool=self, _stacktrace=sys.exc_info()[2]
    )
  File "C:\Users\gomez\AppData\Roaming\Python\Python314\site-packages\urllib3\util\retry.py", line 535, in increment
    raise MaxRetryError(_pool, url, reason) from reason  # type: ignore[arg-type]
    ^^^^^^^^^^^^^^^^^^^^^^^^^^^^^^^^^^^^^^^^^^^^^^^^^^^
urllib3.exceptions.MaxRetryError: HTTPSConnectionPool(host='api.the-odds-api.com', port=443): Max retries exceeded with url: /v4/sports/icehockey_nhl/odds?apiKey=7526d2360f9203e651b629baf56fb235&regions=us&markets=h2h%2Cspreads%2Ctotals&oddsFormat=american (Caused by NameResolutionError("HTTPSConnection(host='api.the-odds-api.com', port=443): Failed to resolve 'api.the-odds-api.com' ([Errno 11001] getaddrinfo failed)"))

During handling of the above exception, another exception occurred:

Traceback (most recent call last):
  File "C:\Users\gomez\SweatShop\mlb_pipeline\nhl_odds_pull.py", line 60, in <module>
    main()
    ~~~~^^
  File "C:\Users\gomez\SweatShop\mlb_pipeline\nhl_odds_pull.py", line 56, in main
    PULLER.run(dry_run=ap.parse_args().dry_run)
    ~~~~~~~~~~^^^^^^^^^^^^^^^^^^^^^^^^^^^^^^^^^
  File "C:\Users\gomez\SweatShop\mlb_pipeline\odds_pull_core.py", line 460, in run
    events = self.fetch()
  File "C:\Users\gomez\SweatShop\mlb_pipeline\odds_pull_core.py", line 309, in fetch
    r = requests.get(
        f'{ODDS_API_BASE}/{self.odds_sport}/odds',
        params={'apiKey': ODDS_KEY, 'regions': 'us',
                'markets': 'h2h,spreads,totals', 'oddsFormat': 'american'},
        timeout=40)
  File "C:\Users\gomez\AppData\Roaming\Python\Python314\site-packages\requests\api.py", line 73, in get
    return request("get", url, params=params, **kwargs)
  File "C:\Users\gomez\AppData\Roaming\Python\Python314\site-packages\requests\api.py", line 59, in request
    return session.request(method=method, url=url, **kwargs)
           ~~~~~~~~~~~~~~~^^^^^^^^^^^^^^^^^^^^^^^^^^^^^^^^^^
  File "C:\Users\gomez\AppData\Roaming\Python\Python314\site-packages\requests\sessions.py", line 589, in request
    resp = self.send(prep, **send_kwargs)
  File "C:\Users\gomez\AppData\Roaming\Python\Python314\site-packages\requests\sessions.py", line 703, in send
    r = adapter.send(request, **kwargs)
  File "C:\Users\gomez\AppData\Roaming\Python\Python314\site-packages\requests\adapters.py", line 677, in send
    raise ConnectionError(e, request=request)
requests.exceptions.ConnectionError: HTTPSConnectionPool(host='api.the-odds-api.com', port=443): Max retries exceeded with url: /v4/sports/icehockey_nhl/odds?apiKey=7526d2360f9203e651b629baf56fb235&regions=us&markets=h2h%2Cspreads%2Ctotals&oddsFormat=american (Caused by NameResolutionError("HTTPSConnection(host='api.the-odds-api.com', port=443): Failed to resolve 'api.the-odds-api.com' ([Errno 11001] getaddrinfo failed)"))
-- nba_odds_pull.py 
=== NBA odds pull · 2026-10-06 13:49 ET ===
Traceback (most recent call last):
  File "C:\Users\gomez\AppData\Roaming\Python\Python314\site-packages\urllib3\connection.py", line 204, in _new_conn
    sock = connection.create_connection(
        (self._dns_host, self.port),
    ...<2 lines>...
        socket_options=self.socket_options,
    )
  File "C:\Users\gomez\AppData\Roaming\Python\Python314\site-packages\urllib3\util\connection.py", line 60, in create_connection
    for res in socket.getaddrinfo(host, port, family, socket.SOCK_STREAM):
               ~~~~~~~~~~~~~~~~~~^^^^^^^^^^^^^^^^^^^^^^^^^^^^^^^^^^^^^^^^
  File "C:\Python314\Lib\socket.py", line 983, in getaddrinfo
    for res in _socket.getaddrinfo(host, port, family, type, proto, flags):
               ~~~~~~~~~~~~~~~~~~~^^^^^^^^^^^^^^^^^^^^^^^^^^^^^^^^^^^^^^^^
socket.gaierror: [Errno 11001] getaddrinfo failed

The above exception was the direct cause of the following exception:

Traceback (most recent call last):
  File "C:\Users\gomez\AppData\Roaming\Python\Python314\site-packages\urllib3\connectionpool.py", line 787, in urlopen
    response = self._make_request(
        conn,
    ...<10 lines>...
        **response_kw,
    )
  File "C:\Users\gomez\AppData\Roaming\Python\Python314\site-packages\urllib3\connectionpool.py", line 488, in _make_request
    raise new_e
  File "C:\Users\gomez\AppData\Roaming\Python\Python314\site-packages\urllib3\connectionpool.py", line 464, in _make_request
    self._validate_conn(conn)
    ~~~~~~~~~~~~~~~~~~~^^^^^^
  File "C:\Users\gomez\AppData\Roaming\Python\Python314\site-packages\urllib3\connectionpool.py", line 1093, in _validate_conn
    conn.connect()
    ~~~~~~~~~~~~^^
  File "C:\Users\gomez\AppData\Roaming\Python\Python314\site-packages\urllib3\connection.py", line 759, in connect
    self.sock = sock = self._new_conn()
                       ~~~~~~~~~~~~~~^^
  File "C:\Users\gomez\AppData\Roaming\Python\Python314\site-packages\urllib3\connection.py", line 211, in _new_conn
    raise NameResolutionError(self.host, self, e) from e
urllib3.exceptions.NameResolutionError: HTTPSConnection(host='api.the-odds-api.com', port=443): Failed to resolve 'api.the-odds-api.com' ([Errno 11001] getaddrinfo failed)

The above exception was the direct cause of the following exception:

Traceback (most recent call last):
  File "C:\Users\gomez\AppData\Roaming\Python\Python314\site-packages\requests\adapters.py", line 644, in send
    resp = conn.urlopen(
        method=request.method,
    ...<9 lines>...
        chunked=chunked,
    )
  File "C:\Users\gomez\AppData\Roaming\Python\Python314\site-packages\urllib3\connectionpool.py", line 841, in urlopen
    retries = retries.increment(
        method, url, error=new_e, _pool=self, _stacktrace=sys.exc_info()[2]
    )
  File "C:\Users\gomez\AppData\Roaming\Python\Python314\site-packages\urllib3\util\retry.py", line 535, in increment
    raise MaxRetryError(_pool, url, reason) from reason  # type: ignore[arg-type]
    ^^^^^^^^^^^^^^^^^^^^^^^^^^^^^^^^^^^^^^^^^^^^^^^^^^^
urllib3.exceptions.MaxRetryError: HTTPSConnectionPool(host='api.the-odds-api.com', port=443): Max retries exceeded with url: /v4/sports/basketball_nba/odds?apiKey=7526d2360f9203e651b629baf56fb235&regions=us&markets=h2h%2Cspreads%2Ctotals&oddsFormat=american (Caused by NameResolutionError("HTTPSConnection(host='api.the-odds-api.com', port=443): Failed to resolve 'api.the-odds-api.com' ([Errno 11001] getaddrinfo failed)"))

During handling of the above exception, another exception occurred:

Traceback (most recent call last):
  File "C:\Users\gomez\SweatShop\mlb_pipeline\nba_odds_pull.py", line 43, in <module>
    main()
    ~~~~^^
  File "C:\Users\gomez\SweatShop\mlb_pipeline\nba_odds_pull.py", line 39, in main
    PULLER.run(dry_run=ap.parse_args().dry_run)
    ~~~~~~~~~~^^^^^^^^^^^^^^^^^^^^^^^^^^^^^^^^^
  File "C:\Users\gomez\SweatShop\mlb_pipeline\odds_pull_core.py", line 460, in run
    events = self.fetch()
  File "C:\Users\gomez\SweatShop\mlb_pipeline\odds_pull_core.py", line 309, in fetch
    r = requests.get(
        f'{ODDS_API_BASE}/{self.odds_sport}/odds',
        params={'apiKey': ODDS_KEY, 'regions': 'us',
                'markets': 'h2h,spreads,totals', 'oddsFormat': 'american'},
        timeout=40)
  File "C:\Users\gomez\AppData\Roaming\Python\Python314\site-packages\requests\api.py", line 73, in get
    return request("get", url, params=params, **kwargs)
  File "C:\Users\gomez\AppData\Roaming\Python\Python314\site-packages\requests\api.py", line 59, in request
    return session.request(method=method, url=url, **kwargs)
           ~~~~~~~~~~~~~~~^^^^^^^^^^^^^^^^^^^^^^^^^^^^^^^^^^
  File "C:\Users\gomez\AppData\Roaming\Python\Python314\site-packages\requests\sessions.py", line 589, in request
    resp = self.send(prep, **send_kwargs)
  File "C:\Users\gomez\AppData\Roaming\Python\Python314\site-packages\requests\sessions.py", line 703, in send
    r = adapter.send(request, **kwargs)
  File "C:\Users\gomez\AppData\Roaming\Python\Python314\site-packages\requests\adapters.py", line 677, in send
    raise ConnectionError(e, request=request)
requests.exceptions.ConnectionError: HTTPSConnectionPool(host='api.the-odds-api.com', port=443): Max retries exceeded with url: /v4/sports/basketball_nba/odds?apiKey=7526d2360f9203e651b629baf56fb235&regions=us&markets=h2h%2Cspreads%2Ctotals&oddsFormat=american (Caused by NameResolutionError("HTTPSConnection(host='api.the-odds-api.com', port=443): Failed to resolve 'api.the-odds-api.com' ([Errno 11001] getaddrinfo failed)"))
-- nfl_odds_pull.py 
=== NFL odds pull · 2026-10-06 ===
Traceback (most recent call last):
  File "C:\Users\gomez\AppData\Roaming\Python\Python314\site-packages\urllib3\connection.py", line 204, in _new_conn
    sock = connection.create_connection(
        (self._dns_host, self.port),
    ...<2 lines>...
        socket_options=self.socket_options,
    )
  File "C:\Users\gomez\AppData\Roaming\Python\Python314\site-packages\urllib3\util\connection.py", line 60, in create_connection
    for res in socket.getaddrinfo(host, port, family, socket.SOCK_STREAM):
               ~~~~~~~~~~~~~~~~~~^^^^^^^^^^^^^^^^^^^^^^^^^^^^^^^^^^^^^^^^
  File "C:\Python314\Lib\socket.py", line 983, in getaddrinfo
    for res in _socket.getaddrinfo(host, port, family, type, proto, flags):
               ~~~~~~~~~~~~~~~~~~~^^^^^^^^^^^^^^^^^^^^^^^^^^^^^^^^^^^^^^^^
socket.gaierror: [Errno 11001] getaddrinfo failed

The above exception was the direct cause of the following exception:

Traceback (most recent call last):
  File "C:\Users\gomez\AppData\Roaming\Python\Python314\site-packages\urllib3\connectionpool.py", line 787, in urlopen
    response = self._make_request(
        conn,
    ...<10 lines>...
        **response_kw,
    )
  File "C:\Users\gomez\AppData\Roaming\Python\Python314\site-packages\urllib3\connectionpool.py", line 488, in _make_request
    raise new_e
  File "C:\Users\gomez\AppData\Roaming\Python\Python314\site-packages\urllib3\connectionpool.py", line 464, in _make_request
    self._validate_conn(conn)
    ~~~~~~~~~~~~~~~~~~~^^^^^^
  File "C:\Users\gomez\AppData\Roaming\Python\Python314\site-packages\urllib3\connectionpool.py", line 1093, in _validate_conn
    conn.connect()
    ~~~~~~~~~~~~^^
  File "C:\Users\gomez\AppData\Roaming\Python\Python314\site-packages\urllib3\connection.py", line 759, in connect
    self.sock = sock = self._new_conn()
                       ~~~~~~~~~~~~~~^^
  File "C:\Users\gomez\AppData\Roaming\Python\Python314\site-packages\urllib3\connection.py", line 211, in _new_conn
    raise NameResolutionError(self.host, self, e) from e
urllib3.exceptions.NameResolutionError: HTTPSConnection(host='vctzbruocrjiojtmpjlw.supabase.co', port=443): Failed to resolve 'vctzbruocrjiojtmpjlw.supabase.co' ([Errno 11001] getaddrinfo failed)

The above exception was the direct cause of the following exception:

Traceback (most recent call last):
  File "C:\Users\gomez\AppData\Roaming\Python\Python314\site-packages\requests\adapters.py", line 644, in send
    resp = conn.urlopen(
        method=request.method,
    ...<9 lines>...
        chunked=chunked,
    )
  File "C:\Users\gomez\AppData\Roaming\Python\Python314\site-packages\urllib3\connectionpool.py", line 841, in urlopen
    retries = retries.increment(
        method, url, error=new_e, _pool=self, _stacktrace=sys.exc_info()[2]
    )
  File "C:\Users\gomez\AppData\Roaming\Python\Python314\site-packages\urllib3\util\retry.py", line 535, in increment
    raise MaxRetryError(_pool, url, reason) from reason  # type: ignore[arg-type]
    ^^^^^^^^^^^^^^^^^^^^^^^^^^^^^^^^^^^^^^^^^^^^^^^^^^^
urllib3.exceptions.MaxRetryError: HTTPSConnectionPool(host='vctzbruocrjiojtmpjlw.supabase.co', port=443): Max retries exceeded with url: /rest/v1/nfl_team_aliases?select=canonical_name,odds_api_name,full_name (Caused by NameResolutionError("HTTPSConnection(host='vctzbruocrjiojtmpjlw.supabase.co', port=443): Failed to resolve 'vctzbruocrjiojtmpjlw.supabase.co' ([Errno 11001] getaddrinfo failed)"))

During handling of the above exception, another exception occurred:

Traceback (most recent call last):
  File "C:\Users\gomez\SweatShop\mlb_pipeline\nfl_odds_pull.py", line 413, in <module>
    main()
    ~~~~^^
  File "C:\Users\gomez\SweatShop\mlb_pipeline\nfl_odds_pull.py", line 409, in main
    run(preseason=args.preseason, dry_run=args.dry_run)
    ~~~^^^^^^^^^^^^^^^^^^^^^^^^^^^^^^^^^^^^^^^^^^^^^^^^
  File "C:\Users\gomez\SweatShop\mlb_pipeline\nfl_odds_pull.py", line 357, in run
    aliases = load_alias_map()
  File "C:\Users\gomez\SweatShop\mlb_pipeline\nfl_odds_pull.py", line 68, in load_alias_map
    r = requests.get(
        f'{SB}/rest/v1/nfl_team_aliases?select=canonical_name,odds_api_name,full_name',
        headers=H_READ, timeout=15,
    )
  File "C:\Users\gomez\AppData\Roaming\Python\Python314\site-packages\requests\api.py", line 73, in get
    return request("get", url, params=params, **kwargs)
  File "C:\Users\gomez\AppData\Roaming\Python\Python314\site-packages\requests\api.py", line 59, in request
    return session.request(method=method, url=url, **kwargs)
           ~~~~~~~~~~~~~~~^^^^^^^^^^^^^^^^^^^^^^^^^^^^^^^^^^
  File "C:\Users\gomez\AppData\Roaming\Python\Python314\site-packages\requests\sessions.py", line 589, in request
    resp = self.send(prep, **send_kwargs)
  File "C:\Users\gomez\AppData\Roaming\Python\Python314\site-packages\requests\sessions.py", line 703, in send
    r = adapter.send(request, **kwargs)
  File "C:\Users\gomez\AppData\Roaming\Python\Python314\site-packages\requests\adapters.py", line 677, in send
    raise ConnectionError(e, request=request)
requests.exceptions.ConnectionError: HTTPSConnectionPool(host='vctzbruocrjiojtmpjlw.supabase.co', port=443): Max retries exceeded with url: /rest/v1/nfl_team_aliases?select=canonical_name,odds_api_name,full_name (Caused by NameResolutionError("HTTPSConnection(host='vctzbruocrjiojtmpjlw.supabase.co', port=443): Failed to resolve 'vctzbruocrjiojtmpjlw.supabase.co' ([Errno 11001] getaddrinfo failed)"))
-- ncaaf_odds_pull.py 
=== NCAAF odds pull · 2026-10-06 ===
Traceback (most recent call last):
  File "C:\Users\gomez\AppData\Roaming\Python\Python314\site-packages\urllib3\connection.py", line 204, in _new_conn
    sock = connection.create_connection(
        (self._dns_host, self.port),
    ...<2 lines>...
        socket_options=self.socket_options,
    )
  File "C:\Users\gomez\AppData\Roaming\Python\Python314\site-packages\urllib3\util\connection.py", line 60, in create_connection
    for res in socket.getaddrinfo(host, port, family, socket.SOCK_STREAM):
               ~~~~~~~~~~~~~~~~~~^^^^^^^^^^^^^^^^^^^^^^^^^^^^^^^^^^^^^^^^
  File "C:\Python314\Lib\socket.py", line 983, in getaddrinfo
    for res in _socket.getaddrinfo(host, port, family, type, proto, flags):
               ~~~~~~~~~~~~~~~~~~~^^^^^^^^^^^^^^^^^^^^^^^^^^^^^^^^^^^^^^^^
socket.gaierror: [Errno 11001] getaddrinfo failed

The above exception was the direct cause of the following exception:

Traceback (most recent call last):
  File "C:\Users\gomez\AppData\Roaming\Python\Python314\site-packages\urllib3\connectionpool.py", line 787, in urlopen
    response = self._make_request(
        conn,
    ...<10 lines>...
        **response_kw,
    )
  File "C:\Users\gomez\AppData\Roaming\Python\Python314\site-packages\urllib3\connectionpool.py", line 488, in _make_request
    raise new_e
  File "C:\Users\gomez\AppData\Roaming\Python\Python314\site-packages\urllib3\connectionpool.py", line 464, in _make_request
    self._validate_conn(conn)
    ~~~~~~~~~~~~~~~~~~~^^^^^^
  File "C:\Users\gomez\AppData\Roaming\Python\Python314\site-packages\urllib3\connectionpool.py", line 1093, in _validate_conn
    conn.connect()
    ~~~~~~~~~~~~^^
  File "C:\Users\gomez\AppData\Roaming\Python\Python314\site-packages\urllib3\connection.py", line 759, in connect
    self.sock = sock = self._new_conn()
                       ~~~~~~~~~~~~~~^^
  File "C:\Users\gomez\AppData\Roaming\Python\Python314\site-packages\urllib3\connection.py", line 211, in _new_conn
    raise NameResolutionError(self.host, self, e) from e
urllib3.exceptions.NameResolutionError: HTTPSConnection(host='vctzbruocrjiojtmpjlw.supabase.co', port=443): Failed to resolve 'vctzbruocrjiojtmpjlw.supabase.co' ([Errno 11001] getaddrinfo failed)

The above exception was the direct cause of the following exception:

Traceback (most recent call last):
  File "C:\Users\gomez\AppData\Roaming\Python\Python314\site-packages\requests\adapters.py", line 644, in send
    resp = conn.urlopen(
        method=request.method,
    ...<9 lines>...
        chunked=chunked,
    )
  File "C:\Users\gomez\AppData\Roaming\Python\Python314\site-packages\urllib3\connectionpool.py", line 841, in urlopen
    retries = retries.increment(
        method, url, error=new_e, _pool=self, _stacktrace=sys.exc_info()[2]
    )
  File "C:\Users\gomez\AppData\Roaming\Python\Python314\site-packages\urllib3\util\retry.py", line 535, in increment
    raise MaxRetryError(_pool, url, reason) from reason  # type: ignore[arg-type]
    ^^^^^^^^^^^^^^^^^^^^^^^^^^^^^^^^^^^^^^^^^^^^^^^^^^^
urllib3.exceptions.MaxRetryError: HTTPSConnectionPool(host='vctzbruocrjiojtmpjlw.supabase.co', port=443): Max retries exceeded with url: /rest/v1/ncaaf_team_aliases?select=canonical_name,full_name,alt_names (Caused by NameResolutionError("HTTPSConnection(host='vctzbruocrjiojtmpjlw.supabase.co', port=443): Failed to resolve 'vctzbruocrjiojtmpjlw.supabase.co' ([Errno 11001] getaddrinfo failed)"))

During handling of the above exception, another exception occurred:

Traceback (most recent call last):
  File "C:\Users\gomez\SweatShop\mlb_pipeline\ncaaf_odds_pull.py", line 451, in <module>
    main()
    ~~~~^^
  File "C:\Users\gomez\SweatShop\mlb_pipeline\ncaaf_odds_pull.py", line 447, in main
    run(dry_run=args.dry_run)
    ~~~^^^^^^^^^^^^^^^^^^^^^^
  File "C:\Users\gomez\SweatShop\mlb_pipeline\ncaaf_odds_pull.py", line 410, in run
    aliases = load_alias_map()
  File "C:\Users\gomez\SweatShop\mlb_pipeline\ncaaf_odds_pull.py", line 83, in load_alias_map
    r = requests.get(
        f'{SB}/rest/v1/ncaaf_team_aliases?select=canonical_name,full_name,alt_names',
        headers=H_READ, timeout=15,
    )
  File "C:\Users\gomez\AppData\Roaming\Python\Python314\site-packages\requests\api.py", line 73, in get
    return request("get", url, params=params, **kwargs)
  File "C:\Users\gomez\AppData\Roaming\Python\Python314\site-packages\requests\api.py", line 59, in request
    return session.request(method=method, url=url, **kwargs)
           ~~~~~~~~~~~~~~~^^^^^^^^^^^^^^^^^^^^^^^^^^^^^^^^^^
  File "C:\Users\gomez\AppData\Roaming\Python\Python314\site-packages\requests\sessions.py", line 589, in request
    resp = self.send(prep, **send_kwargs)
  File "C:\Users\gomez\AppData\Roaming\Python\Python314\site-packages\requests\sessions.py", line 703, in send
    r = adapter.send(request, **kwargs)
  File "C:\Users\gomez\AppData\Roaming\Python\Python314\site-packages\requests\adapters.py", line 677, in send
    raise ConnectionError(e, request=request)
requests.exceptions.ConnectionError: HTTPSConnectionPool(host='vctzbruocrjiojtmpjlw.supabase.co', port=443): Max retries exceeded with url: /rest/v1/ncaaf_team_aliases?select=canonical_name,full_name,alt_names (Caused by NameResolutionError("HTTPSConnection(host='vctzbruocrjiojtmpjlw.supabase.co', port=443): Failed to resolve 'vctzbruocrjiojtmpjlw.supabase.co' ([Errno 11001] getaddrinfo failed)"))
-- ncaab_odds_pull.py 
=== NCAAB odds pull · 2026-10-06 ===
Traceback (most recent call last):
  File "C:\Users\gomez\AppData\Roaming\Python\Python314\site-packages\urllib3\connection.py", line 204, in _new_conn
    sock = connection.create_connection(
        (self._dns_host, self.port),
    ...<2 lines>...
        socket_options=self.socket_options,
    )
  File "C:\Users\gomez\AppData\Roaming\Python\Python314\site-packages\urllib3\util\connection.py", line 60, in create_connection
    for res in socket.getaddrinfo(host, port, family, socket.SOCK_STREAM):
               ~~~~~~~~~~~~~~~~~~^^^^^^^^^^^^^^^^^^^^^^^^^^^^^^^^^^^^^^^^
  File "C:\Python314\Lib\socket.py", line 983, in getaddrinfo
    for res in _socket.getaddrinfo(host, port, family, type, proto, flags):
               ~~~~~~~~~~~~~~~~~~~^^^^^^^^^^^^^^^^^^^^^^^^^^^^^^^^^^^^^^^^
socket.gaierror: [Errno 11001] getaddrinfo failed

The above exception was the direct cause of the following exception:

Traceback (most recent call last):
  File "C:\Users\gomez\AppData\Roaming\Python\Python314\site-packages\urllib3\connectionpool.py", line 787, in urlopen
    response = self._make_request(
        conn,
    ...<10 lines>...
        **response_kw,
    )
  File "C:\Users\gomez\AppData\Roaming\Python\Python314\site-packages\urllib3\connectionpool.py", line 488, in _make_request
    raise new_e
  File "C:\Users\gomez\AppData\Roaming\Python\Python314\site-packages\urllib3\connectionpool.py", line 464, in _make_request
    self._validate_conn(conn)
    ~~~~~~~~~~~~~~~~~~~^^^^^^
  File "C:\Users\gomez\AppData\Roaming\Python\Python314\site-packages\urllib3\connectionpool.py", line 1093, in _validate_conn
    conn.connect()
    ~~~~~~~~~~~~^^
  File "C:\Users\gomez\AppData\Roaming\Python\Python314\site-packages\urllib3\connection.py", line 759, in connect
    self.sock = sock = self._new_conn()
                       ~~~~~~~~~~~~~~^^
  File "C:\Users\gomez\AppData\Roaming\Python\Python314\site-packages\urllib3\connection.py", line 211, in _new_conn
    raise NameResolutionError(self.host, self, e) from e
urllib3.exceptions.NameResolutionError: HTTPSConnection(host='vctzbruocrjiojtmpjlw.supabase.co', port=443): Failed to resolve 'vctzbruocrjiojtmpjlw.supabase.co' ([Errno 11001] getaddrinfo failed)

The above exception was the direct cause of the following exception:

Traceback (most recent call last):
  File "C:\Users\gomez\AppData\Roaming\Python\Python314\site-packages\requests\adapters.py", line 644, in send
    resp = conn.urlopen(
        method=request.method,
    ...<9 lines>...
        chunked=chunked,
    )
  File "C:\Users\gomez\AppData\Roaming\Python\Python314\site-packages\urllib3\connectionpool.py", line 841, in urlopen
    retries = retries.increment(
        method, url, error=new_e, _pool=self, _stacktrace=sys.exc_info()[2]
    )
  File "C:\Users\gomez\AppData\Roaming\Python\Python314\site-packages\urllib3\util\retry.py", line 535, in increment
    raise MaxRetryError(_pool, url, reason) from reason  # type: ignore[arg-type]
    ^^^^^^^^^^^^^^^^^^^^^^^^^^^^^^^^^^^^^^^^^^^^^^^^^^^
urllib3.exceptions.MaxRetryError: HTTPSConnectionPool(host='vctzbruocrjiojtmpjlw.supabase.co', port=443): Max retries exceeded with url: /rest/v1/ncaab_team_aliases?select=canonical_name,odds_api_name,alt_names (Caused by NameResolutionError("HTTPSConnection(host='vctzbruocrjiojtmpjlw.supabase.co', port=443): Failed to resolve 'vctzbruocrjiojtmpjlw.supabase.co' ([Errno 11001] getaddrinfo failed)"))

During handling of the above exception, another exception occurred:

Traceback (most recent call last):
  File "C:\Users\gomez\SweatShop\mlb_pipeline\ncaab_odds_pull.py", line 334, in <module>
    main()
    ~~~~^^
  File "C:\Users\gomez\SweatShop\mlb_pipeline\ncaab_odds_pull.py", line 330, in main
    run(dry_run=args.dry_run)
    ~~~^^^^^^^^^^^^^^^^^^^^^^
  File "C:\Users\gomez\SweatShop\mlb_pipeline\ncaab_odds_pull.py", line 293, in run
    aliases = load_alias_map()
  File "C:\Users\gomez\SweatShop\mlb_pipeline\ncaab_odds_pull.py", line 60, in load_alias_map
    r = requests.get(
        f'{SB}/rest/v1/ncaab_team_aliases?select=canonical_name,odds_api_name,alt_names',
        headers=H_READ, timeout=15,
    )
  File "C:\Users\gomez\AppData\Roaming\Python\Python314\site-packages\requests\api.py", line 73, in get
    return request("get", url, params=params, **kwargs)
  File "C:\Users\gomez\AppData\Roaming\Python\Python314\site-packages\requests\api.py", line 59, in request
    return session.request(method=method, url=url, **kwargs)
           ~~~~~~~~~~~~~~~^^^^^^^^^^^^^^^^^^^^^^^^^^^^^^^^^^
  File "C:\Users\gomez\AppData\Roaming\Python\Python314\site-packages\requests\sessions.py", line 589, in request
    resp = self.send(prep, **send_kwargs)
  File "C:\Users\gomez\AppData\Roaming\Python\Python314\site-packages\requests\sessions.py", line 703, in send
    r = adapter.send(request, **kwargs)
  File "C:\Users\gomez\AppData\Roaming\Python\Python314\site-packages\requests\adapters.py", line 677, in send
    raise ConnectionError(e, request=request)
requests.exceptions.ConnectionError: HTTPSConnectionPool(host='vctzbruocrjiojtmpjlw.supabase.co', port=443): Max retries exceeded with url: /rest/v1/ncaab_team_aliases?select=canonical_name,odds_api_name,alt_names (Caused by NameResolutionError("HTTPSConnection(host='vctzbruocrjiojtmpjlw.supabase.co', port=443): Failed to resolve 'vctzbruocrjiojtmpjlw.supabase.co' ([Errno 11001] getaddrinfo failed)"))
-- detect_line_movement NHL 
=== detect_line_movement · NHL · lookback 6h ===
Traceback (most recent call last):
  File "C:\Users\gomez\AppData\Roaming\Python\Python314\site-packages\urllib3\connection.py", line 204, in _new_conn
    sock = connection.create_connection(
        (self._dns_host, self.port),
    ...<2 lines>...
        socket_options=self.socket_options,
    )
  File "C:\Users\gomez\AppData\Roaming\Python\Python314\site-packages\urllib3\util\connection.py", line 60, in create_connection
    for res in socket.getaddrinfo(host, port, family, socket.SOCK_STREAM):
               ~~~~~~~~~~~~~~~~~~^^^^^^^^^^^^^^^^^^^^^^^^^^^^^^^^^^^^^^^^
  File "C:\Python314\Lib\socket.py", line 983, in getaddrinfo
    for res in _socket.getaddrinfo(host, port, family, type, proto, flags):
               ~~~~~~~~~~~~~~~~~~~^^^^^^^^^^^^^^^^^^^^^^^^^^^^^^^^^^^^^^^^
socket.gaierror: [Errno 11001] getaddrinfo failed

The above exception was the direct cause of the following exception:

Traceback (most recent call last):
  File "C:\Users\gomez\AppData\Roaming\Python\Python314\site-packages\urllib3\connectionpool.py", line 787, in urlopen
    response = self._make_request(
        conn,
    ...<10 lines>...
        **response_kw,
    )
  File "C:\Users\gomez\AppData\Roaming\Python\Python314\site-packages\urllib3\connectionpool.py", line 488, in _make_request
    raise new_e
  File "C:\Users\gomez\AppData\Roaming\Python\Python314\site-packages\urllib3\connectionpool.py", line 464, in _make_request
    self._validate_conn(conn)
    ~~~~~~~~~~~~~~~~~~~^^^^^^
  File "C:\Users\gomez\AppData\Roaming\Python\Python314\site-packages\urllib3\connectionpool.py", line 1093, in _validate_conn
    conn.connect()
    ~~~~~~~~~~~~^^
  File "C:\Users\gomez\AppData\Roaming\Python\Python314\site-packages\urllib3\connection.py", line 759, in connect
    self.sock = sock = self._new_conn()
                       ~~~~~~~~~~~~~~^^
  File "C:\Users\gomez\AppData\Roaming\Python\Python314\site-packages\urllib3\connection.py", line 211, in _new_conn
    raise NameResolutionError(self.host, self, e) from e
urllib3.exceptions.NameResolutionError: HTTPSConnection(host='vctzbruocrjiojtmpjlw.supabase.co', port=443): Failed to resolve 'vctzbruocrjiojtmpjlw.supabase.co' ([Errno 11001] getaddrinfo failed)

The above exception was the direct cause of the following exception:

Traceback (most recent call last):
  File "C:\Users\gomez\AppData\Roaming\Python\Python314\site-packages\requests\adapters.py", line 644, in send
    resp = conn.urlopen(
        method=request.method,
    ...<9 lines>...
        chunked=chunked,
    )
  File "C:\Users\gomez\AppData\Roaming\Python\Python314\site-packages\urllib3\connectionpool.py", line 841, in urlopen
    retries = retries.increment(
        method, url, error=new_e, _pool=self, _stacktrace=sys.exc_info()[2]
    )
  File "C:\Users\gomez\AppData\Roaming\Python\Python314\site-packages\urllib3\util\retry.py", line 535, in increment
    raise MaxRetryError(_pool, url, reason) from reason  # type: ignore[arg-type]
    ^^^^^^^^^^^^^^^^^^^^^^^^^^^^^^^^^^^^^^^^^^^^^^^^^^^
urllib3.exceptions.MaxRetryError: HTTPSConnectionPool(host='vctzbruocrjiojtmpjlw.supabase.co', port=443): Max retries exceeded with url: /rest/v1/line_history?sport=eq.NHL&captured_at=gte.2026-10-06T12%3A24%3A41.997208%2B00%3A00&select=game_id%2Cmatchup%2Cmarket%2Cbook%2Cside%2Cline%2Cprice%2Ccaptured_at&order=captured_at.asc&limit=1000&offset=0 (Caused by NameResolutionError("HTTPSConnection(host='vctzbruocrjiojtmpjlw.supabase.co', port=443): Failed to resolve 'vctzbruocrjiojtmpjlw.supabase.co' ([Errno 11001] getaddrinfo failed)"))

During handling of the above exception, another exception occurred:

Traceback (most recent call last):
  File "C:\Users\gomez\SweatShop\mlb_pipeline\detect_line_movement.py", line 363, in <module>
    main()
    ~~~~^^
  File "C:\Users\gomez\SweatShop\mlb_pipeline\detect_line_movement.py", line 350, in main
    steam = detect_steam(s, args.lookback_hours, now_iso, args.dry_run)
  File "C:\Users\gomez\SweatShop\mlb_pipeline\detect_line_movement.py", line 75, in detect_steam
    r = requests.get(f'{SB}/rest/v1/line_history', headers=H_READ,
        params={'sport': f'eq.{sport}',
    ...<2 lines>...
                'order': 'captured_at.asc', 'limit': 1000, 'offset': off},
        timeout=30)
  File "C:\Users\gomez\AppData\Roaming\Python\Python314\site-packages\requests\api.py", line 73, in get
    return request("get", url, params=params, **kwargs)
  File "C:\Users\gomez\AppData\Roaming\Python\Python314\site-packages\requests\api.py", line 59, in request
    return session.request(method=method, url=url, **kwargs)
           ~~~~~~~~~~~~~~~^^^^^^^^^^^^^^^^^^^^^^^^^^^^^^^^^^
  File "C:\Users\gomez\AppData\Roaming\Python\Python314\site-packages\requests\sessions.py", line 589, in request
    resp = self.send(prep, **send_kwargs)
  File "C:\Users\gomez\AppData\Roaming\Python\Python314\site-packages\requests\sessions.py", line 703, in send
    r = adapter.send(request, **kwargs)
  File "C:\Users\gomez\AppData\Roaming\Python\Python314\site-packages\requests\adapters.py", line 677, in send
    raise ConnectionError(e, request=request)
requests.exceptions.ConnectionError: HTTPSConnectionPool(host='vctzbruocrjiojtmpjlw.supabase.co', port=443): Max retries exceeded with url: /rest/v1/line_history?sport=eq.NHL&captured_at=gte.2026-10-06T12%3A24%3A41.997208%2B00%3A00&select=game_id%2Cmatchup%2Cmarket%2Cbook%2Cside%2Cline%2Cprice%2Ccaptured_at&order=captured_at.asc&limit=1000&offset=0 (Caused by NameResolutionError("HTTPSConnection(host='vctzbruocrjiojtmpjlw.supabase.co', port=443): Failed to resolve 'vctzbruocrjiojtmpjlw.supabase.co' ([Errno 11001] getaddrinfo failed)"))
-- detect_line_movement NBA 
=== detect_line_movement · NBA · lookback 6h ===
Traceback (most recent call last):
  File "C:\Users\gomez\AppData\Roaming\Python\Python314\site-packages\urllib3\connection.py", line 204, in _new_conn
    sock = connection.create_connection(
        (self._dns_host, self.port),
    ...<2 lines>...
        socket_options=self.socket_options,
    )
  File "C:\Users\gomez\AppData\Roaming\Python\Python314\site-packages\urllib3\util\connection.py", line 60, in create_connection
    for res in socket.getaddrinfo(host, port, family, socket.SOCK_STREAM):
               ~~~~~~~~~~~~~~~~~~^^^^^^^^^^^^^^^^^^^^^^^^^^^^^^^^^^^^^^^^
  File "C:\Python314\Lib\socket.py", line 983, in getaddrinfo
    for res in _socket.getaddrinfo(host, port, family, type, proto, flags):
               ~~~~~~~~~~~~~~~~~~~^^^^^^^^^^^^^^^^^^^^^^^^^^^^^^^^^^^^^^^^
socket.gaierror: [Errno 11001] getaddrinfo failed

The above exception was the direct cause of the following exception:

Traceback (most recent call last):
  File "C:\Users\gomez\AppData\Roaming\Python\Python314\site-packages\urllib3\connectionpool.py", line 787, in urlopen
    response = self._make_request(
        conn,
    ...<10 lines>...
        **response_kw,
    )
  File "C:\Users\gomez\AppData\Roaming\Python\Python314\site-packages\urllib3\connectionpool.py", line 488, in _make_request
    raise new_e
  File "C:\Users\gomez\AppData\Roaming\Python\Python314\site-packages\urllib3\connectionpool.py", line 464, in _make_request
    self._validate_conn(conn)
    ~~~~~~~~~~~~~~~~~~~^^^^^^
  File "C:\Users\gomez\AppData\Roaming\Python\Python314\site-packages\urllib3\connectionpool.py", line 1093, in _validate_conn
    conn.connect()
    ~~~~~~~~~~~~^^
  File "C:\Users\gomez\AppData\Roaming\Python\Python314\site-packages\urllib3\connection.py", line 759, in connect
    self.sock = sock = self._new_conn()
                       ~~~~~~~~~~~~~~^^
  File "C:\Users\gomez\AppData\Roaming\Python\Python314\site-packages\urllib3\connection.py", line 211, in _new_conn
    raise NameResolutionError(self.host, self, e) from e
urllib3.exceptions.NameResolutionError: HTTPSConnection(host='vctzbruocrjiojtmpjlw.supabase.co', port=443): Failed to resolve 'vctzbruocrjiojtmpjlw.supabase.co' ([Errno 11001] getaddrinfo failed)

The above exception was the direct cause of the following exception:

Traceback (most recent call last):
  File "C:\Users\gomez\AppData\Roaming\Python\Python314\site-packages\requests\adapters.py", line 644, in send
    resp = conn.urlopen(
        method=request.method,
    ...<9 lines>...
        chunked=chunked,
    )
  File "C:\Users\gomez\AppData\Roaming\Python\Python314\site-packages\urllib3\connectionpool.py", line 841, in urlopen
    retries = retries.increment(
        method, url, error=new_e, _pool=self, _stacktrace=sys.exc_info()[2]
    )
  File "C:\Users\gomez\AppData\Roaming\Python\Python314\site-packages\urllib3\util\retry.py", line 535, in increment
    raise MaxRetryError(_pool, url, reason) from reason  # type: ignore[arg-type]
    ^^^^^^^^^^^^^^^^^^^^^^^^^^^^^^^^^^^^^^^^^^^^^^^^^^^
urllib3.exceptions.MaxRetryError: HTTPSConnectionPool(host='vctzbruocrjiojtmpjlw.supabase.co', port=443): Max retries exceeded with url: /rest/v1/line_history?sport=eq.NBA&captured_at=gte.2026-10-06T12%3A24%3A42.918347%2B00%3A00&select=game_id%2Cmatchup%2Cmarket%2Cbook%2Cside%2Cline%2Cprice%2Ccaptured_at&order=captured_at.asc&limit=1000&offset=0 (Caused by NameResolutionError("HTTPSConnection(host='vctzbruocrjiojtmpjlw.supabase.co', port=443): Failed to resolve 'vctzbruocrjiojtmpjlw.supabase.co' ([Errno 11001] getaddrinfo failed)"))

During handling of the above exception, another exception occurred:

Traceback (most recent call last):
  File "C:\Users\gomez\SweatShop\mlb_pipeline\detect_line_movement.py", line 363, in <module>
    main()
    ~~~~^^
  File "C:\Users\gomez\SweatShop\mlb_pipeline\detect_line_movement.py", line 350, in main
    steam = detect_steam(s, args.lookback_hours, now_iso, args.dry_run)
  File "C:\Users\gomez\SweatShop\mlb_pipeline\detect_line_movement.py", line 75, in detect_steam
    r = requests.get(f'{SB}/rest/v1/line_history', headers=H_READ,
        params={'sport': f'eq.{sport}',
    ...<2 lines>...
                'order': 'captured_at.asc', 'limit': 1000, 'offset': off},
        timeout=30)
  File "C:\Users\gomez\AppData\Roaming\Python\Python314\site-packages\requests\api.py", line 73, in get
    return request("get", url, params=params, **kwargs)
  File "C:\Users\gomez\AppData\Roaming\Python\Python314\site-packages\requests\api.py", line 59, in request
    return session.request(method=method, url=url, **kwargs)
           ~~~~~~~~~~~~~~~^^^^^^^^^^^^^^^^^^^^^^^^^^^^^^^^^^
  File "C:\Users\gomez\AppData\Roaming\Python\Python314\site-packages\requests\sessions.py", line 589, in request
    resp = self.send(prep, **send_kwargs)
  File "C:\Users\gomez\AppData\Roaming\Python\Python314\site-packages\requests\sessions.py", line 703, in send
    r = adapter.send(request, **kwargs)
  File "C:\Users\gomez\AppData\Roaming\Python\Python314\site-packages\requests\adapters.py", line 677, in send
    raise ConnectionError(e, request=request)
requests.exceptions.ConnectionError: HTTPSConnectionPool(host='vctzbruocrjiojtmpjlw.supabase.co', port=443): Max retries exceeded with url: /rest/v1/line_history?sport=eq.NBA&captured_at=gte.2026-10-06T12%3A24%3A42.918347%2B00%3A00&select=game_id%2Cmatchup%2Cmarket%2Cbook%2Cside%2Cline%2Cprice%2Ccaptured_at&order=captured_at.asc&limit=1000&offset=0 (Caused by NameResolutionError("HTTPSConnection(host='vctzbruocrjiojtmpjlw.supabase.co', port=443): Failed to resolve 'vctzbruocrjiojtmpjlw.supabase.co' ([Errno 11001] getaddrinfo failed)"))
-- detect_line_movement NFL 
=== detect_line_movement · NFL · lookback 6h ===
Traceback (most recent call last):
  File "C:\Users\gomez\AppData\Roaming\Python\Python314\site-packages\urllib3\connection.py", line 204, in _new_conn
    sock = connection.create_connection(
        (self._dns_host, self.port),
    ...<2 lines>...
        socket_options=self.socket_options,
    )
  File "C:\Users\gomez\AppData\Roaming\Python\Python314\site-packages\urllib3\util\connection.py", line 60, in create_connection
    for res in socket.getaddrinfo(host, port, family, socket.SOCK_STREAM):
               ~~~~~~~~~~~~~~~~~~^^^^^^^^^^^^^^^^^^^^^^^^^^^^^^^^^^^^^^^^
  File "C:\Python314\Lib\socket.py", line 983, in getaddrinfo
    for res in _socket.getaddrinfo(host, port, family, type, proto, flags):
               ~~~~~~~~~~~~~~~~~~~^^^^^^^^^^^^^^^^^^^^^^^^^^^^^^^^^^^^^^^^
socket.gaierror: [Errno 11001] getaddrinfo failed

The above exception was the direct cause of the following exception:

Traceback (most recent call last):
  File "C:\Users\gomez\AppData\Roaming\Python\Python314\site-packages\urllib3\connectionpool.py", line 787, in urlopen
    response = self._make_request(
        conn,
    ...<10 lines>...
        **response_kw,
    )
  File "C:\Users\gomez\AppData\Roaming\Python\Python314\site-packages\urllib3\connectionpool.py", line 488, in _make_request
    raise new_e
  File "C:\Users\gomez\AppData\Roaming\Python\Python314\site-packages\urllib3\connectionpool.py", line 464, in _make_request
    self._validate_conn(conn)
    ~~~~~~~~~~~~~~~~~~~^^^^^^
  File "C:\Users\gomez\AppData\Roaming\Python\Python314\site-packages\urllib3\connectionpool.py", line 1093, in _validate_conn
    conn.connect()
    ~~~~~~~~~~~~^^
  File "C:\Users\gomez\AppData\Roaming\Python\Python314\site-packages\urllib3\connection.py", line 759, in connect
    self.sock = sock = self._new_conn()
                       ~~~~~~~~~~~~~~^^
  File "C:\Users\gomez\AppData\Roaming\Python\Python314\site-packages\urllib3\connection.py", line 211, in _new_conn
    raise NameResolutionError(self.host, self, e) from e
urllib3.exceptions.NameResolutionError: HTTPSConnection(host='vctzbruocrjiojtmpjlw.supabase.co', port=443): Failed to resolve 'vctzbruocrjiojtmpjlw.supabase.co' ([Errno 11001] getaddrinfo failed)

The above exception was the direct cause of the following exception:

Traceback (most recent call last):
  File "C:\Users\gomez\AppData\Roaming\Python\Python314\site-packages\requests\adapters.py", line 644, in send
    resp = conn.urlopen(
        method=request.method,
    ...<9 lines>...
        chunked=chunked,
    )
  File "C:\Users\gomez\AppData\Roaming\Python\Python314\site-packages\urllib3\connectionpool.py", line 841, in urlopen
    retries = retries.increment(
        method, url, error=new_e, _pool=self, _stacktrace=sys.exc_info()[2]
    )
  File "C:\Users\gomez\AppData\Roaming\Python\Python314\site-packages\urllib3\util\retry.py", line 535, in increment
    raise MaxRetryError(_pool, url, reason) from reason  # type: ignore[arg-type]
    ^^^^^^^^^^^^^^^^^^^^^^^^^^^^^^^^^^^^^^^^^^^^^^^^^^^
urllib3.exceptions.MaxRetryError: HTTPSConnectionPool(host='vctzbruocrjiojtmpjlw.supabase.co', port=443): Max retries exceeded with url: /rest/v1/line_history?sport=eq.NFL&captured_at=gte.2026-10-06T12%3A24%3A43.404888%2B00%3A00&select=game_id%2Cmatchup%2Cmarket%2Cbook%2Cside%2Cline%2Cprice%2Ccaptured_at&order=captured_at.asc&limit=1000&offset=0 (Caused by NameResolutionError("HTTPSConnection(host='vctzbruocrjiojtmpjlw.supabase.co', port=443): Failed to resolve 'vctzbruocrjiojtmpjlw.supabase.co' ([Errno 11001] getaddrinfo failed)"))

During handling of the above exception, another exception occurred:

Traceback (most recent call last):
  File "C:\Users\gomez\SweatShop\mlb_pipeline\detect_line_movement.py", line 363, in <module>
    main()
    ~~~~^^
  File "C:\Users\gomez\SweatShop\mlb_pipeline\detect_line_movement.py", line 350, in main
    steam = detect_steam(s, args.lookback_hours, now_iso, args.dry_run)
  File "C:\Users\gomez\SweatShop\mlb_pipeline\detect_line_movement.py", line 75, in detect_steam
    r = requests.get(f'{SB}/rest/v1/line_history', headers=H_READ,
        params={'sport': f'eq.{sport}',
    ...<2 lines>...
                'order': 'captured_at.asc', 'limit': 1000, 'offset': off},
        timeout=30)
  File "C:\Users\gomez\AppData\Roaming\Python\Python314\site-packages\requests\api.py", line 73, in get
    return request("get", url, params=params, **kwargs)
  File "C:\Users\gomez\AppData\Roaming\Python\Python314\site-packages\requests\api.py", line 59, in request
    return session.request(method=method, url=url, **kwargs)
           ~~~~~~~~~~~~~~~^^^^^^^^^^^^^^^^^^^^^^^^^^^^^^^^^^
  File "C:\Users\gomez\AppData\Roaming\Python\Python314\site-packages\requests\sessions.py", line 589, in request
    resp = self.send(prep, **send_kwargs)
  File "C:\Users\gomez\AppData\Roaming\Python\Python314\site-packages\requests\sessions.py", line 703, in send
    r = adapter.send(request, **kwargs)
  File "C:\Users\gomez\AppData\Roaming\Python\Python314\site-packages\requests\adapters.py", line 677, in send
    raise ConnectionError(e, request=request)
requests.exceptions.ConnectionError: HTTPSConnectionPool(host='vctzbruocrjiojtmpjlw.supabase.co', port=443): Max retries exceeded with url: /rest/v1/line_history?sport=eq.NFL&captured_at=gte.2026-10-06T12%3A24%3A43.404888%2B00%3A00&select=game_id%2Cmatchup%2Cmarket%2Cbook%2Cside%2Cline%2Cprice%2Ccaptured_at&order=captured_at.asc&limit=1000&offset=0 (Caused by NameResolutionError("HTTPSConnection(host='vctzbruocrjiojtmpjlw.supabase.co', port=443): Failed to resolve 'vctzbruocrjiojtmpjlw.supabase.co' ([Errno 11001] getaddrinfo failed)"))
-- detect_line_movement NCAAF 
=== detect_line_movement · NCAAF · lookback 6h ===
Traceback (most recent call last):
  File "C:\Users\gomez\AppData\Roaming\Python\Python314\site-packages\urllib3\connection.py", line 204, in _new_conn
    sock = connection.create_connection(
        (self._dns_host, self.port),
    ...<2 lines>...
        socket_options=self.socket_options,
    )
  File "C:\Users\gomez\AppData\Roaming\Python\Python314\site-packages\urllib3\util\connection.py", line 60, in create_connection
    for res in socket.getaddrinfo(host, port, family, socket.SOCK_STREAM):
               ~~~~~~~~~~~~~~~~~~^^^^^^^^^^^^^^^^^^^^^^^^^^^^^^^^^^^^^^^^
  File "C:\Python314\Lib\socket.py", line 983, in getaddrinfo
    for res in _socket.getaddrinfo(host, port, family, type, proto, flags):
               ~~~~~~~~~~~~~~~~~~~^^^^^^^^^^^^^^^^^^^^^^^^^^^^^^^^^^^^^^^^
socket.gaierror: [Errno 11001] getaddrinfo failed

The above exception was the direct cause of the following exception:

Traceback (most recent call last):
  File "C:\Users\gomez\AppData\Roaming\Python\Python314\site-packages\urllib3\connectionpool.py", line 787, in urlopen
    response = self._make_request(
        conn,
    ...<10 lines>...
        **response_kw,
    )
  File "C:\Users\gomez\AppData\Roaming\Python\Python314\site-packages\urllib3\connectionpool.py", line 488, in _make_request
    raise new_e
  File "C:\Users\gomez\AppData\Roaming\Python\Python314\site-packages\urllib3\connectionpool.py", line 464, in _make_request
    self._validate_conn(conn)
    ~~~~~~~~~~~~~~~~~~~^^^^^^
  File "C:\Users\gomez\AppData\Roaming\Python\Python314\site-packages\urllib3\connectionpool.py", line 1093, in _validate_conn
    conn.connect()
    ~~~~~~~~~~~~^^
  File "C:\Users\gomez\AppData\Roaming\Python\Python314\site-packages\urllib3\connection.py", line 759, in connect
    self.sock = sock = self._new_conn()
                       ~~~~~~~~~~~~~~^^
  File "C:\Users\gomez\AppData\Roaming\Python\Python314\site-packages\urllib3\connection.py", line 211, in _new_conn
    raise NameResolutionError(self.host, self, e) from e
urllib3.exceptions.NameResolutionError: HTTPSConnection(host='vctzbruocrjiojtmpjlw.supabase.co', port=443): Failed to resolve 'vctzbruocrjiojtmpjlw.supabase.co' ([Errno 11001] getaddrinfo failed)

The above exception was the direct cause of the following exception:

Traceback (most recent call last):
  File "C:\Users\gomez\AppData\Roaming\Python\Python314\site-packages\requests\adapters.py", line 644, in send
    resp = conn.urlopen(
        method=request.method,
    ...<9 lines>...
        chunked=chunked,
    )
  File "C:\Users\gomez\AppData\Roaming\Python\Python314\site-packages\urllib3\connectionpool.py", line 841, in urlopen
    retries = retries.increment(
        method, url, error=new_e, _pool=self, _stacktrace=sys.exc_info()[2]
    )
  File "C:\Users\gomez\AppData\Roaming\Python\Python314\site-packages\urllib3\util\retry.py", line 535, in increment
    raise MaxRetryError(_pool, url, reason) from reason  # type: ignore[arg-type]
    ^^^^^^^^^^^^^^^^^^^^^^^^^^^^^^^^^^^^^^^^^^^^^^^^^^^
urllib3.exceptions.MaxRetryError: HTTPSConnectionPool(host='vctzbruocrjiojtmpjlw.supabase.co', port=443): Max retries exceeded with url: /rest/v1/line_history?sport=eq.NCAAF&captured_at=gte.2026-10-06T12%3A24%3A43.628941%2B00%3A00&select=game_id%2Cmatchup%2Cmarket%2Cbook%2Cside%2Cline%2Cprice%2Ccaptured_at&order=captured_at.asc&limit=1000&offset=0 (Caused by NameResolutionError("HTTPSConnection(host='vctzbruocrjiojtmpjlw.supabase.co', port=443): Failed to resolve 'vctzbruocrjiojtmpjlw.supabase.co' ([Errno 11001] getaddrinfo failed)"))

During handling of the above exception, another exception occurred:

Traceback (most recent call last):
  File "C:\Users\gomez\SweatShop\mlb_pipeline\detect_line_movement.py", line 363, in <module>
    main()
    ~~~~^^
  File "C:\Users\gomez\SweatShop\mlb_pipeline\detect_line_movement.py", line 350, in main
    steam = detect_steam(s, args.lookback_hours, now_iso, args.dry_run)
  File "C:\Users\gomez\SweatShop\mlb_pipeline\detect_line_movement.py", line 75, in detect_steam
    r = requests.get(f'{SB}/rest/v1/line_history', headers=H_READ,
        params={'sport': f'eq.{sport}',
    ...<2 lines>...
                'order': 'captured_at.asc', 'limit': 1000, 'offset': off},
        timeout=30)
  File "C:\Users\gomez\AppData\Roaming\Python\Python314\site-packages\requests\api.py", line 73, in get
    return request("get", url, params=params, **kwargs)
  File "C:\Users\gomez\AppData\Roaming\Python\Python314\site-packages\requests\api.py", line 59, in request
    return session.request(method=method, url=url, **kwargs)
           ~~~~~~~~~~~~~~~^^^^^^^^^^^^^^^^^^^^^^^^^^^^^^^^^^
  File "C:\Users\gomez\AppData\Roaming\Python\Python314\site-packages\requests\sessions.py", line 589, in request
    resp = self.send(prep, **send_kwargs)
  File "C:\Users\gomez\AppData\Roaming\Python\Python314\site-packages\requests\sessions.py", line 703, in send
    r = adapter.send(request, **kwargs)
  File "C:\Users\gomez\AppData\Roaming\Python\Python314\site-packages\requests\adapters.py", line 677, in send
    raise ConnectionError(e, request=request)
requests.exceptions.ConnectionError: HTTPSConnectionPool(host='vctzbruocrjiojtmpjlw.supabase.co', port=443): Max retries exceeded with url: /rest/v1/line_history?sport=eq.NCAAF&captured_at=gte.2026-10-06T12%3A24%3A43.628941%2B00%3A00&select=game_id%2Cmatchup%2Cmarket%2Cbook%2Cside%2Cline%2Cprice%2Ccaptured_at&order=captured_at.asc&limit=1000&offset=0 (Caused by NameResolutionError("HTTPSConnection(host='vctzbruocrjiojtmpjlw.supabase.co', port=443): Failed to resolve 'vctzbruocrjiojtmpjlw.supabase.co' ([Errno 11001] getaddrinfo failed)"))
-- detect_line_movement NCAAB 
=== detect_line_movement · NCAAB · lookback 6h ===
Traceback (most recent call last):
  File "C:\Users\gomez\AppData\Roaming\Python\Python314\site-packages\urllib3\connection.py", line 204, in _new_conn
    sock = connection.create_connection(
        (self._dns_host, self.port),
    ...<2 lines>...
        socket_options=self.socket_options,
    )
  File "C:\Users\gomez\AppData\Roaming\Python\Python314\site-packages\urllib3\util\connection.py", line 60, in create_connection
    for res in socket.getaddrinfo(host, port, family, socket.SOCK_STREAM):
               ~~~~~~~~~~~~~~~~~~^^^^^^^^^^^^^^^^^^^^^^^^^^^^^^^^^^^^^^^^
  File "C:\Python314\Lib\socket.py", line 983, in getaddrinfo
    for res in _socket.getaddrinfo(host, port, family, type, proto, flags):
               ~~~~~~~~~~~~~~~~~~~^^^^^^^^^^^^^^^^^^^^^^^^^^^^^^^^^^^^^^^^
socket.gaierror: [Errno 11001] getaddrinfo failed

The above exception was the direct cause of the following exception:

Traceback (most recent call last):
  File "C:\Users\gomez\AppData\Roaming\Python\Python314\site-packages\urllib3\connectionpool.py", line 787, in urlopen
    response = self._make_request(
        conn,
    ...<10 lines>...
        **response_kw,
    )
  File "C:\Users\gomez\AppData\Roaming\Python\Python314\site-packages\urllib3\connectionpool.py", line 488, in _make_request
    raise new_e
  File "C:\Users\gomez\AppData\Roaming\Python\Python314\site-packages\urllib3\connectionpool.py", line 464, in _make_request
    self._validate_conn(conn)
    ~~~~~~~~~~~~~~~~~~~^^^^^^
  File "C:\Users\gomez\AppData\Roaming\Python\Python314\site-packages\urllib3\connectionpool.py", line 1093, in _validate_conn
    conn.connect()
    ~~~~~~~~~~~~^^
  File "C:\Users\gomez\AppData\Roaming\Python\Python314\site-packages\urllib3\connection.py", line 759, in connect
    self.sock = sock = self._new_conn()
                       ~~~~~~~~~~~~~~^^
  File "C:\Users\gomez\AppData\Roaming\Python\Python314\site-packages\urllib3\connection.py", line 211, in _new_conn
    raise NameResolutionError(self.host, self, e) from e
urllib3.exceptions.NameResolutionError: HTTPSConnection(host='vctzbruocrjiojtmpjlw.supabase.co', port=443): Failed to resolve 'vctzbruocrjiojtmpjlw.supabase.co' ([Errno 11001] getaddrinfo failed)

The above exception was the direct cause of the following exception:

Traceback (most recent call last):
  File "C:\Users\gomez\AppData\Roaming\Python\Python314\site-packages\requests\adapters.py", line 644, in send
    resp = conn.urlopen(
        method=request.method,
    ...<9 lines>...
        chunked=chunked,
    )
  File "C:\Users\gomez\AppData\Roaming\Python\Python314\site-packages\urllib3\connectionpool.py", line 841, in urlopen
    retries = retries.increment(
        method, url, error=new_e, _pool=self, _stacktrace=sys.exc_info()[2]
    )
  File "C:\Users\gomez\AppData\Roaming\Python\Python314\site-packages\urllib3\util\retry.py", line 535, in increment
    raise MaxRetryError(_pool, url, reason) from reason  # type: ignore[arg-type]
    ^^^^^^^^^^^^^^^^^^^^^^^^^^^^^^^^^^^^^^^^^^^^^^^^^^^
urllib3.exceptions.MaxRetryError: HTTPSConnectionPool(host='vctzbruocrjiojtmpjlw.supabase.co', port=443): Max retries exceeded with url: /rest/v1/line_history?sport=eq.NCAAB&captured_at=gte.2026-10-06T12%3A24%3A43.838609%2B00%3A00&select=game_id%2Cmatchup%2Cmarket%2Cbook%2Cside%2Cline%2Cprice%2Ccaptured_at&order=captured_at.asc&limit=1000&offset=0 (Caused by NameResolutionError("HTTPSConnection(host='vctzbruocrjiojtmpjlw.supabase.co', port=443): Failed to resolve 'vctzbruocrjiojtmpjlw.supabase.co' ([Errno 11001] getaddrinfo failed)"))

During handling of the above exception, another exception occurred:

Traceback (most recent call last):
  File "C:\Users\gomez\SweatShop\mlb_pipeline\detect_line_movement.py", line 363, in <module>
    main()
    ~~~~^^
  File "C:\Users\gomez\SweatShop\mlb_pipeline\detect_line_movement.py", line 350, in main
    steam = detect_steam(s, args.lookback_hours, now_iso, args.dry_run)
  File "C:\Users\gomez\SweatShop\mlb_pipeline\detect_line_movement.py", line 75, in detect_steam
    r = requests.get(f'{SB}/rest/v1/line_history', headers=H_READ,
        params={'sport': f'eq.{sport}',
    ...<2 lines>...
                'order': 'captured_at.asc', 'limit': 1000, 'offset': off},
        timeout=30)
  File "C:\Users\gomez\AppData\Roaming\Python\Python314\site-packages\requests\api.py", line 73, in get
    return request("get", url, params=params, **kwargs)
  File "C:\Users\gomez\AppData\Roaming\Python\Python314\site-packages\requests\api.py", line 59, in request
    return session.request(method=method, url=url, **kwargs)
           ~~~~~~~~~~~~~~~^^^^^^^^^^^^^^^^^^^^^^^^^^^^^^^^^^
  File "C:\Users\gomez\AppData\Roaming\Python\Python314\site-packages\requests\sessions.py", line 589, in request
    resp = self.send(prep, **send_kwargs)
  File "C:\Users\gomez\AppData\Roaming\Python\Python314\site-packages\requests\sessions.py", line 703, in send
    r = adapter.send(request, **kwargs)
  File "C:\Users\gomez\AppData\Roaming\Python\Python314\site-packages\requests\adapters.py", line 677, in send
    raise ConnectionError(e, request=request)
requests.exceptions.ConnectionError: HTTPSConnectionPool(host='vctzbruocrjiojtmpjlw.supabase.co', port=443): Max retries exceeded with url: /rest/v1/line_history?sport=eq.NCAAB&captured_at=gte.2026-10-06T12%3A24%3A43.838609%2B00%3A00&select=game_id%2Cmatchup%2Cmarket%2Cbook%2Cside%2Cline%2Cprice%2Ccaptured_at&order=captured_at.asc&limit=1000&offset=0 (Caused by NameResolutionError("HTTPSConnection(host='vctzbruocrjiojtmpjlw.supabase.co', port=443): Failed to resolve 'vctzbruocrjiojtmpjlw.supabase.co' ([Errno 11001] getaddrinfo failed)"))
-- classify_line_moves ALL 
=== classify_line_moves · MLB/NFL/NCAAF/NCAAB/NHL/UFC  ===
Traceback (most recent call last):
  File "C:\Users\gomez\AppData\Roaming\Python\Python314\site-packages\urllib3\connection.py", line 204, in _new_conn
    sock = connection.create_connection(
        (self._dns_host, self.port),
    ...<2 lines>...
        socket_options=self.socket_options,
    )
  File "C:\Users\gomez\AppData\Roaming\Python\Python314\site-packages\urllib3\util\connection.py", line 60, in create_connection
    for res in socket.getaddrinfo(host, port, family, socket.SOCK_STREAM):
               ~~~~~~~~~~~~~~~~~~^^^^^^^^^^^^^^^^^^^^^^^^^^^^^^^^^^^^^^^^
  File "C:\Python314\Lib\socket.py", line 983, in getaddrinfo
    for res in _socket.getaddrinfo(host, port, family, type, proto, flags):
               ~~~~~~~~~~~~~~~~~~~^^^^^^^^^^^^^^^^^^^^^^^^^^^^^^^^^^^^^^^^
socket.gaierror: [Errno 11001] getaddrinfo failed

The above exception was the direct cause of the following exception:

Traceback (most recent call last):
  File "C:\Users\gomez\AppData\Roaming\Python\Python314\site-packages\urllib3\connectionpool.py", line 787, in urlopen
    response = self._make_request(
        conn,
    ...<10 lines>...
        **response_kw,
    )
  File "C:\Users\gomez\AppData\Roaming\Python\Python314\site-packages\urllib3\connectionpool.py", line 488, in _make_request
    raise new_e
  File "C:\Users\gomez\AppData\Roaming\Python\Python314\site-packages\urllib3\connectionpool.py", line 464, in _make_request
    self._validate_conn(conn)
    ~~~~~~~~~~~~~~~~~~~^^^^^^
  File "C:\Users\gomez\AppData\Roaming\Python\Python314\site-packages\urllib3\connectionpool.py", line 1093, in _validate_conn
    conn.connect()
    ~~~~~~~~~~~~^^
  File "C:\Users\gomez\AppData\Roaming\Python\Python314\site-packages\urllib3\connection.py", line 759, in connect
    self.sock = sock = self._new_conn()
                       ~~~~~~~~~~~~~~^^
  File "C:\Users\gomez\AppData\Roaming\Python\Python314\site-packages\urllib3\connection.py", line 211, in _new_conn
    raise NameResolutionError(self.host, self, e) from e
urllib3.exceptions.NameResolutionError: HTTPSConnection(host='vctzbruocrjiojtmpjlw.supabase.co', port=443): Failed to resolve 'vctzbruocrjiojtmpjlw.supabase.co' ([Errno 11001] getaddrinfo failed)

The above exception was the direct cause of the following exception:

Traceback (most recent call last):
  File "C:\Users\gomez\AppData\Roaming\Python\Python314\site-packages\requests\adapters.py", line 644, in send
    resp = conn.urlopen(
        method=request.method,
    ...<9 lines>...
        chunked=chunked,
    )
  File "C:\Users\gomez\AppData\Roaming\Python\Python314\site-packages\urllib3\connectionpool.py", line 871, in urlopen
    return self.urlopen(
           ~~~~~~~~~~~~^
        method,
        ^^^^^^^
    ...<13 lines>...
        **response_kw,
        ^^^^^^^^^^^^^^
    )
    ^
  File "C:\Users\gomez\AppData\Roaming\Python\Python314\site-packages\urllib3\connectionpool.py", line 871, in urlopen
    return self.urlopen(
           ~~~~~~~~~~~~^
        method,
        ^^^^^^^
    ...<13 lines>...
        **response_kw,
        ^^^^^^^^^^^^^^
    )
    ^
  File "C:\Users\gomez\AppData\Roaming\Python\Python314\site-packages\urllib3\connectionpool.py", line 871, in urlopen
    return self.urlopen(
           ~~~~~~~~~~~~^
        method,
        ^^^^^^^
    ...<13 lines>...
        **response_kw,
        ^^^^^^^^^^^^^^
    )
    ^
  File "C:\Users\gomez\AppData\Roaming\Python\Python314\site-packages\urllib3\connectionpool.py", line 841, in urlopen
    retries = retries.increment(
        method, url, error=new_e, _pool=self, _stacktrace=sys.exc_info()[2]
    )
  File "C:\Users\gomez\AppData\Roaming\Python\Python314\site-packages\urllib3\util\retry.py", line 535, in increment
    raise MaxRetryError(_pool, url, reason) from reason  # type: ignore[arg-type]
    ^^^^^^^^^^^^^^^^^^^^^^^^^^^^^^^^^^^^^^^^^^^^^^^^^^^
urllib3.exceptions.MaxRetryError: HTTPSConnectionPool(host='vctzbruocrjiojtmpjlw.supabase.co', port=443): Max retries exceeded with url: /rest/v1/line_movement_flags?sport=eq.MLB&first_seen_at=gte.2026-10-05T18:24:44.045371%2B00:00&select=id,game_id,market,side,pattern,detail,first_seen_at,classification (Caused by NameResolutionError("HTTPSConnection(host='vctzbruocrjiojtmpjlw.supabase.co', port=443): Failed to resolve 'vctzbruocrjiojtmpjlw.supabase.co' ([Errno 11001] getaddrinfo failed)"))

During handling of the above exception, another exception occurred:

Traceback (most recent call last):
  File "C:\Users\gomez\SweatShop\mlb_pipeline\classify_line_moves.py", line 601, in <module>
    main()
    ~~~~^^
  File "C:\Users\gomez\SweatShop\mlb_pipeline\classify_line_moves.py", line 595, in main
    w, n = run_sport(s, dry_run=args.dry_run, since_hours=args.since_hours)
           ~~~~~~~~~^^^^^^^^^^^^^^^^^^^^^^^^^^^^^^^^^^^^^^^^^^^^^^^^^^^^^^^
  File "C:\Users\gomez\SweatShop\mlb_pipeline\classify_line_moves.py", line 551, in run_sport
    flags = fetch_flags(sport, since_hours=since_hours)
  File "C:\Users\gomez\SweatShop\mlb_pipeline\classify_line_moves.py", line 75, in fetch_flags
    r = _SESSION.get(
        f'{SB}/rest/v1/line_movement_flags'
        f'?sport=eq.{sport}&first_seen_at=gte.{since}'
        f'&select=id,game_id,market,side,pattern,detail,first_seen_at,classification',
        headers=H_READ, timeout=20)
  File "C:\Users\gomez\AppData\Roaming\Python\Python314\site-packages\requests\sessions.py", line 602, in get
    return self.request("GET", url, **kwargs)
           ~~~~~~~~~~~~^^^^^^^^^^^^^^^^^^^^^^
  File "C:\Users\gomez\AppData\Roaming\Python\Python314\site-packages\requests\sessions.py", line 589, in request
    resp = self.send(prep, **send_kwargs)
  File "C:\Users\gomez\AppData\Roaming\Python\Python314\site-packages\requests\sessions.py", line 703, in send
    r = adapter.send(request, **kwargs)
  File "C:\Users\gomez\AppData\Roaming\Python\Python314\site-packages\requests\adapters.py", line 677, in send
    raise ConnectionError(e, request=request)
requests.exceptions.ConnectionError: HTTPSConnectionPool(host='vctzbruocrjiojtmpjlw.supabase.co', port=443): Max retries exceeded with url: /rest/v1/line_movement_flags?sport=eq.MLB&first_seen_at=gte.2026-10-05T18:24:44.045371%2B00:00&select=id,game_id,market,side,pattern,detail,first_seen_at,classification (Caused by NameResolutionError("HTTPSConnection(host='vctzbruocrjiojtmpjlw.supabase.co', port=443): Failed to resolve 'vctzbruocrjiojtmpjlw.supabase.co' ([Errno 11001] getaddrinfo failed)"))
======== [Tue 10/06/2026 14:57:25.43] FAILED STEPS: nhl_odds_pull.py nba_odds_pull.py nfl_odds_pull.py ncaaf_odds_pull.py ncaab_odds_pull.py detect:NHL detect:NBA detect:NFL detect:NCAAF detect:NCAAB classify ======== 
 
======== [Tue 10/06/2026 15:03:23.40] multisport poller start ======== 
-- nhl_odds_pull.py 
=== NHL odds pull · 2026-10-06 15:03 ET ===
  Odds API ok · quota left 4984720
  events: 15 · rows built: 15
  date span: 2026-10-06 .. 2026-10-10 (4 dates)
  line_history: 744 rows from 15 events
  ✓ upserted 15/15 games into nhl_game_results
-- nba_odds_pull.py 
=== NBA odds pull · 2026-10-06 15:03 ET ===
  Odds API ok · quota left 4984711
  events: 46 · rows built: 46
  date span: 2026-10-20 .. 2026-12-25 (12 dates)
  line_history: 992 rows from 46 events
  ✓ upserted 46/46 games into nba_game_results
-- nfl_odds_pull.py 
=== NFL odds pull · 2026-10-06 ===
  alias map: 32 team-name variants
  americanfootball_nfl: 15 events
    line_history: 982 rows from 15 events
    ✓ wrote 15 rows to nfl_game_results

=== Summary: 15 games ===
-- ncaaf_odds_pull.py 
=== NCAAF odds pull · 2026-10-06 ===
  alias map: 2871 name variants
  Odds API events: 59
    line_history: 3452 rows from 59 events

✓ wrote 59 rows to ncaaf_game_results
-- ncaab_odds_pull.py 
=== NCAAB odds pull · 2026-10-06 ===
  alias map: 1542 name variants
  Odds API events: 0
  (offseason or no lines posted)
-- detect_line_movement NHL 
=== detect_line_movement · NHL · lookback 6h ===
  wrote 20 flags

TOTAL flags written: 20
-- detect_line_movement NBA 
=== detect_line_movement · NBA · lookback 6h ===
  wrote 6 flags

TOTAL flags written: 6
-- detect_line_movement NFL 
=== detect_line_movement · NFL · lookback 6h ===
  wrote 34 flags

TOTAL flags written: 34
-- detect_line_movement NCAAF 
=== detect_line_movement · NCAAF · lookback 6h ===
  wrote 105 flags

TOTAL flags written: 105
-- detect_line_movement NCAAB 
=== detect_line_movement · NCAAB · lookback 6h ===

TOTAL flags written: 0
-- classify_line_moves ALL 
=== classify_line_moves · MLB/NFL/NCAAF/NCAAB/NHL/UFC  ===
  MLB: 10 flags in last 24h
  MLB: classifications → NEUTRAL=5, CONSENSUS_CONFIRMED=1, PATTERN_ONLY=2, CONSENSUS_LEAN=1, SHARP_MOVE_LEAN=1
  NFL: 61 flags in last 24h
  NFL: classifications → PATTERN_ONLY=61
  NCAAF: 176 flags in last 24h
  NCAAF: classifications → PATTERN_ONLY=118, NEUTRAL=17, CONSENSUS_LEAN=13, PUBLIC_MOVE_CONFIRMED=3, CONSENSUS_CONFIRMED=5, SHARP_MOVE_CONFIRMED=5, PUBLIC_MOVE_LEAN=7, SHARP_MOVE_LEAN=8
  NCAAB: 0 flags in last 24h
  NHL: 41 flags in last 24h
  NHL: classifications → PATTERN_ONLY=8, NEUTRAL=17, CONSENSUS_LEAN=9, SHARP_MOVE_LEAN=4, PUBLIC_MOVE_LEAN=3
  UFC: 0 flags in last 24h

  ✓ 288/288 flags classified
======== [Tue 10/06/2026 15:07:25.81] all steps ok ======== 
 
======== [Tue 10/06/2026 15:26:01.99] multisport poller start ======== 
-- nhl_odds_pull.py 
=== NHL odds pull · 2026-10-06 15:26 ET ===
  Odds API ok · quota left 4984696
  events: 15 · rows built: 15
  date span: 2026-10-06 .. 2026-10-10 (4 dates)
  line_history: 746 rows from 15 events
  ✓ upserted 15/15 games into nhl_game_results
-- nba_odds_pull.py 
=== NBA odds pull · 2026-10-06 15:26 ET ===
  Odds API ok · quota left 4984693
  events: 46 · rows built: 46
  date span: 2026-10-20 .. 2026-12-25 (12 dates)
  line_history: 992 rows from 46 events
  ✓ upserted 46/46 games into nba_game_results
-- nfl_odds_pull.py 
=== NFL odds pull · 2026-10-06 ===
  alias map: 32 team-name variants
  americanfootball_nfl: 15 events
    line_history: 982 rows from 15 events
    ✓ wrote 15 rows to nfl_game_results

=== Summary: 15 games ===
-- ncaaf_odds_pull.py 
=== NCAAF odds pull · 2026-10-06 ===
  alias map: 2871 name variants
  Odds API events: 59
    line_history: 3452 rows from 59 events

✓ wrote 59 rows to ncaaf_game_results
-- ncaab_odds_pull.py 
=== NCAAB odds pull · 2026-10-06 ===
  alias map: 1542 name variants
  Odds API events: 0
  (offseason or no lines posted)
-- detect_line_movement NHL 
=== detect_line_movement · NHL · lookback 6h ===
  wrote 19 flags

TOTAL flags written: 19
-- detect_line_movement NBA 
=== detect_line_movement · NBA · lookback 6h ===
  wrote 6 flags

TOTAL flags written: 6
-- detect_line_movement NFL 
=== detect_line_movement · NFL · lookback 6h ===
  wrote 32 flags

TOTAL flags written: 32
-- detect_line_movement NCAAF 
=== detect_line_movement · NCAAF · lookback 6h ===
  wrote 105 flags

TOTAL flags written: 105
-- detect_line_movement NCAAB 
=== detect_line_movement · NCAAB · lookback 6h ===

TOTAL flags written: 0
-- classify_line_moves ALL 
=== classify_line_moves · MLB/NFL/NCAAF/NCAAB/NHL/UFC  ===
  MLB: 10 flags in last 24h
  MLB: classifications → NEUTRAL=5, CONSENSUS_CONFIRMED=1, PATTERN_ONLY=2, CONSENSUS_LEAN=1, SHARP_MOVE_LEAN=1
  NFL: 62 flags in last 24h
  NFL: classifications → PATTERN_ONLY=62
  NCAAF: 178 flags in last 24h
  NCAAF: classifications → PATTERN_ONLY=120, CONSENSUS_LEAN=13, NEUTRAL=17, PUBLIC_MOVE_CONFIRMED=3, CONSENSUS_CONFIRMED=5, SHARP_MOVE_CONFIRMED=5, PUBLIC_MOVE_LEAN=7, SHARP_MOVE_LEAN=8
  NCAAB: 0 flags in last 24h
  NHL: 41 flags in last 24h
  NHL: classifications → PATTERN_ONLY=8, NEUTRAL=17, CONSENSUS_LEAN=9, SHARP_MOVE_LEAN=4, PUBLIC_MOVE_LEAN=3
  UFC: 0 flags in last 24h

  ✓ 291/291 flags classified
======== [Tue 10/06/2026 15:29:03.27] all steps ok ======== 
 
======== [Tue 10/06/2026 15:56:01.98] multisport poller start ======== 
-- nhl_odds_pull.py 
=== NHL odds pull · 2026-10-06 15:56 ET ===
  Odds API ok · quota left 4984666
  events: 15 · rows built: 15
  date span: 2026-10-06 .. 2026-10-10 (4 dates)
  line_history: 764 rows from 15 events
  ✓ upserted 15/15 games into nhl_game_results
-- nba_odds_pull.py 
=== NBA odds pull · 2026-10-06 15:56 ET ===
  Odds API ok · quota left 4984663
  events: 46 · rows built: 46
  date span: 2026-10-20 .. 2026-12-25 (12 dates)
  line_history: 992 rows from 46 events
  ✓ upserted 46/46 games into nba_game_results
-- nfl_odds_pull.py 
=== NFL odds pull · 2026-10-06 ===
  alias map: 32 team-name variants
  americanfootball_nfl: 29 events
    line_history: 1318 rows from 29 events
    ✓ wrote 29 rows to nfl_game_results

=== Summary: 29 games ===
-- ncaaf_odds_pull.py 
=== NCAAF odds pull · 2026-10-06 ===
  alias map: 2871 name variants
  Odds API events: 64
    line_history: 3486 rows from 64 events

✓ wrote 64 rows to ncaaf_game_results
-- ncaab_odds_pull.py 
=== NCAAB odds pull · 2026-10-06 ===
  alias map: 1542 name variants
  Odds API events: 0
  (offseason or no lines posted)
-- detect_line_movement NHL 
=== detect_line_movement · NHL · lookback 6h ===
  wrote 19 flags

TOTAL flags written: 19
-- detect_line_movement NBA 
=== detect_line_movement · NBA · lookback 6h ===
  wrote 6 flags

TOTAL flags written: 6
-- detect_line_movement NFL 
=== detect_line_movement · NFL · lookback 6h ===
  wrote 32 flags

TOTAL flags written: 32
-- detect_line_movement NCAAF 
=== detect_line_movement · NCAAF · lookback 6h ===
  wrote 109 flags

TOTAL flags written: 109
-- detect_line_movement NCAAB 
=== detect_line_movement · NCAAB · lookback 6h ===

TOTAL flags written: 0
-- classify_line_moves ALL 
=== classify_line_moves · MLB/NFL/NCAAF/NCAAB/NHL/UFC  ===
  MLB: 10 flags in last 24h
  MLB: classifications → NEUTRAL=5, CONSENSUS_CONFIRMED=1, PATTERN_ONLY=2, CONSENSUS_LEAN=1, SHARP_MOVE_LEAN=1
  NFL: 62 flags in last 24h
  NFL: classifications → PATTERN_ONLY=62
  NCAAF: 184 flags in last 24h
  NCAAF: classifications → PATTERN_ONLY=125, CONSENSUS_LEAN=13, NEUTRAL=17, PUBLIC_MOVE_CONFIRMED=3, CONSENSUS_CONFIRMED=5, PUBLIC_MOVE_LEAN=7, SHARP_MOVE_CONFIRMED=5, SHARP_MOVE_LEAN=9
  NCAAB: 0 flags in last 24h
  NHL: 41 flags in last 24h
  NHL: classifications → PATTERN_ONLY=8, NEUTRAL=17, CONSENSUS_LEAN=9, SHARP_MOVE_LEAN=4, PUBLIC_MOVE_LEAN=3
  UFC: 0 flags in last 24h

  ✓ 297/297 flags classified
======== [Tue 10/06/2026 15:59:27.22] all steps ok ======== 
 
======== [Tue 10/06/2026 16:26:01.58] multisport poller start ======== 
-- nhl_odds_pull.py 
=== NHL odds pull · 2026-10-06 16:26 ET ===
  Odds API ok · quota left 4984565
  events: 15 · rows built: 15
  date span: 2026-10-06 .. 2026-10-10 (4 dates)
  line_history: 764 rows from 15 events
  ✓ upserted 15/15 games into nhl_game_results
-- nba_odds_pull.py 
=== NBA odds pull · 2026-10-06 16:26 ET ===
  Odds API ok · quota left 4984562
  events: 46 · rows built: 46
  date span: 2026-10-20 .. 2026-12-25 (12 dates)
  line_history: 992 rows from 46 events
  ✓ upserted 46/46 games into nba_game_results
-- nfl_odds_pull.py 
=== NFL odds pull · 2026-10-06 ===
  alias map: 32 team-name variants
  americanfootball_nfl: 29 events
    line_history: 1318 rows from 29 events
    ✓ wrote 29 rows to nfl_game_results

=== Summary: 29 games ===
-- ncaaf_odds_pull.py 
=== NCAAF odds pull · 2026-10-06 ===
  alias map: 2871 name variants
  Odds API events: 67
    line_history: 3500 rows from 67 events

✓ wrote 67 rows to ncaaf_game_results
-- ncaab_odds_pull.py 
=== NCAAB odds pull · 2026-10-06 ===
  alias map: 1542 name variants
  Odds API events: 0
  (offseason or no lines posted)
-- detect_line_movement NHL 
=== detect_line_movement · NHL · lookback 6h ===
  wrote 20 flags

TOTAL flags written: 20
-- detect_line_movement NBA 
=== detect_line_movement · NBA · lookback 6h ===
  wrote 5 flags

TOTAL flags written: 5
-- detect_line_movement NFL 
=== detect_line_movement · NFL · lookback 6h ===
  wrote 36 flags

TOTAL flags written: 36
-- detect_line_movement NCAAF 
=== detect_line_movement · NCAAF · lookback 6h ===
  wrote 112 flags

TOTAL flags written: 112
-- detect_line_movement NCAAB 
=== detect_line_movement · NCAAB · lookback 6h ===

TOTAL flags written: 0
-- classify_line_moves ALL 
=== classify_line_moves · MLB/NFL/NCAAF/NCAAB/NHL/UFC  ===
  MLB: 10 flags in last 24h
  MLB: classifications → NEUTRAL=5, CONSENSUS_CONFIRMED=1, PATTERN_ONLY=2, CONSENSUS_LEAN=1, SHARP_MOVE_LEAN=1
  NFL: 65 flags in last 24h
  NFL: classifications → PATTERN_ONLY=65
  NCAAF: 192 flags in last 24h
  NCAAF: classifications → PATTERN_ONLY=131, CONSENSUS_CONFIRMED=6, CONSENSUS_LEAN=14, NEUTRAL=17, PUBLIC_MOVE_CONFIRMED=3, SHARP_MOVE_CONFIRMED=5, PUBLIC_MOVE_LEAN=7, SHARP_MOVE_LEAN=9
  NCAAB: 0 flags in last 24h
  NHL: 42 flags in last 24h
  NHL: classifications → PATTERN_ONLY=9, NEUTRAL=17, CONSENSUS_LEAN=9, SHARP_MOVE_LEAN=4, PUBLIC_MOVE_LEAN=3
  UFC: 0 flags in last 24h

  ✓ 309/309 flags classified
======== [Tue 10/06/2026 16:29:49.60] all steps ok ======== 
 
======== [Tue 10/06/2026 16:56:01.57] multisport poller start ======== 
-- nhl_odds_pull.py 
=== NHL odds pull · 2026-10-06 16:56 ET ===
  Odds API ok · quota left 4984430
  events: 15 · rows built: 15
  date span: 2026-10-06 .. 2026-10-10 (4 dates)
  line_history: 764 rows from 15 events
  ✓ upserted 15/15 games into nhl_game_results
-- nba_odds_pull.py 
=== NBA odds pull · 2026-10-06 16:56 ET ===
  Odds API ok · quota left 4984427
  events: 46 · rows built: 46
  date span: 2026-10-20 .. 2026-12-25 (12 dates)
  line_history: 992 rows from 46 events
  ✓ upserted 46/46 games into nba_game_results
-- nfl_odds_pull.py 
=== NFL odds pull · 2026-10-06 ===
  alias map: 32 team-name variants
  americanfootball_nfl: 29 events
    line_history: 1318 rows from 29 events
    ✓ wrote 29 rows to nfl_game_results

=== Summary: 29 games ===
-- ncaaf_odds_pull.py 
=== NCAAF odds pull · 2026-10-06 ===
  alias map: 2871 name variants
  Odds API events: 67
    line_history: 3504 rows from 67 events

✓ wrote 67 rows to ncaaf_game_results
-- ncaab_odds_pull.py 
=== NCAAB odds pull · 2026-10-06 ===
  alias map: 1542 name variants
  Odds API events: 0
  (offseason or no lines posted)
-- detect_line_movement NHL 
=== detect_line_movement · NHL · lookback 6h ===
  wrote 14 flags

TOTAL flags written: 14
-- detect_line_movement NBA 
=== detect_line_movement · NBA · lookback 6h ===
  wrote 2 flags

TOTAL flags written: 2
-- detect_line_movement NFL 
=== detect_line_movement · NFL · lookback 6h ===
  wrote 20 flags

TOTAL flags written: 20
-- detect_line_movement NCAAF 
=== detect_line_movement · NCAAF · lookback 6h ===
  wrote 110 flags

TOTAL flags written: 110
-- detect_line_movement NCAAB 
=== detect_line_movement · NCAAB · lookback 6h ===

TOTAL flags written: 0
-- classify_line_moves ALL 
=== classify_line_moves · MLB/NFL/NCAAF/NCAAB/NHL/UFC  ===
  MLB: 9 flags in last 24h
  MLB: classifications → NEUTRAL=5, CONSENSUS_CONFIRMED=1, CONSENSUS_LEAN=1, SHARP_MOVE_LEAN=1, PATTERN_ONLY=1
  NFL: 68 flags in last 24h
  NFL: classifications → PATTERN_ONLY=68
  NCAAF: 194 flags in last 24h
  NCAAF: classifications → PATTERN_ONLY=132, CONSENSUS_LEAN=14, NEUTRAL=18, PUBLIC_MOVE_CONFIRMED=3, CONSENSUS_CONFIRMED=6, SHARP_MOVE_CONFIRMED=5, PUBLIC_MOVE_LEAN=7, SHARP_MOVE_LEAN=9
  NCAAB: 0 flags in last 24h
  NHL: 42 flags in last 24h
  NHL: classifications → PATTERN_ONLY=9, NEUTRAL=17, CONSENSUS_LEAN=9, SHARP_MOVE_LEAN=4, PUBLIC_MOVE_LEAN=3
  UFC: 0 flags in last 24h

  ✓ 313/313 flags classified
======== [Tue 10/06/2026 17:00:22.43] all steps ok ======== 
 
======== [Tue 10/06/2026 17:26:01.69] multisport poller start ======== 
-- nhl_odds_pull.py 
=== NHL odds pull · 2026-10-06 17:26 ET ===
  Odds API ok · quota left 4984397
  events: 15 · rows built: 15
  date span: 2026-10-06 .. 2026-10-10 (4 dates)
  line_history: 764 rows from 15 events
  ✓ upserted 15/15 games into nhl_game_results
-- nba_odds_pull.py 
=== NBA odds pull · 2026-10-06 17:26 ET ===
  Odds API ok · quota left 4984394
  events: 46 · rows built: 46
  date span: 2026-10-20 .. 2026-12-25 (12 dates)
  line_history: 992 rows from 46 events
  ✓ upserted 46/46 games into nba_game_results
-- nfl_odds_pull.py 
=== NFL odds pull · 2026-10-06 ===
  alias map: 32 team-name variants
  americanfootball_nfl: 29 events
    line_history: 1330 rows from 29 events
    ✓ wrote 29 rows to nfl_game_results

=== Summary: 29 games ===
-- ncaaf_odds_pull.py 
=== NCAAF odds pull · 2026-10-06 ===
  alias map: 2871 name variants
  Odds API events: 67
    line_history: 3508 rows from 67 events

✓ wrote 67 rows to ncaaf_game_results
-- ncaab_odds_pull.py 
=== NCAAB odds pull · 2026-10-06 ===
  alias map: 1542 name variants
  Odds API events: 0
  (offseason or no lines posted)
-- detect_line_movement NHL 
=== detect_line_movement · NHL · lookback 6h ===
  wrote 15 flags

TOTAL flags written: 15
-- detect_line_movement NBA 
=== detect_line_movement · NBA · lookback 6h ===
  wrote 4 flags

TOTAL flags written: 4
-- detect_line_movement NFL 
=== detect_line_movement · NFL · lookback 6h ===
  wrote 14 flags

TOTAL flags written: 14
-- detect_line_movement NCAAF 
=== detect_line_movement · NCAAF · lookback 6h ===
  wrote 29 flags

TOTAL flags written: 29
-- detect_line_movement NCAAB 
=== detect_line_movement · NCAAB · lookback 6h ===

TOTAL flags written: 0
-- classify_line_moves ALL 
=== classify_line_moves · MLB/NFL/NCAAF/NCAAB/NHL/UFC  ===
  MLB: 9 flags in last 24h
  MLB: classifications → NEUTRAL=5, CONSENSUS_CONFIRMED=1, CONSENSUS_LEAN=1, SHARP_MOVE_LEAN=1, PATTERN_ONLY=1
  NFL: 68 flags in last 24h
  NFL: classifications → PATTERN_ONLY=68
  NCAAF: 199 flags in last 24h
  NCAAF: classifications → PATTERN_ONLY=135, CONSENSUS_LEAN=14, NEUTRAL=19, PUBLIC_MOVE_CONFIRMED=3, CONSENSUS_CONFIRMED=6, SHARP_MOVE_CONFIRMED=5, PUBLIC_MOVE_LEAN=7, SHARP_MOVE_LEAN=10
  NCAAB: 0 flags in last 24h
  NHL: 43 flags in last 24h
  NHL: classifications → PATTERN_ONLY=9, NEUTRAL=18, CONSENSUS_LEAN=9, SHARP_MOVE_LEAN=4, PUBLIC_MOVE_LEAN=3
  UFC: 0 flags in last 24h

  ✓ 319/319 flags classified
======== [Tue 10/06/2026 17:30:20.18] all steps ok ======== 
 
======== [Tue 10/06/2026 17:56:01.67] multisport poller start ======== 
-- nhl_odds_pull.py 
=== NHL odds pull · 2026-10-06 17:56 ET ===
  Odds API ok · quota left 4984358
  events: 15 · rows built: 15
  date span: 2026-10-06 .. 2026-10-10 (4 dates)
  line_history: 782 rows from 15 events
  ✓ upserted 15/15 games into nhl_game_results
-- nba_odds_pull.py 
=== NBA odds pull · 2026-10-06 17:56 ET ===
  Odds API ok · quota left 4984355
  events: 46 · rows built: 46
  date span: 2026-10-20 .. 2026-12-25 (12 dates)
  line_history: 992 rows from 46 events
  ✓ upserted 46/46 games into nba_game_results
-- nfl_odds_pull.py 
=== NFL odds pull · 2026-10-06 ===
  alias map: 32 team-name variants
  americanfootball_nfl: 29 events
    line_history: 1396 rows from 29 events
    ✓ wrote 29 rows to nfl_game_results

=== Summary: 29 games ===
-- ncaaf_odds_pull.py 
=== NCAAF odds pull · 2026-10-06 ===
  alias map: 2871 name variants
  Odds API events: 67
    line_history: 3508 rows from 67 events

✓ wrote 67 rows to ncaaf_game_results
-- ncaab_odds_pull.py 
=== NCAAB odds pull · 2026-10-06 ===
  alias map: 1542 name variants
  Odds API events: 0
  (offseason or no lines posted)
-- detect_line_movement NHL 
=== detect_line_movement · NHL · lookback 6h ===
  wrote 16 flags

TOTAL flags written: 16
-- detect_line_movement NBA 
=== detect_line_movement · NBA · lookback 6h ===
  wrote 4 flags

TOTAL flags written: 4
-- detect_line_movement NFL 
=== detect_line_movement · NFL · lookback 6h ===
  wrote 15 flags

TOTAL flags written: 15
-- detect_line_movement NCAAF 
=== detect_line_movement · NCAAF · lookback 6h ===
  wrote 29 flags

TOTAL flags written: 29
-- detect_line_movement NCAAB 
=== detect_line_movement · NCAAB · lookback 6h ===

TOTAL flags written: 0
-- classify_line_moves ALL 
=== classify_line_moves · MLB/NFL/NCAAF/NCAAB/NHL/UFC  ===
  MLB: 9 flags in last 24h
  MLB: classifications → NEUTRAL=5, CONSENSUS_CONFIRMED=1, CONSENSUS_LEAN=1, SHARP_MOVE_LEAN=1, PATTERN_ONLY=1
  NFL: 68 flags in last 24h
  NFL: classifications → PATTERN_ONLY=68
  NCAAF: 199 flags in last 24h
  NCAAF: classifications → PATTERN_ONLY=135, CONSENSUS_LEAN=14, NEUTRAL=19, PUBLIC_MOVE_CONFIRMED=3, CONSENSUS_CONFIRMED=6, SHARP_MOVE_CONFIRMED=5, PUBLIC_MOVE_LEAN=7, SHARP_MOVE_LEAN=10
  NCAAB: 0 flags in last 24h
  NHL: 43 flags in last 24h
  NHL: classifications → PATTERN_ONLY=9, NEUTRAL=18, CONSENSUS_LEAN=9, SHARP_MOVE_LEAN=4, PUBLIC_MOVE_LEAN=3
  UFC: 0 flags in last 24h

  ✓ 319/319 flags classified
======== [Tue 10/06/2026 18:01:00.75] all steps ok ======== 
 
======== [Tue 10/06/2026 18:26:01.70] multisport poller start ======== 
-- nhl_odds_pull.py 
=== NHL odds pull · 2026-10-06 18:26 ET ===
  Odds API ok · quota left 4984325
  events: 15 · rows built: 15
  date span: 2026-10-06 .. 2026-10-10 (4 dates)
  line_history: 784 rows from 15 events
  ✓ upserted 15/15 games into nhl_game_results
-- nba_odds_pull.py 
=== NBA odds pull · 2026-10-06 18:26 ET ===
  Odds API ok · quota left 4984322
  events: 46 · rows built: 46
  date span: 2026-10-20 .. 2026-12-25 (12 dates)
  line_history: 992 rows from 46 events
  ✓ upserted 46/46 games into nba_game_results
-- nfl_odds_pull.py 
=== NFL odds pull · 2026-10-06 ===
  alias map: 32 team-name variants
  americanfootball_nfl: 29 events
    line_history: 1402 rows from 29 events
    ✓ wrote 29 rows to nfl_game_results

=== Summary: 29 games ===
-- ncaaf_odds_pull.py 
=== NCAAF odds pull · 2026-10-06 ===
  alias map: 2871 name variants
  Odds API events: 67
    line_history: 3508 rows from 67 events

✓ wrote 67 rows to ncaaf_game_results
-- ncaab_odds_pull.py 
=== NCAAB odds pull · 2026-10-06 ===
  alias map: 1542 name variants
  Odds API events: 0
  (offseason or no lines posted)
-- detect_line_movement NHL 
=== detect_line_movement · NHL · lookback 6h ===
  wrote 16 flags

TOTAL flags written: 16
-- detect_line_movement NBA 
=== detect_line_movement · NBA · lookback 6h ===
  wrote 4 flags

TOTAL flags written: 4
-- detect_line_movement NFL 
=== detect_line_movement · NFL · lookback 6h ===
  wrote 18 flags

TOTAL flags written: 18
-- detect_line_movement NCAAF 
=== detect_line_movement · NCAAF · lookback 6h ===
  wrote 29 flags

TOTAL flags written: 29
-- detect_line_movement NCAAB 
=== detect_line_movement · NCAAB · lookback 6h ===

TOTAL flags written: 0
-- classify_line_moves ALL 
=== classify_line_moves · MLB/NFL/NCAAF/NCAAB/NHL/UFC  ===
  MLB: 9 flags in last 24h
  MLB: classifications → NEUTRAL=5, CONSENSUS_CONFIRMED=1, CONSENSUS_LEAN=1, SHARP_MOVE_LEAN=1, PATTERN_ONLY=1
  NFL: 68 flags in last 24h
  NFL: classifications → PATTERN_ONLY=68
  NCAAF: 199 flags in last 24h
  NCAAF: classifications → PATTERN_ONLY=135, CONSENSUS_LEAN=14, NEUTRAL=19, PUBLIC_MOVE_CONFIRMED=3, CONSENSUS_CONFIRMED=6, SHARP_MOVE_CONFIRMED=5, PUBLIC_MOVE_LEAN=7, SHARP_MOVE_LEAN=10
  NCAAB: 0 flags in last 24h
  NHL: 43 flags in last 24h
  NHL: classifications → PATTERN_ONLY=9, NEUTRAL=18, CONSENSUS_LEAN=9, SHARP_MOVE_LEAN=4, PUBLIC_MOVE_LEAN=3
  UFC: 0 flags in last 24h

  ✓ 319/319 flags classified
======== [Tue 10/06/2026 18:30:27.16] all steps ok ======== 
 
======== [Tue 10/06/2026 18:56:01.91] multisport poller start ======== 
-- nhl_odds_pull.py 
=== NHL odds pull · 2026-10-06 18:56 ET ===
  Odds API ok · quota left 4984225
  events: 15 · rows built: 15
  date span: 2026-10-06 .. 2026-10-10 (4 dates)
  line_history: 780 rows from 15 events
  ✓ upserted 15/15 games into nhl_game_results
-- nba_odds_pull.py 
=== NBA odds pull · 2026-10-06 18:56 ET ===
  Odds API ok · quota left 4984222
  events: 46 · rows built: 46
  date span: 2026-10-20 .. 2026-12-25 (12 dates)
  line_history: 992 rows from 46 events
  ✓ upserted 46/46 games into nba_game_results
-- nfl_odds_pull.py 
=== NFL odds pull · 2026-10-06 ===
  alias map: 32 team-name variants
  americanfootball_nfl: 29 events
    line_history: 1402 rows from 29 events
    ✓ wrote 29 rows to nfl_game_results

=== Summary: 29 games ===
-- ncaaf_odds_pull.py 
=== NCAAF odds pull · 2026-10-06 ===
  alias map: 2871 name variants
  Odds API events: 67
    line_history: 3508 rows from 67 events

✓ wrote 67 rows to ncaaf_game_results
-- ncaab_odds_pull.py 
=== NCAAB odds pull · 2026-10-06 ===
  alias map: 1542 name variants
  Odds API events: 0
  (offseason or no lines posted)
-- detect_line_movement NHL 
=== detect_line_movement · NHL · lookback 6h ===
  wrote 19 flags

TOTAL flags written: 19
-- detect_line_movement NBA 
=== detect_line_movement · NBA · lookback 6h ===
  wrote 4 flags

TOTAL flags written: 4
-- detect_line_movement NFL 
=== detect_line_movement · NFL · lookback 6h ===
  wrote 21 flags

TOTAL flags written: 21
-- detect_line_movement NCAAF 
=== detect_line_movement · NCAAF · lookback 6h ===
  wrote 29 flags

TOTAL flags written: 29
-- detect_line_movement NCAAB 
=== detect_line_movement · NCAAB · lookback 6h ===

TOTAL flags written: 0
-- classify_line_moves ALL 
=== classify_line_moves · MLB/NFL/NCAAF/NCAAB/NHL/UFC  ===
  MLB: 9 flags in last 24h
  MLB: classifications → PATTERN_ONLY=1, NEUTRAL=5, CONSENSUS_CONFIRMED=1, CONSENSUS_LEAN=1, SHARP_MOVE_LEAN=1
  NFL: 71 flags in last 24h
  NFL: classifications → PATTERN_ONLY=71
  NCAAF: 199 flags in last 24h
  NCAAF: classifications → PATTERN_ONLY=135, CONSENSUS_LEAN=14, NEUTRAL=19, PUBLIC_MOVE_CONFIRMED=3, CONSENSUS_CONFIRMED=6, SHARP_MOVE_CONFIRMED=5, PUBLIC_MOVE_LEAN=7, SHARP_MOVE_LEAN=10
  NCAAB: 0 flags in last 24h
  NHL: 44 flags in last 24h
  NHL: classifications → PATTERN_ONLY=12, NEUTRAL=16, CONSENSUS_LEAN=8, SHARP_MOVE_LEAN=5, PUBLIC_MOVE_LEAN=3
  UFC: 0 flags in last 24h

  ✓ 323/323 flags classified
======== [Tue 10/06/2026 19:02:47.99] all steps ok ======== 
 
======== [Tue 10/06/2026 19:26:01.70] multisport poller start ======== 
-- nhl_odds_pull.py 
=== NHL odds pull · 2026-10-06 19:26 ET ===
  Odds API ok · quota left 4984189
  skipped 5 in-progress game(s) — live prices must not overwrite the close
  events: 15 · rows built: 10
  date span: 2026-10-06 .. 2026-10-10 (4 dates)
  line_history: 460 rows from 10 events
  ✓ upserted 10/10 games into nhl_game_results
-- nba_odds_pull.py 
=== NBA odds pull · 2026-10-06 19:26 ET ===
  Odds API ok · quota left 4984186
  events: 46 · rows built: 46
  date span: 2026-10-20 .. 2026-12-25 (12 dates)
  line_history: 992 rows from 46 events
  ✓ upserted 46/46 games into nba_game_results
-- nfl_odds_pull.py 
=== NFL odds pull · 2026-10-06 ===
  alias map: 32 team-name variants
  americanfootball_nfl: 29 events
    line_history: 1402 rows from 29 events
    ✓ wrote 29 rows to nfl_game_results

=== Summary: 29 games ===
-- ncaaf_odds_pull.py 
=== NCAAF odds pull · 2026-10-06 ===
  alias map: 2871 name variants
  Odds API events: 67
    line_history: 3504 rows from 67 events

✓ wrote 67 rows to ncaaf_game_results
-- ncaab_odds_pull.py 
=== NCAAB odds pull · 2026-10-06 ===
  alias map: 1542 name variants
  Odds API events: 0
  (offseason or no lines posted)
-- detect_line_movement NHL 
=== detect_line_movement · NHL · lookback 6h ===
  wrote 19 flags

TOTAL flags written: 19
-- detect_line_movement NBA 
=== detect_line_movement · NBA · lookback 6h ===
  wrote 4 flags

TOTAL flags written: 4
-- detect_line_movement NFL 
=== detect_line_movement · NFL · lookback 6h ===
  wrote 21 flags

TOTAL flags written: 21
-- detect_line_movement NCAAF 
=== detect_line_movement · NCAAF · lookback 6h ===
  wrote 29 flags

TOTAL flags written: 29
-- detect_line_movement NCAAB 
=== detect_line_movement · NCAAB · lookback 6h ===

TOTAL flags written: 0
-- classify_line_moves ALL 
=== classify_line_moves · MLB/NFL/NCAAF/NCAAB/NHL/UFC  ===
  MLB: 9 flags in last 24h
  MLB: classifications → CONSENSUS_CONFIRMED=2, NEUTRAL=3, CONSENSUS_LEAN=1, SHARP_MOVE_LEAN=1, PATTERN_ONLY=2
  NFL: 71 flags in last 24h
  NFL: classifications → PATTERN_ONLY=71
  NCAAF: 199 flags in last 24h
  NCAAF: classifications → PATTERN_ONLY=139, CONSENSUS_LEAN=15, NEUTRAL=18, SHARP_MOVE_LEAN=11, PUBLIC_MOVE_LEAN=8, CONSENSUS_CONFIRMED=3, SHARP_MOVE_CONFIRMED=3, PUBLIC_MOVE_CONFIRMED=2
  NCAAB: 0 flags in last 24h
  NHL: 40 flags in last 24h
  NHL: classifications → PATTERN_ONLY=12, NEUTRAL=15, CONSENSUS_LEAN=7, SHARP_MOVE_LEAN=4, PUBLIC_MOVE_LEAN=2
  UFC: 0 flags in last 24h

  ✓ 319/319 flags classified
======== [Tue 10/06/2026 19:30:28.39] all steps ok ======== 
 
======== [Tue 10/06/2026 19:56:01.65] multisport poller start ======== 
-- nhl_odds_pull.py 
=== NHL odds pull · 2026-10-06 19:56 ET ===
  Odds API ok · quota left 4983991
  skipped 6 in-progress game(s) — live prices must not overwrite the close
  events: 15 · rows built: 9
  date span: 2026-10-06 .. 2026-10-10 (4 dates)
  line_history: 408 rows from 9 events
  ✓ upserted 9/9 games into nhl_game_results
-- nba_odds_pull.py 
=== NBA odds pull · 2026-10-06 19:56 ET ===
  Odds API ok · quota left 4983988
  events: 46 · rows built: 46
  date span: 2026-10-20 .. 2026-12-25 (12 dates)
  line_history: 992 rows from 46 events
  ✓ upserted 46/46 games into nba_game_results
-- nfl_odds_pull.py 
=== NFL odds pull · 2026-10-06 ===
  alias map: 32 team-name variants
  americanfootball_nfl: 29 events
    line_history: 1474 rows from 29 events
    ✓ wrote 29 rows to nfl_game_results

=== Summary: 29 games ===
-- ncaaf_odds_pull.py 
=== NCAAF odds pull · 2026-10-06 ===
  alias map: 2871 name variants
  Odds API events: 67
    line_history: 3506 rows from 67 events

✓ wrote 67 rows to ncaaf_game_results
-- ncaab_odds_pull.py 
=== NCAAB odds pull · 2026-10-06 ===
  alias map: 1542 name variants
  Odds API events: 0
  (offseason or no lines posted)
-- detect_line_movement NHL 
=== detect_line_movement · NHL · lookback 6h ===
  wrote 18 flags

TOTAL flags written: 18
-- detect_line_movement NBA 
=== detect_line_movement · NBA · lookback 6h ===
  wrote 4 flags

TOTAL flags written: 4
-- detect_line_movement NFL 
=== detect_line_movement · NFL · lookback 6h ===
  wrote 23 flags

TOTAL flags written: 23
-- detect_line_movement NCAAF 
=== detect_line_movement · NCAAF · lookback 6h ===
  wrote 30 flags

TOTAL flags written: 30
-- detect_line_movement NCAAB 
=== detect_line_movement · NCAAB · lookback 6h ===

TOTAL flags written: 0
-- classify_line_moves ALL 
=== classify_line_moves · MLB/NFL/NCAAF/NCAAB/NHL/UFC  ===
  MLB: 7 flags in last 24h
  MLB: classifications → CONSENSUS_CONFIRMED=1, NEUTRAL=2, CONSENSUS_LEAN=1, SHARP_MOVE_LEAN=1, PATTERN_ONLY=2
  NFL: 67 flags in last 24h
  NFL: classifications → PATTERN_ONLY=67
  NCAAF: 199 flags in last 24h
  NCAAF: classifications → PATTERN_ONLY=139, CONSENSUS_LEAN=15, NEUTRAL=18, SHARP_MOVE_LEAN=11, PUBLIC_MOVE_LEAN=8, CONSENSUS_CONFIRMED=3, SHARP_MOVE_CONFIRMED=3, PUBLIC_MOVE_CONFIRMED=2
  NCAAB: 0 flags in last 24h
  NHL: 39 flags in last 24h
  NHL: classifications → PATTERN_ONLY=12, NEUTRAL=14, CONSENSUS_LEAN=7, SHARP_MOVE_LEAN=4, PUBLIC_MOVE_LEAN=2
  UFC: 0 flags in last 24h

  ✓ 312/312 flags classified
======== [Tue 10/06/2026 20:00:25.17] all steps ok ======== 
 
======== [Tue 10/06/2026 20:26:01.71] multisport poller start ======== 
-- nhl_odds_pull.py 
=== NHL odds pull · 2026-10-06 20:26 ET ===
  Odds API ok · quota left 4983967
  skipped 7 in-progress game(s) — live prices must not overwrite the close
  events: 15 · rows built: 8
  date span: 2026-10-06 .. 2026-10-10 (4 dates)
  line_history: 332 rows from 8 events
  ✓ upserted 8/8 games into nhl_game_results
-- nba_odds_pull.py 
=== NBA odds pull · 2026-10-06 20:26 ET ===
  Odds API ok · quota left 4983964
  events: 46 · rows built: 46
  date span: 2026-10-20 .. 2026-12-25 (12 dates)
  line_history: 992 rows from 46 events
  ✓ upserted 46/46 games into nba_game_results
-- nfl_odds_pull.py 
=== NFL odds pull · 2026-10-06 ===
  alias map: 32 team-name variants
  americanfootball_nfl: 29 events
    line_history: 1482 rows from 29 events
    ✓ wrote 29 rows to nfl_game_results

=== Summary: 29 games ===
-- ncaaf_odds_pull.py 
=== NCAAF odds pull · 2026-10-06 ===
  alias map: 2871 name variants
  Odds API events: 67
    line_history: 3446 rows from 66 events

✓ wrote 66 rows to ncaaf_game_results
-- ncaab_odds_pull.py 
=== NCAAB odds pull · 2026-10-06 ===
  alias map: 1542 name variants
  Odds API events: 0
  (offseason or no lines posted)
-- detect_line_movement NHL 
=== detect_line_movement · NHL · lookback 6h ===
  wrote 19 flags

TOTAL flags written: 19
-- detect_line_movement NBA 
=== detect_line_movement · NBA · lookback 6h ===
  wrote 2 flags

TOTAL flags written: 2
-- detect_line_movement NFL 
=== detect_line_movement · NFL · lookback 6h ===
  wrote 25 flags

TOTAL flags written: 25
-- detect_line_movement NCAAF 
=== detect_line_movement · NCAAF · lookback 6h ===
  wrote 30 flags

TOTAL flags written: 30
-- detect_line_movement NCAAB 
=== detect_line_movement · NCAAB · lookback 6h ===

TOTAL flags written: 0
-- classify_line_moves ALL 
=== classify_line_moves · MLB/NFL/NCAAF/NCAAB/NHL/UFC  ===
  MLB: 7 flags in last 24h
  MLB: classifications → CONSENSUS_CONFIRMED=1, NEUTRAL=2, CONSENSUS_LEAN=1, SHARP_MOVE_LEAN=1, PATTERN_ONLY=2
  NFL: 67 flags in last 24h
  NFL: classifications → PATTERN_ONLY=67
  NCAAF: 199 flags in last 24h
  NCAAF: classifications → PATTERN_ONLY=139, CONSENSUS_LEAN=15, NEUTRAL=18, SHARP_MOVE_LEAN=11, PUBLIC_MOVE_LEAN=8, CONSENSUS_CONFIRMED=3, SHARP_MOVE_CONFIRMED=3, PUBLIC_MOVE_CONFIRMED=2
  NCAAB: 0 flags in last 24h
  NHL: 39 flags in last 24h
  NHL: classifications → PATTERN_ONLY=12, NEUTRAL=14, CONSENSUS_LEAN=7, SHARP_MOVE_LEAN=4, PUBLIC_MOVE_LEAN=2
  UFC: 0 flags in last 24h

  ✓ 312/312 flags classified
======== [Tue 10/06/2026 20:31:09.69] all steps ok ======== 
 
======== [Tue 10/06/2026 21:18:55.18] multisport poller start ======== 
-- nhl_odds_pull.py 
=== NHL odds pull · 2026-10-06 21:18 ET ===
  Odds API ok · quota left 4983797
  skipped 7 in-progress game(s) — live prices must not overwrite the close
  events: 15 · rows built: 8
  date span: 2026-10-06 .. 2026-10-10 (4 dates)
  line_history: 332 rows from 8 events
  ✓ upserted 8/8 games into nhl_game_results
-- nba_odds_pull.py 
=== NBA odds pull · 2026-10-06 21:19 ET ===
  Odds API ok · quota left 4983788
  events: 46 · rows built: 46
  date span: 2026-10-20 .. 2026-12-25 (12 dates)
  line_history: 992 rows from 46 events
  ✓ upserted 46/46 games into nba_game_results
-- nfl_odds_pull.py 
=== NFL odds pull · 2026-10-06 ===
  alias map: 32 team-name variants
  americanfootball_nfl: 29 events
    line_history: 1482 rows from 29 events
    ✓ wrote 29 rows to nfl_game_results

=== Summary: 29 games ===
-- ncaaf_odds_pull.py 
=== NCAAF odds pull · 2026-10-06 ===
  alias map: 2871 name variants
  Odds API events: 67
    line_history: 3444 rows from 66 events

✓ wrote 66 rows to ncaaf_game_results
-- ncaab_odds_pull.py 
=== NCAAB odds pull · 2026-10-06 ===
  alias map: 1542 name variants
  Odds API events: 0
  (offseason or no lines posted)
-- detect_line_movement NHL 
=== detect_line_movement · NHL · lookback 6h ===
  wrote 19 flags

TOTAL flags written: 19
-- detect_line_movement NBA 
=== detect_line_movement · NBA · lookback 6h ===
  wrote 2 flags

TOTAL flags written: 2
-- detect_line_movement NFL 
=== detect_line_movement · NFL · lookback 6h ===
  wrote 27 flags

TOTAL flags written: 27
-- detect_line_movement NCAAF 
=== detect_line_movement · NCAAF · lookback 6h ===
  wrote 25 flags

TOTAL flags written: 25
-- detect_line_movement NCAAB 
=== detect_line_movement · NCAAB · lookback 6h ===

TOTAL flags written: 0
-- classify_line_moves ALL 
=== classify_line_moves · MLB/NFL/NCAAF/NCAAB/NHL/UFC  ===
  MLB: 7 flags in last 24h
  MLB: classifications → CONSENSUS_CONFIRMED=1, NEUTRAL=2, CONSENSUS_LEAN=1, SHARP_MOVE_LEAN=1, PATTERN_ONLY=2
  NFL: 71 flags in last 24h
  NFL: classifications → PATTERN_ONLY=71
  NCAAF: 199 flags in last 24h
  NCAAF: classifications → PATTERN_ONLY=139, CONSENSUS_LEAN=16, NEUTRAL=17, SHARP_MOVE_LEAN=10, PUBLIC_MOVE_LEAN=9, CONSENSUS_CONFIRMED=3, SHARP_MOVE_CONFIRMED=3, PUBLIC_MOVE_CONFIRMED=2
  NCAAB: 0 flags in last 24h
  NHL: 39 flags in last 24h
  NHL: classifications → PATTERN_ONLY=12, NEUTRAL=14, CONSENSUS_LEAN=7, SHARP_MOVE_LEAN=4, PUBLIC_MOVE_LEAN=2
  UFC: 0 flags in last 24h

  ✓ 316/316 flags classified
======== [Tue 10/06/2026 21:24:14.60] all steps ok ======== 
 
======== [Tue 10/06/2026 21:26:01.81] multisport poller start ======== 
-- nhl_odds_pull.py 
=== NHL odds pull · 2026-10-06 21:26 ET ===
  Odds API ok · quota left 4983779
  skipped 7 in-progress game(s) — live prices must not overwrite the close
  events: 15 · rows built: 8
  date span: 2026-10-06 .. 2026-10-10 (4 dates)
  line_history: 332 rows from 8 events
  ✓ upserted 8/8 games into nhl_game_results
-- nba_odds_pull.py 
=== NBA odds pull · 2026-10-06 21:26 ET ===
  Odds API ok · quota left 4983776
  events: 46 · rows built: 46
  date span: 2026-10-20 .. 2026-12-25 (12 dates)
  line_history: 992 rows from 46 events
  ✓ upserted 46/46 games into nba_game_results
-- nfl_odds_pull.py 
=== NFL odds pull · 2026-10-06 ===
  alias map: 32 team-name variants
  americanfootball_nfl: 29 events
    line_history: 1482 rows from 29 events
    ✓ wrote 29 rows to nfl_game_results

=== Summary: 29 games ===
-- ncaaf_odds_pull.py 
=== NCAAF odds pull · 2026-10-06 ===
  alias map: 2871 name variants
  Odds API events: 67
    line_history: 3446 rows from 66 events

✓ wrote 66 rows to ncaaf_game_results
-- ncaab_odds_pull.py 
=== NCAAB odds pull · 2026-10-06 ===
  alias map: 1542 name variants
  Odds API events: 0
  (offseason or no lines posted)
-- detect_line_movement NHL 
=== detect_line_movement · NHL · lookback 6h ===
  wrote 18 flags

TOTAL flags written: 18
-- detect_line_movement NBA 
=== detect_line_movement · NBA · lookback 6h ===
  wrote 2 flags

TOTAL flags written: 2
-- detect_line_movement NFL 
=== detect_line_movement · NFL · lookback 6h ===
  wrote 28 flags

TOTAL flags written: 28
-- detect_line_movement NCAAF 
=== detect_line_movement · NCAAF · lookback 6h ===
  wrote 27 flags

TOTAL flags written: 27
-- detect_line_movement NCAAB 
=== detect_line_movement · NCAAB · lookback 6h ===

TOTAL flags written: 0
-- classify_line_moves ALL 
=== classify_line_moves · MLB/NFL/NCAAF/NCAAB/NHL/UFC  ===
  MLB: 7 flags in last 24h
  MLB: classifications → CONSENSUS_CONFIRMED=1, NEUTRAL=2, CONSENSUS_LEAN=1, SHARP_MOVE_LEAN=1, PATTERN_ONLY=2
  NFL: 71 flags in last 24h
  NFL: classifications → PATTERN_ONLY=71
  NCAAF: 196 flags in last 24h
  NCAAF: classifications → PATTERN_ONLY=136, CONSENSUS_LEAN=16, NEUTRAL=17, SHARP_MOVE_LEAN=10, PUBLIC_MOVE_LEAN=9, CONSENSUS_CONFIRMED=3, SHARP_MOVE_CONFIRMED=3, PUBLIC_MOVE_CONFIRMED=2
  NCAAB: 0 flags in last 24h
  NHL: 39 flags in last 24h
  NHL: classifications → PATTERN_ONLY=12, NEUTRAL=14, CONSENSUS_LEAN=7, SHARP_MOVE_LEAN=4, PUBLIC_MOVE_LEAN=2
  UFC: 0 flags in last 24h

  ✓ 313/313 flags classified
======== [Tue 10/06/2026 21:30:14.19] all steps ok ======== 
 
======== [Tue 10/06/2026 21:56:01.79] multisport poller start ======== 
-- nhl_odds_pull.py 
=== NHL odds pull · 2026-10-06 21:56 ET ===
  Odds API ok · quota left 4983723
  skipped 7 in-progress game(s) — live prices must not overwrite the close
  events: 14 · rows built: 7
  date span: 2026-10-06 .. 2026-10-10 (4 dates)
  line_history: 268 rows from 7 events
  ✓ upserted 7/7 games into nhl_game_results
-- nba_odds_pull.py 
=== NBA odds pull · 2026-10-06 21:56 ET ===
  Odds API ok · quota left 4983720
  events: 46 · rows built: 46
  date span: 2026-10-20 .. 2026-12-25 (12 dates)
  line_history: 992 rows from 46 events
  ✓ upserted 46/46 games into nba_game_results
-- nfl_odds_pull.py 
=== NFL odds pull · 2026-10-06 ===
  alias map: 32 team-name variants
  americanfootball_nfl: 29 events
    line_history: 1482 rows from 29 events
    ✓ wrote 29 rows to nfl_game_results

=== Summary: 29 games ===
-- ncaaf_odds_pull.py 
=== NCAAF odds pull · 2026-10-06 ===
  alias map: 2871 name variants
  Odds API events: 67
    line_history: 3448 rows from 66 events

✓ wrote 66 rows to ncaaf_game_results
-- ncaab_odds_pull.py 
=== NCAAB odds pull · 2026-10-06 ===
  alias map: 1542 name variants
  Odds API events: 0
  (offseason or no lines posted)
-- detect_line_movement NHL 
=== detect_line_movement · NHL · lookback 6h ===
  wrote 18 flags

TOTAL flags written: 18
-- detect_line_movement NBA 
=== detect_line_movement · NBA · lookback 6h ===
  wrote 2 flags

TOTAL flags written: 2
-- detect_line_movement NFL 
=== detect_line_movement · NFL · lookback 6h ===
  wrote 25 flags

TOTAL flags written: 25
-- detect_line_movement NCAAF 
=== detect_line_movement · NCAAF · lookback 6h ===
  wrote 40 flags

TOTAL flags written: 40
-- detect_line_movement NCAAB 
=== detect_line_movement · NCAAB · lookback 6h ===

TOTAL flags written: 0
-- classify_line_moves ALL 
=== classify_line_moves · MLB/NFL/NCAAF/NCAAB/NHL/UFC  ===
  MLB: 7 flags in last 24h
  MLB: classifications → CONSENSUS_CONFIRMED=1, NEUTRAL=2, CONSENSUS_LEAN=1, SHARP_MOVE_LEAN=1, PATTERN_ONLY=2
  NFL: 71 flags in last 24h
  NFL: classifications → PATTERN_ONLY=71
  NCAAF: 203 flags in last 24h
  NCAAF: classifications → PATTERN_ONLY=139, CONSENSUS_LEAN=18, NEUTRAL=19, SHARP_MOVE_LEAN=10, PUBLIC_MOVE_LEAN=9, CONSENSUS_CONFIRMED=3, SHARP_MOVE_CONFIRMED=3, PUBLIC_MOVE_CONFIRMED=2
  NCAAB: 0 flags in last 24h
  NHL: 39 flags in last 24h
  NHL: classifications → PATTERN_ONLY=12, NEUTRAL=14, CONSENSUS_LEAN=7, PUBLIC_MOVE_LEAN=2, SHARP_MOVE_LEAN=4
  UFC: 0 flags in last 24h

  ✓ 320/320 flags classified
======== [Tue 10/06/2026 22:00:24.01] all steps ok ======== 
 
======== [Tue 10/06/2026 22:26:03.16] multisport poller start ======== 
-- nhl_odds_pull.py 
=== NHL odds pull · 2026-10-06 22:26 ET ===
  Odds API ok · quota left 4983693
  skipped 4 in-progress game(s) — live prices must not overwrite the close
  events: 10 · rows built: 6
  date span: 2026-10-07 .. 2026-10-10 (3 dates)
  line_history: 222 rows from 6 events
  ✓ upserted 6/6 games into nhl_game_results
-- nba_odds_pull.py 
=== NBA odds pull · 2026-10-06 22:26 ET ===
  Odds API ok · quota left 4983690
  events: 46 · rows built: 46
  date span: 2026-10-20 .. 2026-12-25 (12 dates)
  line_history: 992 rows from 46 events
  ✓ upserted 46/46 games into nba_game_results
-- nfl_odds_pull.py 
=== NFL odds pull · 2026-10-06 ===
  alias map: 32 team-name variants
  americanfootball_nfl: 29 events
    line_history: 1482 rows from 29 events
    ✓ wrote 29 rows to nfl_game_results

=== Summary: 29 games ===
-- ncaaf_odds_pull.py 
=== NCAAF odds pull · 2026-10-06 ===
  alias map: 2871 name variants
  Odds API events: 67
    line_history: 3448 rows from 66 events

✓ wrote 66 rows to ncaaf_game_results
-- ncaab_odds_pull.py 
=== NCAAB odds pull · 2026-10-06 ===
  alias map: 1542 name variants
  Odds API events: 0
  (offseason or no lines posted)
-- detect_line_movement NHL 
=== detect_line_movement · NHL · lookback 6h ===
  wrote 18 flags

TOTAL flags written: 18
-- detect_line_movement NBA 
=== detect_line_movement · NBA · lookback 6h ===
  wrote 6 flags

TOTAL flags written: 6
-- detect_line_movement NFL 
=== detect_line_movement · NFL · lookback 6h ===
  wrote 22 flags

TOTAL flags written: 22
-- detect_line_movement NCAAF 
=== detect_line_movement · NCAAF · lookback 6h ===
  wrote 43 flags

TOTAL flags written: 43
-- detect_line_movement NCAAB 
=== detect_line_movement · NCAAB · lookback 6h ===

TOTAL flags written: 0
-- classify_line_moves ALL 
=== classify_line_moves · MLB/NFL/NCAAF/NCAAB/NHL/UFC  ===
  MLB: 7 flags in last 24h
  MLB: classifications → CONSENSUS_CONFIRMED=1, NEUTRAL=2, CONSENSUS_LEAN=1, SHARP_MOVE_LEAN=1, PATTERN_ONLY=2
  NFL: 71 flags in last 24h
  NFL: classifications → PATTERN_ONLY=71
  NCAAF: 211 flags in last 24h
  NCAAF: classifications → PATTERN_ONLY=143, NEUTRAL=22, PUBLIC_MOVE_LEAN=10, CONSENSUS_LEAN=18, SHARP_MOVE_LEAN=10, CONSENSUS_CONFIRMED=3, SHARP_MOVE_CONFIRMED=3, PUBLIC_MOVE_CONFIRMED=2
  NCAAB: 0 flags in last 24h
  NHL: 38 flags in last 24h
  NHL: classifications → PATTERN_ONLY=12, NEUTRAL=14, CONSENSUS_LEAN=6, PUBLIC_MOVE_LEAN=2, SHARP_MOVE_LEAN=4
  UFC: 0 flags in last 24h

  ✓ 327/327 flags classified
======== [Tue 10/06/2026 22:31:22.94] all steps ok ======== 
 
======== [Tue 10/06/2026 22:56:02.06] multisport poller start ======== 
-- nhl_odds_pull.py 
=== NHL odds pull · 2026-10-06 22:56 ET ===
  Odds API ok · quota left 4983589
  skipped 3 in-progress game(s) — live prices must not overwrite the close
  events: 9 · rows built: 6
  date span: 2026-10-07 .. 2026-10-10 (3 dates)
  line_history: 222 rows from 6 events
  ✓ upserted 6/6 games into nhl_game_results
-- nba_odds_pull.py 
=== NBA odds pull · 2026-10-06 22:56 ET ===
  Odds API ok · quota left 4983586
  events: 46 · rows built: 46
  date span: 2026-10-20 .. 2026-12-25 (12 dates)
  line_history: 992 rows from 46 events
  ✓ upserted 46/46 games into nba_game_results
-- nfl_odds_pull.py 
=== NFL odds pull · 2026-10-06 ===
  alias map: 32 team-name variants
  americanfootball_nfl: 29 events
    line_history: 1482 rows from 29 events
    ✓ wrote 29 rows to nfl_game_results

=== Summary: 29 games ===
-- ncaaf_odds_pull.py 
=== NCAAF odds pull · 2026-10-06 ===
  alias map: 2871 name variants
  Odds API events: 67
    line_history: 3442 rows from 66 events

✓ wrote 66 rows to ncaaf_game_results
-- ncaab_odds_pull.py 
=== NCAAB odds pull · 2026-10-06 ===
  alias map: 1542 name variants
  Odds API events: 0
  (offseason or no lines posted)
-- detect_line_movement NHL 
=== detect_line_movement · NHL · lookback 6h ===
  wrote 18 flags

TOTAL flags written: 18
-- detect_line_movement NBA 
=== detect_line_movement · NBA · lookback 6h ===
  wrote 4 flags

TOTAL flags written: 4
-- detect_line_movement NFL 
=== detect_line_movement · NFL · lookback 6h ===
  wrote 21 flags

TOTAL flags written: 21
-- detect_line_movement NCAAF 
=== detect_line_movement · NCAAF · lookback 6h ===
  wrote 51 flags

TOTAL flags written: 51
-- detect_line_movement NCAAB 
=== detect_line_movement · NCAAB · lookback 6h ===

TOTAL flags written: 0
-- classify_line_moves ALL 
=== classify_line_moves · MLB/NFL/NCAAF/NCAAB/NHL/UFC  ===
  MLB: 7 flags in last 24h
  MLB: classifications → CONSENSUS_CONFIRMED=1, NEUTRAL=2, CONSENSUS_LEAN=1, SHARP_MOVE_LEAN=1, PATTERN_ONLY=2
  NFL: 68 flags in last 24h
  NFL: classifications → PATTERN_ONLY=68
  NCAAF: 212 flags in last 24h
  NCAAF: classifications → PATTERN_ONLY=146, CONSENSUS_LEAN=15, NEUTRAL=22, SHARP_MOVE_LEAN=10, PUBLIC_MOVE_LEAN=10, CONSENSUS_CONFIRMED=3, SHARP_MOVE_CONFIRMED=4, PUBLIC_MOVE_CONFIRMED=2
  NCAAB: 0 flags in last 24h
  NHL: 38 flags in last 24h
  NHL: classifications → PATTERN_ONLY=12, NEUTRAL=14, CONSENSUS_LEAN=6, PUBLIC_MOVE_LEAN=2, SHARP_MOVE_LEAN=4
  UFC: 0 flags in last 24h

  ✓ 325/325 flags classified
======== [Tue 10/06/2026 23:01:52.36] all steps ok ======== 
 
======== [Tue 10/06/2026 23:26:01.81] multisport poller start ======== 
-- nhl_odds_pull.py 
=== NHL odds pull · 2026-10-06 23:26 ET ===
  Odds API ok · quota left 4983425
  skipped 2 in-progress game(s) — live prices must not overwrite the close
  events: 8 · rows built: 6
  date span: 2026-10-07 .. 2026-10-10 (3 dates)
  line_history: 222 rows from 6 events
  ✓ upserted 6/6 games into nhl_game_results
-- nba_odds_pull.py 
=== NBA odds pull · 2026-10-06 23:26 ET ===
  Odds API ok · quota left 4983422
  events: 46 · rows built: 46
  date span: 2026-10-20 .. 2026-12-25 (12 dates)
  line_history: 992 rows from 46 events
  ✓ upserted 46/46 games into nba_game_results
-- nfl_odds_pull.py 
=== NFL odds pull · 2026-10-06 ===
  alias map: 32 team-name variants
  americanfootball_nfl: 29 events
    line_history: 1484 rows from 29 events
    ✓ wrote 29 rows to nfl_game_results

=== Summary: 29 games ===
-- ncaaf_odds_pull.py 
=== NCAAF odds pull · 2026-10-06 ===
  alias map: 2871 name variants
  Odds API events: 67
    line_history: 3442 rows from 66 events

✓ wrote 66 rows to ncaaf_game_results
-- ncaab_odds_pull.py 
=== NCAAB odds pull · 2026-10-06 ===
  alias map: 1542 name variants
  Odds API events: 0
  (offseason or no lines posted)
-- detect_line_movement NHL 
=== detect_line_movement · NHL · lookback 6h ===
  wrote 15 flags

TOTAL flags written: 15
-- detect_line_movement NBA 
=== detect_line_movement · NBA · lookback 6h ===
  wrote 4 flags

TOTAL flags written: 4
-- detect_line_movement NFL 
=== detect_line_movement · NFL · lookback 6h ===
  wrote 19 flags

TOTAL flags written: 19
-- detect_line_movement NCAAF 
=== detect_line_movement · NCAAF · lookback 6h ===
  wrote 50 flags

TOTAL flags written: 50
-- detect_line_movement NCAAB 
=== detect_line_movement · NCAAB · lookback 6h ===

TOTAL flags written: 0
-- classify_line_moves ALL 
=== classify_line_moves · MLB/NFL/NCAAF/NCAAB/NHL/UFC  ===
  MLB: 7 flags in last 24h
  MLB: classifications → NEUTRAL=2, CONSENSUS_LEAN=1, SHARP_MOVE_LEAN=1, PATTERN_ONLY=2, CONSENSUS_CONFIRMED=1
  NFL: 69 flags in last 24h
  NFL: classifications → PATTERN_ONLY=69
  NCAAF: 208 flags in last 24h
  NCAAF: classifications → CONSENSUS_LEAN=14, PATTERN_ONLY=144, NEUTRAL=22, SHARP_MOVE_LEAN=9, PUBLIC_MOVE_LEAN=10, CONSENSUS_CONFIRMED=3, SHARP_MOVE_CONFIRMED=4, PUBLIC_MOVE_CONFIRMED=2
  NCAAB: 0 flags in last 24h
  NHL: 38 flags in last 24h
  NHL: classifications → PATTERN_ONLY=12, NEUTRAL=14, CONSENSUS_LEAN=6, PUBLIC_MOVE_LEAN=2, SHARP_MOVE_LEAN=4
  UFC: 0 flags in last 24h

  ✓ 322/322 flags classified
======== [Tue 10/06/2026 23:29:15.77] all steps ok ======== 
 
======== [Tue 10/06/2026 23:56:01.80] multisport poller start ======== 
-- nhl_odds_pull.py 
=== NHL odds pull · 2026-10-06 23:56 ET ===
  Odds API ok · quota left 4982956
  skipped 2 in-progress game(s) — live prices must not overwrite the close
  events: 8 · rows built: 6
  date span: 2026-10-07 .. 2026-10-10 (3 dates)
  line_history: 222 rows from 6 events
  ✓ upserted 6/6 games into nhl_game_results
-- nba_odds_pull.py 
=== NBA odds pull · 2026-10-06 23:56 ET ===
  Odds API ok · quota left 4982953
  events: 46 · rows built: 46
  date span: 2026-10-20 .. 2026-12-25 (12 dates)
  line_history: 992 rows from 46 events
  ✓ upserted 46/46 games into nba_game_results
-- nfl_odds_pull.py 
=== NFL odds pull · 2026-10-06 ===
  alias map: 32 team-name variants
  americanfootball_nfl: 29 events
    line_history: 1484 rows from 29 events
    ✓ wrote 29 rows to nfl_game_results

=== Summary: 29 games ===
-- ncaaf_odds_pull.py 
=== NCAAF odds pull · 2026-10-06 ===
  alias map: 2871 name variants
  Odds API events: 66
    line_history: 3442 rows from 66 events

✓ wrote 66 rows to ncaaf_game_results
-- ncaab_odds_pull.py 
=== NCAAB odds pull · 2026-10-06 ===
  alias map: 1542 name variants
  Odds API events: 0
  (offseason or no lines posted)
-- detect_line_movement NHL 
=== detect_line_movement · NHL · lookback 6h ===
  wrote 14 flags

TOTAL flags written: 14
-- detect_line_movement NBA 
=== detect_line_movement · NBA · lookback 6h ===
  wrote 3 flags

TOTAL flags written: 3
-- detect_line_movement NFL 
=== detect_line_movement · NFL · lookback 6h ===
  wrote 12 flags

TOTAL flags written: 12
-- detect_line_movement NCAAF 
=== detect_line_movement · NCAAF · lookback 6h ===
  wrote 49 flags

TOTAL flags written: 49
-- detect_line_movement NCAAB 
=== detect_line_movement · NCAAB · lookback 6h ===

TOTAL flags written: 0
-- classify_line_moves ALL 
=== classify_line_moves · MLB/NFL/NCAAF/NCAAB/NHL/UFC  ===
  MLB: 7 flags in last 24h
  MLB: classifications → NEUTRAL=2, CONSENSUS_LEAN=1, SHARP_MOVE_LEAN=1, PATTERN_ONLY=2, CONSENSUS_CONFIRMED=1
  NFL: 69 flags in last 24h
  NFL: classifications → PATTERN_ONLY=69
  NCAAF: 209 flags in last 24h
  NCAAF: classifications → CONSENSUS_LEAN=14, PATTERN_ONLY=146, NEUTRAL=21, SHARP_MOVE_LEAN=9, PUBLIC_MOVE_LEAN=10, CONSENSUS_CONFIRMED=3, SHARP_MOVE_CONFIRMED=4, PUBLIC_MOVE_CONFIRMED=2
  NCAAB: 0 flags in last 24h
  NHL: 38 flags in last 24h
  NHL: classifications → PATTERN_ONLY=12, NEUTRAL=14, CONSENSUS_LEAN=6, PUBLIC_MOVE_LEAN=2, SHARP_MOVE_LEAN=4
  UFC: 0 flags in last 24h

  ✓ 323/323 flags classified
======== [Tue 10/06/2026 23:59:16.34] all steps ok ======== 
 
======== [Wed 10/07/2026  0:26:01.83] multisport poller start ======== 
-- nhl_odds_pull.py 
=== NHL odds pull · 2026-10-07 00:26 ET ===
  Odds API ok · quota left 4982328
  skipped 2 in-progress game(s) — live prices must not overwrite the close
  events: 8 · rows built: 6
  date span: 2026-10-07 .. 2026-10-10 (3 dates)
  line_history: 222 rows from 6 events
  ✓ upserted 6/6 games into nhl_game_results
-- nba_odds_pull.py 
=== NBA odds pull · 2026-10-07 00:26 ET ===
  Odds API ok · quota left 4982325
  events: 46 · rows built: 46
  date span: 2026-10-20 .. 2026-12-25 (12 dates)
  line_history: 992 rows from 46 events
  ✓ upserted 46/46 games into nba_game_results
-- nfl_odds_pull.py 
=== NFL odds pull · 2026-10-07 ===
  alias map: 32 team-name variants
  americanfootball_nfl: 29 events
    line_history: 1320 rows from 29 events
    ✓ wrote 29 rows to nfl_game_results

=== Summary: 29 games ===
-- ncaaf_odds_pull.py 
=== NCAAF odds pull · 2026-10-07 ===
  alias map: 2871 name variants
  Odds API events: 66
    line_history: 3442 rows from 66 events

✓ wrote 66 rows to ncaaf_game_results
-- ncaab_odds_pull.py 
=== NCAAB odds pull · 2026-10-07 ===
  alias map: 1542 name variants
  Odds API events: 0
  (offseason or no lines posted)
-- detect_line_movement NHL 
=== detect_line_movement · NHL · lookback 6h ===
  wrote 4 flags

TOTAL flags written: 4
-- detect_line_movement NBA 
=== detect_line_movement · NBA · lookback 6h ===
  wrote 3 flags

TOTAL flags written: 3
-- detect_line_movement NFL 
=== detect_line_movement · NFL · lookback 6h ===
  wrote 10 flags

TOTAL flags written: 10
-- detect_line_movement NCAAF 
=== detect_line_movement · NCAAF · lookback 6h ===
  wrote 35 flags

TOTAL flags written: 35
-- detect_line_movement NCAAB 
=== detect_line_movement · NCAAB · lookback 6h ===

TOTAL flags written: 0
-- classify_line_moves ALL 
=== classify_line_moves · MLB/NFL/NCAAF/NCAAB/NHL/UFC  ===
  MLB: 7 flags in last 24h
  MLB: classifications → NEUTRAL=2, CONSENSUS_LEAN=1, SHARP_MOVE_LEAN=1, PATTERN_ONLY=2, CONSENSUS_CONFIRMED=1
  NFL: 69 flags in last 24h
  NFL: classifications → PATTERN_ONLY=69
  NCAAF: 208 flags in last 24h
  NCAAF: classifications → CONSENSUS_LEAN=12, PATTERN_ONLY=146, NEUTRAL=22, SHARP_MOVE_LEAN=9, PUBLIC_MOVE_LEAN=10, CONSENSUS_CONFIRMED=3, SHARP_MOVE_CONFIRMED=4, PUBLIC_MOVE_CONFIRMED=2
  NCAAB: 0 flags in last 24h
  NHL: 38 flags in last 24h
  NHL: classifications → PATTERN_ONLY=12, NEUTRAL=14, CONSENSUS_LEAN=6, PUBLIC_MOVE_LEAN=2, SHARP_MOVE_LEAN=4
  UFC: 0 flags in last 24h

  ✓ 322/322 flags classified
======== [Wed 10/07/2026  0:29:12.68] all steps ok ======== 
 
======== [Wed 10/07/2026  0:56:01.84] multisport poller start ======== 
-- nhl_odds_pull.py 
=== NHL odds pull · 2026-10-07 00:56 ET ===
  Odds API ok · quota left 4982292
  skipped 1 in-progress game(s) — live prices must not overwrite the close
  events: 7 · rows built: 6
  date span: 2026-10-07 .. 2026-10-10 (3 dates)
  line_history: 222 rows from 6 events
  ✓ upserted 6/6 games into nhl_game_results
-- nba_odds_pull.py 
=== NBA odds pull · 2026-10-07 00:56 ET ===
  Odds API ok · quota left 4982289
  events: 46 · rows built: 46
  date span: 2026-10-20 .. 2026-12-25 (12 dates)
  line_history: 992 rows from 46 events
  ✓ upserted 46/46 games into nba_game_results
-- nfl_odds_pull.py 
=== NFL odds pull · 2026-10-07 ===
  alias map: 32 team-name variants
  americanfootball_nfl: 29 events
    line_history: 1484 rows from 29 events
    ✓ wrote 29 rows to nfl_game_results

=== Summary: 29 games ===
-- ncaaf_odds_pull.py 
=== NCAAF odds pull · 2026-10-07 ===
  alias map: 2871 name variants
  Odds API events: 66
    line_history: 3442 rows from 66 events

✓ wrote 66 rows to ncaaf_game_results
-- ncaab_odds_pull.py 
=== NCAAB odds pull · 2026-10-07 ===
  alias map: 1542 name variants
  Odds API events: 0
  (offseason or no lines posted)
-- detect_line_movement NHL 
=== detect_line_movement · NHL · lookback 6h ===
  wrote 4 flags

TOTAL flags written: 4
-- detect_line_movement NBA 
=== detect_line_movement · NBA · lookback 6h ===
  wrote 3 flags

TOTAL flags written: 3
-- detect_line_movement NFL 
=== detect_line_movement · NFL · lookback 6h ===
  wrote 18 flags

TOTAL flags written: 18
-- detect_line_movement NCAAF 
=== detect_line_movement · NCAAF · lookback 6h ===
  wrote 32 flags

TOTAL flags written: 32
-- detect_line_movement NCAAB 
=== detect_line_movement · NCAAB · lookback 6h ===

TOTAL flags written: 0
-- classify_line_moves ALL 
=== classify_line_moves · MLB/NFL/NCAAF/NCAAB/NHL/UFC  ===
  MLB: 7 flags in last 24h
  MLB: classifications → NEUTRAL=2, CONSENSUS_LEAN=1, SHARP_MOVE_LEAN=1, PATTERN_ONLY=2, CONSENSUS_CONFIRMED=1
  NFL: 69 flags in last 24h
  NFL: classifications → PATTERN_ONLY=69
  NCAAF: 207 flags in last 24h
  NCAAF: classifications → CONSENSUS_LEAN=12, PATTERN_ONLY=145, NEUTRAL=22, SHARP_MOVE_LEAN=9, PUBLIC_MOVE_LEAN=10, CONSENSUS_CONFIRMED=3, SHARP_MOVE_CONFIRMED=4, PUBLIC_MOVE_CONFIRMED=2
  NCAAB: 0 flags in last 24h
  NHL: 38 flags in last 24h
  NHL: classifications → PATTERN_ONLY=12, NEUTRAL=14, CONSENSUS_LEAN=6, PUBLIC_MOVE_LEAN=2, SHARP_MOVE_LEAN=4
  UFC: 0 flags in last 24h

  ✓ 321/321 flags classified
======== [Wed 10/07/2026  0:59:14.95] all steps ok ======== 
 
======== [Wed 10/07/2026  1:26:01.86] multisport poller start ======== 
-- nhl_odds_pull.py 
=== NHL odds pull · 2026-10-07 01:26 ET ===
  Odds API ok · quota left 4982268
  events: 6 · rows built: 6
  date span: 2026-10-07 .. 2026-10-10 (3 dates)
  line_history: 222 rows from 6 events
  ✓ upserted 6/6 games into nhl_game_results
-- nba_odds_pull.py 
=== NBA odds pull · 2026-10-07 01:26 ET ===
  Odds API ok · quota left 4982265
  events: 46 · rows built: 46
  date span: 2026-10-20 .. 2026-12-25 (12 dates)
  line_history: 992 rows from 46 events
  ✓ upserted 46/46 games into nba_game_results
-- nfl_odds_pull.py 
=== NFL odds pull · 2026-10-07 ===
  alias map: 32 team-name variants
  americanfootball_nfl: 29 events
    line_history: 1484 rows from 29 events
    ✓ wrote 29 rows to nfl_game_results

=== Summary: 29 games ===
-- ncaaf_odds_pull.py 
=== NCAAF odds pull · 2026-10-07 ===
  alias map: 2871 name variants
  Odds API events: 66
    line_history: 3442 rows from 66 events

✓ wrote 66 rows to ncaaf_game_results
-- ncaab_odds_pull.py 
=== NCAAB odds pull · 2026-10-07 ===
  alias map: 1542 name variants
  Odds API events: 0
  (offseason or no lines posted)
-- detect_line_movement NHL 
=== detect_line_movement · NHL · lookback 6h ===
  wrote 5 flags

TOTAL flags written: 5
-- detect_line_movement NBA 
=== detect_line_movement · NBA · lookback 6h ===
  wrote 3 flags

TOTAL flags written: 3
-- detect_line_movement NFL 
=== detect_line_movement · NFL · lookback 6h ===
  wrote 22 flags

TOTAL flags written: 22
-- detect_line_movement NCAAF 
=== detect_line_movement · NCAAF · lookback 6h ===
  wrote 12 flags

TOTAL flags written: 12
-- detect_line_movement NCAAB 
=== detect_line_movement · NCAAB · lookback 6h ===

TOTAL flags written: 0
-- classify_line_moves ALL 
=== classify_line_moves · MLB/NFL/NCAAF/NCAAB/NHL/UFC  ===
  MLB: 7 flags in last 24h
  MLB: classifications → NEUTRAL=2, CONSENSUS_LEAN=1, SHARP_MOVE_LEAN=1, PATTERN_ONLY=2, CONSENSUS_CONFIRMED=1
  NFL: 70 flags in last 24h
  NFL: classifications → PATTERN_ONLY=70
  NCAAF: 207 flags in last 24h
  NCAAF: classifications → SHARP_MOVE_LEAN=10, PATTERN_ONLY=145, CONSENSUS_LEAN=12, NEUTRAL=22, PUBLIC_MOVE_LEAN=9, CONSENSUS_CONFIRMED=3, SHARP_MOVE_CONFIRMED=4, PUBLIC_MOVE_CONFIRMED=2
  NCAAB: 0 flags in last 24h
  NHL: 39 flags in last 24h
  NHL: classifications → PATTERN_ONLY=13, NEUTRAL=14, CONSENSUS_LEAN=6, PUBLIC_MOVE_LEAN=2, SHARP_MOVE_LEAN=4
  UFC: 0 flags in last 24h

  ✓ 323/323 flags classified
======== [Wed 10/07/2026  1:29:15.13] all steps ok ======== 
 
======== [Wed 10/07/2026  1:56:01.87] multisport poller start ======== 
-- nhl_odds_pull.py 
=== NHL odds pull · 2026-10-07 01:56 ET ===
  Odds API ok · quota left 4982244
  events: 6 · rows built: 6
  date span: 2026-10-07 .. 2026-10-10 (3 dates)
  line_history: 222 rows from 6 events
  ✓ upserted 6/6 games into nhl_game_results
-- nba_odds_pull.py 
=== NBA odds pull · 2026-10-07 01:56 ET ===
  Odds API ok · quota left 4982241
  events: 46 · rows built: 46
  date span: 2026-10-20 .. 2026-12-25 (12 dates)
  line_history: 992 rows from 46 events
  ✓ upserted 46/46 games into nba_game_results
-- nfl_odds_pull.py 
=== NFL odds pull · 2026-10-07 ===
  alias map: 32 team-name variants
  americanfootball_nfl: 29 events
    line_history: 1484 rows from 29 events
    ✓ wrote 29 rows to nfl_game_results

=== Summary: 29 games ===
-- ncaaf_odds_pull.py 
=== NCAAF odds pull · 2026-10-07 ===
  alias map: 2871 name variants
  Odds API events: 66
    line_history: 3442 rows from 66 events

✓ wrote 66 rows to ncaaf_game_results
-- ncaab_odds_pull.py 
=== NCAAB odds pull · 2026-10-07 ===
  alias map: 1542 name variants
  Odds API events: 0
  (offseason or no lines posted)
-- detect_line_movement NHL 
=== detect_line_movement · NHL · lookback 6h ===
  wrote 4 flags

TOTAL flags written: 4
-- detect_line_movement NBA 
=== detect_line_movement · NBA · lookback 6h ===
  wrote 3 flags

TOTAL flags written: 3
-- detect_line_movement NFL 
=== detect_line_movement · NFL · lookback 6h ===
  wrote 22 flags

TOTAL flags written: 22
-- detect_line_movement NCAAF 
=== detect_line_movement · NCAAF · lookback 6h ===
  wrote 12 flags

TOTAL flags written: 12
-- detect_line_movement NCAAB 
=== detect_line_movement · NCAAB · lookback 6h ===

TOTAL flags written: 0
-- classify_line_moves ALL 
=== classify_line_moves · MLB/NFL/NCAAF/NCAAB/NHL/UFC  ===
  MLB: 7 flags in last 24h
  MLB: classifications → NEUTRAL=2, CONSENSUS_LEAN=1, SHARP_MOVE_LEAN=1, PATTERN_ONLY=2, CONSENSUS_CONFIRMED=1
  NFL: 68 flags in last 24h
  NFL: classifications → PATTERN_ONLY=68
  NCAAF: 207 flags in last 24h
  NCAAF: classifications → PATTERN_ONLY=145, SHARP_MOVE_LEAN=10, CONSENSUS_LEAN=12, NEUTRAL=22, PUBLIC_MOVE_LEAN=9, CONSENSUS_CONFIRMED=3, SHARP_MOVE_CONFIRMED=4, PUBLIC_MOVE_CONFIRMED=2
  NCAAB: 0 flags in last 24h
  NHL: 39 flags in last 24h
  NHL: classifications → PATTERN_ONLY=13, NEUTRAL=14, CONSENSUS_LEAN=6, PUBLIC_MOVE_LEAN=2, SHARP_MOVE_LEAN=4
  UFC: 0 flags in last 24h

  ✓ 321/321 flags classified
======== [Wed 10/07/2026  1:59:16.53] all steps ok ======== 
 
======== [Wed 10/07/2026  2:26:01.90] multisport poller start ======== 
-- nhl_odds_pull.py 
=== NHL odds pull · 2026-10-07 02:26 ET ===
  Odds API ok · quota left 4982220
  events: 6 · rows built: 6
  date span: 2026-10-07 .. 2026-10-10 (3 dates)
  line_history: 222 rows from 6 events
  ✓ upserted 6/6 games into nhl_game_results
-- nba_odds_pull.py 
=== NBA odds pull · 2026-10-07 02:26 ET ===
  Odds API ok · quota left 4982217
  events: 46 · rows built: 46
  date span: 2026-10-20 .. 2026-12-25 (12 dates)
  line_history: 986 rows from 46 events
  ✓ upserted 46/46 games into nba_game_results
-- nfl_odds_pull.py 
=== NFL odds pull · 2026-10-07 ===
  alias map: 32 team-name variants
  americanfootball_nfl: 29 events
    line_history: 1484 rows from 29 events
    ✓ wrote 29 rows to nfl_game_results

=== Summary: 29 games ===
-- ncaaf_odds_pull.py 
=== NCAAF odds pull · 2026-10-07 ===
  alias map: 2871 name variants
  Odds API events: 66
    line_history: 3442 rows from 66 events

✓ wrote 66 rows to ncaaf_game_results
-- ncaab_odds_pull.py 
=== NCAAB odds pull · 2026-10-07 ===
  alias map: 1542 name variants
  Odds API events: 0
  (offseason or no lines posted)
-- detect_line_movement NHL 
=== detect_line_movement · NHL · lookback 6h ===
  wrote 4 flags

TOTAL flags written: 4
-- detect_line_movement NBA 
=== detect_line_movement · NBA · lookback 6h ===
  wrote 3 flags

TOTAL flags written: 3
-- detect_line_movement NFL 
=== detect_line_movement · NFL · lookback 6h ===
  wrote 18 flags

TOTAL flags written: 18
-- detect_line_movement NCAAF 
=== detect_line_movement · NCAAF · lookback 6h ===
  wrote 14 flags

TOTAL flags written: 14
-- detect_line_movement NCAAB 
=== detect_line_movement · NCAAB · lookback 6h ===

TOTAL flags written: 0
-- classify_line_moves ALL 
=== classify_line_moves · MLB/NFL/NCAAF/NCAAB/NHL/UFC  ===
  MLB: 7 flags in last 24h
  MLB: classifications → NEUTRAL=2, CONSENSUS_LEAN=1, SHARP_MOVE_LEAN=1, PATTERN_ONLY=2, CONSENSUS_CONFIRMED=1
  NFL: 68 flags in last 24h
  NFL: classifications → PATTERN_ONLY=68
  NCAAF: 206 flags in last 24h
  NCAAF: classifications → SHARP_MOVE_LEAN=10, PATTERN_ONLY=144, CONSENSUS_LEAN=12, NEUTRAL=22, PUBLIC_MOVE_LEAN=9, CONSENSUS_CONFIRMED=3, SHARP_MOVE_CONFIRMED=4, PUBLIC_MOVE_CONFIRMED=2
  NCAAB: 0 flags in last 24h
  NHL: 39 flags in last 24h
  NHL: classifications → PATTERN_ONLY=13, NEUTRAL=14, CONSENSUS_LEAN=6, PUBLIC_MOVE_LEAN=2, SHARP_MOVE_LEAN=4
  UFC: 0 flags in last 24h

  ✓ 320/320 flags classified
======== [Wed 10/07/2026  2:29:10.88] all steps ok ======== 
 
======== [Wed 10/07/2026  2:56:01.90] multisport poller start ======== 
-- nhl_odds_pull.py 
=== NHL odds pull · 2026-10-07 02:56 ET ===
  Odds API ok · quota left 4982196
  events: 6 · rows built: 6
  date span: 2026-10-07 .. 2026-10-10 (3 dates)
  line_history: 222 rows from 6 events
  ✓ upserted 6/6 games into nhl_game_results
-- nba_odds_pull.py 
=== NBA odds pull · 2026-10-07 02:56 ET ===
  Odds API ok · quota left 4982193
  events: 46 · rows built: 46
  date span: 2026-10-20 .. 2026-12-25 (12 dates)
  line_history: 986 rows from 46 events
  ✓ upserted 46/46 games into nba_game_results
-- nfl_odds_pull.py 
=== NFL odds pull · 2026-10-07 ===
  alias map: 32 team-name variants
  americanfootball_nfl: 29 events
    line_history: 1484 rows from 29 events
    ✓ wrote 29 rows to nfl_game_results

=== Summary: 29 games ===
-- ncaaf_odds_pull.py 
=== NCAAF odds pull · 2026-10-07 ===
  alias map: 2871 name variants
  Odds API events: 66
    line_history: 3442 rows from 66 events

✓ wrote 66 rows to ncaaf_game_results
-- ncaab_odds_pull.py 
=== NCAAB odds pull · 2026-10-07 ===
  alias map: 1542 name variants
  Odds API events: 0
  (offseason or no lines posted)
-- detect_line_movement NHL 
=== detect_line_movement · NHL · lookback 6h ===
  wrote 2 flags

TOTAL flags written: 2
-- detect_line_movement NBA 
=== detect_line_movement · NBA · lookback 6h ===
  wrote 3 flags

TOTAL flags written: 3
-- detect_line_movement NFL 
=== detect_line_movement · NFL · lookback 6h ===
  wrote 19 flags

TOTAL flags written: 19
-- detect_line_movement NCAAF 
=== detect_line_movement · NCAAF · lookback 6h ===
  wrote 10 flags

TOTAL flags written: 10
-- detect_line_movement NCAAB 
=== detect_line_movement · NCAAB · lookback 6h ===

TOTAL flags written: 0
-- classify_line_moves ALL 
=== classify_line_moves · MLB/NFL/NCAAF/NCAAB/NHL/UFC  ===
  MLB: 7 flags in last 24h
  MLB: classifications → NEUTRAL=2, CONSENSUS_LEAN=1, SHARP_MOVE_LEAN=1, PATTERN_ONLY=2, CONSENSUS_CONFIRMED=1
  NFL: 68 flags in last 24h
  NFL: classifications → PATTERN_ONLY=68
  NCAAF: 206 flags in last 24h
  NCAAF: classifications → SHARP_MOVE_LEAN=10, PATTERN_ONLY=144, CONSENSUS_LEAN=12, NEUTRAL=22, PUBLIC_MOVE_LEAN=9, CONSENSUS_CONFIRMED=3, SHARP_MOVE_CONFIRMED=4, PUBLIC_MOVE_CONFIRMED=2
  NCAAB: 0 flags in last 24h
  NHL: 39 flags in last 24h
  NHL: classifications → PATTERN_ONLY=13, NEUTRAL=14, CONSENSUS_LEAN=6, PUBLIC_MOVE_LEAN=2, SHARP_MOVE_LEAN=4
  UFC: 0 flags in last 24h

  ✓ 320/320 flags classified
======== [Wed 10/07/2026  2:59:12.77] all steps ok ======== 
 
======== [Wed 10/07/2026  3:26:01.91] multisport poller start ======== 
-- nhl_odds_pull.py 
=== NHL odds pull · 2026-10-07 03:26 ET ===
  Odds API ok · quota left 4982172
  events: 6 · rows built: 6
  date span: 2026-10-07 .. 2026-10-10 (3 dates)
  line_history: 222 rows from 6 events
  ✓ upserted 6/6 games into nhl_game_results
-- nba_odds_pull.py 
=== NBA odds pull · 2026-10-07 03:26 ET ===
  Odds API ok · quota left 4982169
  events: 46 · rows built: 46
  date span: 2026-10-20 .. 2026-12-25 (12 dates)
  line_history: 986 rows from 46 events
  ✓ upserted 46/46 games into nba_game_results
-- nfl_odds_pull.py 
=== NFL odds pull · 2026-10-07 ===
  alias map: 32 team-name variants
  americanfootball_nfl: 29 events
    line_history: 1484 rows from 29 events
    ✓ wrote 29 rows to nfl_game_results

=== Summary: 29 games ===
-- ncaaf_odds_pull.py 
=== NCAAF odds pull · 2026-10-07 ===
  alias map: 2871 name variants
  Odds API events: 66
    line_history: 3442 rows from 66 events

✓ wrote 66 rows to ncaaf_game_results
-- ncaab_odds_pull.py 
=== NCAAB odds pull · 2026-10-07 ===
  alias map: 1542 name variants
  Odds API events: 0
  (offseason or no lines posted)
-- detect_line_movement NHL 
=== detect_line_movement · NHL · lookback 6h ===
  wrote 4 flags

TOTAL flags written: 4
-- detect_line_movement NBA 
=== detect_line_movement · NBA · lookback 6h ===
  wrote 3 flags

TOTAL flags written: 3
-- detect_line_movement NFL 
=== detect_line_movement · NFL · lookback 6h ===
  wrote 11 flags

TOTAL flags written: 11
-- detect_line_movement NCAAF 
=== detect_line_movement · NCAAF · lookback 6h ===
  wrote 11 flags

TOTAL flags written: 11
-- detect_line_movement NCAAB 
=== detect_line_movement · NCAAB · lookback 6h ===

TOTAL flags written: 0
-- classify_line_moves ALL 
=== classify_line_moves · MLB/NFL/NCAAF/NCAAB/NHL/UFC  ===
  MLB: 7 flags in last 24h
  MLB: classifications → NEUTRAL=2, CONSENSUS_LEAN=1, SHARP_MOVE_LEAN=1, PATTERN_ONLY=2, CONSENSUS_CONFIRMED=1
  NFL: 67 flags in last 24h
  NFL: classifications → PATTERN_ONLY=67
  NCAAF: 206 flags in last 24h
  NCAAF: classifications → SHARP_MOVE_LEAN=10, PATTERN_ONLY=144, CONSENSUS_LEAN=12, NEUTRAL=22, PUBLIC_MOVE_LEAN=9, CONSENSUS_CONFIRMED=3, SHARP_MOVE_CONFIRMED=4, PUBLIC_MOVE_CONFIRMED=2
  NCAAB: 0 flags in last 24h
  NHL: 39 flags in last 24h
  NHL: classifications → PATTERN_ONLY=13, NEUTRAL=14, CONSENSUS_LEAN=6, PUBLIC_MOVE_LEAN=2, SHARP_MOVE_LEAN=4
  UFC: 0 flags in last 24h

  ✓ 319/319 flags classified
======== [Wed 10/07/2026  3:29:17.50] all steps ok ======== 
 
======== [Wed 10/07/2026  3:56:01.93] multisport poller start ======== 
-- nhl_odds_pull.py 
=== NHL odds pull · 2026-10-07 03:56 ET ===
  Odds API ok · quota left 4982148
  events: 6 · rows built: 6
  date span: 2026-10-07 .. 2026-10-10 (3 dates)
  line_history: 222 rows from 6 events
  ✓ upserted 6/6 games into nhl_game_results
-- nba_odds_pull.py 
=== NBA odds pull · 2026-10-07 03:56 ET ===
  Odds API ok · quota left 4982145
  events: 46 · rows built: 46
  date span: 2026-10-20 .. 2026-12-25 (12 dates)
  line_history: 986 rows from 46 events
  ✓ upserted 46/46 games into nba_game_results
-- nfl_odds_pull.py 
=== NFL odds pull · 2026-10-07 ===
  alias map: 32 team-name variants
  americanfootball_nfl: 29 events
    line_history: 1484 rows from 29 events
    ✓ wrote 29 rows to nfl_game_results

=== Summary: 29 games ===
-- ncaaf_odds_pull.py 
=== NCAAF odds pull · 2026-10-07 ===
  alias map: 2871 name variants
  Odds API events: 66
    line_history: 3442 rows from 66 events

✓ wrote 66 rows to ncaaf_game_results
-- ncaab_odds_pull.py 
=== NCAAB odds pull · 2026-10-07 ===
  alias map: 1542 name variants
  Odds API events: 0
  (offseason or no lines posted)
-- detect_line_movement NHL 
=== detect_line_movement · NHL · lookback 6h ===
  wrote 4 flags

TOTAL flags written: 4
-- detect_line_movement NBA 
=== detect_line_movement · NBA · lookback 6h ===

TOTAL flags written: 0
-- detect_line_movement NFL 
=== detect_line_movement · NFL · lookback 6h ===
  wrote 11 flags

TOTAL flags written: 11
-- detect_line_movement NCAAF 
=== detect_line_movement · NCAAF · lookback 6h ===
  wrote 13 flags

TOTAL flags written: 13
-- detect_line_movement NCAAB 
=== detect_line_movement · NCAAB · lookback 6h ===

TOTAL flags written: 0
-- classify_line_moves ALL 
=== classify_line_moves · MLB/NFL/NCAAF/NCAAB/NHL/UFC  ===
  MLB: 7 flags in last 24h
  MLB: classifications → NEUTRAL=2, CONSENSUS_LEAN=1, SHARP_MOVE_LEAN=1, PATTERN_ONLY=2, CONSENSUS_CONFIRMED=1
  NFL: 67 flags in last 24h
  NFL: classifications → PATTERN_ONLY=67
  NCAAF: 207 flags in last 24h
  NCAAF: classifications → SHARP_MOVE_LEAN=10, PATTERN_ONLY=145, CONSENSUS_LEAN=12, NEUTRAL=22, PUBLIC_MOVE_LEAN=9, CONSENSUS_CONFIRMED=3, SHARP_MOVE_CONFIRMED=4, PUBLIC_MOVE_CONFIRMED=2
  NCAAB: 0 flags in last 24h
  NHL: 39 flags in last 24h
  NHL: classifications → PATTERN_ONLY=13, NEUTRAL=14, CONSENSUS_LEAN=6, PUBLIC_MOVE_LEAN=2, SHARP_MOVE_LEAN=4
  UFC: 0 flags in last 24h

  ✓ 320/320 flags classified
======== [Wed 10/07/2026  3:59:12.56] all steps ok ======== 
 
======== [Wed 10/07/2026  4:26:01.91] multisport poller start ======== 
-- nhl_odds_pull.py 
=== NHL odds pull · 2026-10-07 04:26 ET ===
  Odds API ok · quota left 4982124
  events: 6 · rows built: 6
  date span: 2026-10-07 .. 2026-10-10 (3 dates)
  line_history: 222 rows from 6 events
  ✓ upserted 6/6 games into nhl_game_results
-- nba_odds_pull.py 
=== NBA odds pull · 2026-10-07 04:26 ET ===
  Odds API ok · quota left 4982121
  events: 46 · rows built: 46
  date span: 2026-10-20 .. 2026-12-25 (12 dates)
  line_history: 986 rows from 46 events
  ✓ upserted 46/46 games into nba_game_results
-- nfl_odds_pull.py 
=== NFL odds pull · 2026-10-07 ===
  alias map: 32 team-name variants
  americanfootball_nfl: 29 events
    line_history: 1484 rows from 29 events
    ✓ wrote 29 rows to nfl_game_results

=== Summary: 29 games ===
-- ncaaf_odds_pull.py 
=== NCAAF odds pull · 2026-10-07 ===
  alias map: 2871 name variants
  Odds API events: 66
    line_history: 3442 rows from 66 events

✓ wrote 66 rows to ncaaf_game_results
-- ncaab_odds_pull.py 
=== NCAAB odds pull · 2026-10-07 ===
  alias map: 1542 name variants
  Odds API events: 0
  (offseason or no lines posted)
-- detect_line_movement NHL 
=== detect_line_movement · NHL · lookback 6h ===
  wrote 4 flags

TOTAL flags written: 4
-- detect_line_movement NBA 
=== detect_line_movement · NBA · lookback 6h ===

TOTAL flags written: 0
-- detect_line_movement NFL 
=== detect_line_movement · NFL · lookback 6h ===
  wrote 10 flags

TOTAL flags written: 10
-- detect_line_movement NCAAF 
=== detect_line_movement · NCAAF · lookback 6h ===
  wrote 13 flags

TOTAL flags written: 13
-- detect_line_movement NCAAB 
=== detect_line_movement · NCAAB · lookback 6h ===

TOTAL flags written: 0
-- classify_line_moves ALL 
=== classify_line_moves · MLB/NFL/NCAAF/NCAAB/NHL/UFC  ===
  MLB: 7 flags in last 24h
  MLB: classifications → NEUTRAL=2, CONSENSUS_LEAN=1, SHARP_MOVE_LEAN=1, PATTERN_ONLY=2, CONSENSUS_CONFIRMED=1
  NFL: 67 flags in last 24h
  NFL: classifications → PATTERN_ONLY=67
  NCAAF: 207 flags in last 24h
  NCAAF: classifications → SHARP_MOVE_LEAN=10, PATTERN_ONLY=145, CONSENSUS_LEAN=12, NEUTRAL=22, PUBLIC_MOVE_LEAN=9, CONSENSUS_CONFIRMED=3, SHARP_MOVE_CONFIRMED=4, PUBLIC_MOVE_CONFIRMED=2
  NCAAB: 0 flags in last 24h
  NHL: 39 flags in last 24h
  NHL: classifications → PATTERN_ONLY=13, NEUTRAL=14, CONSENSUS_LEAN=6, PUBLIC_MOVE_LEAN=2, SHARP_MOVE_LEAN=4
  UFC: 0 flags in last 24h

  ✓ 320/320 flags classified
======== [Wed 10/07/2026  4:29:05.92] all steps ok ======== 
 
======== [Wed 10/07/2026  4:56:01.93] multisport poller start ======== 
-- nhl_odds_pull.py 
=== NHL odds pull · 2026-10-07 04:56 ET ===
  Odds API ok · quota left 4982100
  events: 6 · rows built: 6
  date span: 2026-10-07 .. 2026-10-10 (3 dates)
  line_history: 222 rows from 6 events
  ✓ upserted 6/6 games into nhl_game_results
-- nba_odds_pull.py 
=== NBA odds pull · 2026-10-07 04:56 ET ===
  Odds API ok · quota left 4982097
  events: 46 · rows built: 46
  date span: 2026-10-20 .. 2026-12-25 (12 dates)
  line_history: 986 rows from 46 events
  ✓ upserted 46/46 games into nba_game_results
-- nfl_odds_pull.py 
=== NFL odds pull · 2026-10-07 ===
  alias map: 32 team-name variants
  americanfootball_nfl: 29 events
    line_history: 1484 rows from 29 events
    ✓ wrote 29 rows to nfl_game_results

=== Summary: 29 games ===
-- ncaaf_odds_pull.py 
=== NCAAF odds pull · 2026-10-07 ===
  alias map: 2871 name variants
  Odds API events: 66
    line_history: 3442 rows from 66 events

✓ wrote 66 rows to ncaaf_game_results
-- ncaab_odds_pull.py 
=== NCAAB odds pull · 2026-10-07 ===
  alias map: 1542 name variants
  Odds API events: 0
  (offseason or no lines posted)
-- detect_line_movement NHL 
=== detect_line_movement · NHL · lookback 6h ===
  wrote 4 flags

TOTAL flags written: 4
-- detect_line_movement NBA 
=== detect_line_movement · NBA · lookback 6h ===

TOTAL flags written: 0
-- detect_line_movement NFL 
=== detect_line_movement · NFL · lookback 6h ===
  wrote 9 flags

TOTAL flags written: 9
-- detect_line_movement NCAAF 
=== detect_line_movement · NCAAF · lookback 6h ===
  wrote 12 flags

TOTAL flags written: 12
-- detect_line_movement NCAAB 
=== detect_line_movement · NCAAB · lookback 6h ===

TOTAL flags written: 0
-- classify_line_moves ALL 
=== classify_line_moves · MLB/NFL/NCAAF/NCAAB/NHL/UFC  ===
  MLB: 7 flags in last 24h
  MLB: classifications → NEUTRAL=2, CONSENSUS_LEAN=1, SHARP_MOVE_LEAN=1, PATTERN_ONLY=2, CONSENSUS_CONFIRMED=1
  NFL: 66 flags in last 24h
  NFL: classifications → PATTERN_ONLY=66
  NCAAF: 207 flags in last 24h
  NCAAF: classifications → SHARP_MOVE_LEAN=10, PATTERN_ONLY=145, CONSENSUS_LEAN=12, NEUTRAL=22, PUBLIC_MOVE_LEAN=9, CONSENSUS_CONFIRMED=3, SHARP_MOVE_CONFIRMED=4, PUBLIC_MOVE_CONFIRMED=2
  NCAAB: 0 flags in last 24h
  NHL: 39 flags in last 24h
  NHL: classifications → PATTERN_ONLY=13, NEUTRAL=14, CONSENSUS_LEAN=6, PUBLIC_MOVE_LEAN=2, SHARP_MOVE_LEAN=4
  UFC: 0 flags in last 24h

  ✓ 319/319 flags classified
======== [Wed 10/07/2026  4:59:07.64] all steps ok ======== 
 
======== [Wed 10/07/2026  5:26:01.96] multisport poller start ======== 
-- nhl_odds_pull.py 
=== NHL odds pull · 2026-10-07 05:26 ET ===
  Odds API ok · quota left 4982076
  events: 6 · rows built: 6
  date span: 2026-10-07 .. 2026-10-10 (3 dates)
  line_history: 234 rows from 6 events
  ✓ upserted 6/6 games into nhl_game_results
-- nba_odds_pull.py 
=== NBA odds pull · 2026-10-07 05:26 ET ===
  Odds API ok · quota left 4982073
  events: 46 · rows built: 46
  date span: 2026-10-20 .. 2026-12-25 (12 dates)
  line_history: 986 rows from 46 events
  ✓ upserted 46/46 games into nba_game_results
-- nfl_odds_pull.py 
=== NFL odds pull · 2026-10-07 ===
  alias map: 32 team-name variants
  americanfootball_nfl: 29 events
    line_history: 1484 rows from 29 events
    ✓ wrote 29 rows to nfl_game_results

=== Summary: 29 games ===
-- ncaaf_odds_pull.py 
=== NCAAF odds pull · 2026-10-07 ===
  alias map: 2871 name variants
  Odds API events: 66
    line_history: 3442 rows from 66 events

✓ wrote 66 rows to ncaaf_game_results
-- ncaab_odds_pull.py 
=== NCAAB odds pull · 2026-10-07 ===
  alias map: 1542 name variants
  Odds API events: 0
  (offseason or no lines posted)
-- detect_line_movement NHL 
=== detect_line_movement · NHL · lookback 6h ===
  wrote 4 flags

TOTAL flags written: 4
-- detect_line_movement NBA 
=== detect_line_movement · NBA · lookback 6h ===

TOTAL flags written: 0
-- detect_line_movement NFL 
=== detect_line_movement · NFL · lookback 6h ===
  wrote 8 flags

TOTAL flags written: 8
-- detect_line_movement NCAAF 
=== detect_line_movement · NCAAF · lookback 6h ===
  wrote 12 flags

TOTAL flags written: 12
-- detect_line_movement NCAAB 
=== detect_line_movement · NCAAB · lookback 6h ===

TOTAL flags written: 0
-- classify_line_moves ALL 
=== classify_line_moves · MLB/NFL/NCAAF/NCAAB/NHL/UFC  ===
  MLB: 7 flags in last 24h
  MLB: classifications → NEUTRAL=2, CONSENSUS_LEAN=1, SHARP_MOVE_LEAN=1, PATTERN_ONLY=2, CONSENSUS_CONFIRMED=1
  NFL: 66 flags in last 24h
  NFL: classifications → PATTERN_ONLY=66
  NCAAF: 207 flags in last 24h
  NCAAF: classifications → SHARP_MOVE_LEAN=10, CONSENSUS_LEAN=13, PATTERN_ONLY=144, NEUTRAL=22, PUBLIC_MOVE_LEAN=9, CONSENSUS_CONFIRMED=3, SHARP_MOVE_CONFIRMED=4, PUBLIC_MOVE_CONFIRMED=2
  NCAAB: 0 flags in last 24h
  NHL: 39 flags in last 24h
  NHL: classifications → PATTERN_ONLY=13, NEUTRAL=14, CONSENSUS_LEAN=6, PUBLIC_MOVE_LEAN=2, SHARP_MOVE_LEAN=4
  UFC: 0 flags in last 24h

  ✓ 319/319 flags classified
======== [Wed 10/07/2026  5:29:09.86] all steps ok ======== 
 
======== [Wed 10/07/2026  5:56:01.96] multisport poller start ======== 
-- nhl_odds_pull.py 
=== NHL odds pull · 2026-10-07 05:56 ET ===
  Odds API ok · quota left 4982052
  events: 6 · rows built: 6
  date span: 2026-10-07 .. 2026-10-10 (3 dates)
  line_history: 222 rows from 6 events
  ✓ upserted 6/6 games into nhl_game_results
-- nba_odds_pull.py 
=== NBA odds pull · 2026-10-07 05:56 ET ===
  Odds API ok · quota left 4982049
  events: 46 · rows built: 46
  date span: 2026-10-20 .. 2026-12-25 (12 dates)
  line_history: 986 rows from 46 events
  ✓ upserted 46/46 games into nba_game_results
-- nfl_odds_pull.py 
=== NFL odds pull · 2026-10-07 ===
  alias map: 32 team-name variants
  americanfootball_nfl: 29 events
    line_history: 1484 rows from 29 events
    ✓ wrote 29 rows to nfl_game_results

=== Summary: 29 games ===
-- ncaaf_odds_pull.py 
=== NCAAF odds pull · 2026-10-07 ===
  alias map: 2871 name variants
  Odds API events: 66
    line_history: 3442 rows from 66 events

✓ wrote 66 rows to ncaaf_game_results
-- ncaab_odds_pull.py 
=== NCAAB odds pull · 2026-10-07 ===
  alias map: 1542 name variants
  Odds API events: 0
  (offseason or no lines posted)
-- detect_line_movement NHL 
=== detect_line_movement · NHL · lookback 6h ===
  wrote 3 flags

TOTAL flags written: 3
-- detect_line_movement NBA 
=== detect_line_movement · NBA · lookback 6h ===

TOTAL flags written: 0
-- detect_line_movement NFL 
=== detect_line_movement · NFL · lookback 6h ===
  wrote 13 flags

TOTAL flags written: 13
-- detect_line_movement NCAAF 
=== detect_line_movement · NCAAF · lookback 6h ===
  wrote 13 flags

TOTAL flags written: 13
-- detect_line_movement NCAAB 
=== detect_line_movement · NCAAB · lookback 6h ===

TOTAL flags written: 0
-- classify_line_moves ALL 
=== classify_line_moves · MLB/NFL/NCAAF/NCAAB/NHL/UFC  ===
  MLB: 7 flags in last 24h
  MLB: classifications → NEUTRAL=2, CONSENSUS_LEAN=1, SHARP_MOVE_LEAN=1, PATTERN_ONLY=2, CONSENSUS_CONFIRMED=1
  NFL: 65 flags in last 24h
  NFL: classifications → PATTERN_ONLY=65
  NCAAF: 207 flags in last 24h
  NCAAF: classifications → SHARP_MOVE_LEAN=10, CONSENSUS_LEAN=13, PATTERN_ONLY=144, NEUTRAL=22, PUBLIC_MOVE_LEAN=9, CONSENSUS_CONFIRMED=3, SHARP_MOVE_CONFIRMED=4, PUBLIC_MOVE_CONFIRMED=2
  NCAAB: 0 flags in last 24h
  NHL: 38 flags in last 24h
  NHL: classifications → PATTERN_ONLY=13, NEUTRAL=13, CONSENSUS_LEAN=6, PUBLIC_MOVE_LEAN=2, SHARP_MOVE_LEAN=4
  UFC: 0 flags in last 24h

  ✓ 317/317 flags classified
======== [Wed 10/07/2026  5:59:10.07] all steps ok ======== 
 
======== [Wed 10/07/2026  6:26:01.98] multisport poller start ======== 
-- nhl_odds_pull.py 
=== NHL odds pull · 2026-10-07 06:26 ET ===
  Odds API ok · quota left 4982028
  events: 6 · rows built: 6
  date span: 2026-10-07 .. 2026-10-10 (3 dates)
  line_history: 222 rows from 6 events
  ✓ upserted 6/6 games into nhl_game_results
-- nba_odds_pull.py 
=== NBA odds pull · 2026-10-07 06:26 ET ===
  Odds API ok · quota left 4982025
  events: 46 · rows built: 46
  date span: 2026-10-20 .. 2026-12-25 (12 dates)
  line_history: 986 rows from 46 events
  ✓ upserted 46/46 games into nba_game_results
-- nfl_odds_pull.py 
=== NFL odds pull · 2026-10-07 ===
  alias map: 32 team-name variants
  americanfootball_nfl: 29 events
    line_history: 1484 rows from 29 events
    ✓ wrote 29 rows to nfl_game_results

=== Summary: 29 games ===
-- ncaaf_odds_pull.py 
=== NCAAF odds pull · 2026-10-07 ===
  alias map: 2871 name variants
  Odds API events: 66
    line_history: 3442 rows from 66 events

✓ wrote 66 rows to ncaaf_game_results
-- ncaab_odds_pull.py 
=== NCAAB odds pull · 2026-10-07 ===
  alias map: 1542 name variants
  Odds API events: 0
  (offseason or no lines posted)
-- detect_line_movement NHL 
=== detect_line_movement · NHL · lookback 6h ===
  wrote 4 flags

TOTAL flags written: 4
-- detect_line_movement NBA 
=== detect_line_movement · NBA · lookback 6h ===
  wrote 1 flags

TOTAL flags written: 1
-- detect_line_movement NFL 
=== detect_line_movement · NFL · lookback 6h ===
  wrote 18 flags

TOTAL flags written: 18
-- detect_line_movement NCAAF 
=== detect_line_movement · NCAAF · lookback 6h ===
  wrote 12 flags

TOTAL flags written: 12
-- detect_line_movement NCAAB 
=== detect_line_movement · NCAAB · lookback 6h ===

TOTAL flags written: 0
-- classify_line_moves ALL 
=== classify_line_moves · MLB/NFL/NCAAF/NCAAB/NHL/UFC  ===
  MLB: 7 flags in last 24h
  MLB: classifications → NEUTRAL=2, CONSENSUS_LEAN=1, SHARP_MOVE_LEAN=1, PATTERN_ONLY=2, CONSENSUS_CONFIRMED=1
  NFL: 65 flags in last 24h
  NFL: classifications → PATTERN_ONLY=65
  NCAAF: 207 flags in last 24h
  NCAAF: classifications → SHARP_MOVE_LEAN=10, CONSENSUS_LEAN=13, PATTERN_ONLY=144, NEUTRAL=22, PUBLIC_MOVE_LEAN=9, CONSENSUS_CONFIRMED=3, SHARP_MOVE_CONFIRMED=4, PUBLIC_MOVE_CONFIRMED=2
  NCAAB: 0 flags in last 24h
  NHL: 38 flags in last 24h
  NHL: classifications → PATTERN_ONLY=13, NEUTRAL=13, CONSENSUS_LEAN=6, PUBLIC_MOVE_LEAN=2, SHARP_MOVE_LEAN=4
  UFC: 0 flags in last 24h

  ✓ 317/317 flags classified
======== [Wed 10/07/2026  6:29:14.69] all steps ok ======== 
 
======== [Wed 10/07/2026  6:56:01.95] multisport poller start ======== 
-- nhl_odds_pull.py 
=== NHL odds pull · 2026-10-07 06:56 ET ===
  Odds API ok · quota left 4982004
  events: 6 · rows built: 6
  date span: 2026-10-07 .. 2026-10-10 (3 dates)
  line_history: 222 rows from 6 events
  ✓ upserted 6/6 games into nhl_game_results
-- nba_odds_pull.py 
=== NBA odds pull · 2026-10-07 06:56 ET ===
  Odds API ok · quota left 4982001
  events: 46 · rows built: 46
  date span: 2026-10-20 .. 2026-12-25 (12 dates)
  line_history: 986 rows from 46 events
  ✓ upserted 46/46 games into nba_game_results
-- nfl_odds_pull.py 
=== NFL odds pull · 2026-10-07 ===
  alias map: 32 team-name variants
  americanfootball_nfl: 29 events
    line_history: 1484 rows from 29 events
    ✓ wrote 29 rows to nfl_game_results

=== Summary: 29 games ===
-- ncaaf_odds_pull.py 
=== NCAAF odds pull · 2026-10-07 ===
  alias map: 2871 name variants
  Odds API events: 66
    line_history: 3442 rows from 66 events

✓ wrote 66 rows to ncaaf_game_results
-- ncaab_odds_pull.py 
=== NCAAB odds pull · 2026-10-07 ===
  alias map: 1542 name variants
  Odds API events: 0
  (offseason or no lines posted)
-- detect_line_movement NHL 
=== detect_line_movement · NHL · lookback 6h ===
  wrote 3 flags

TOTAL flags written: 3
-- detect_line_movement NBA 
=== detect_line_movement · NBA · lookback 6h ===
  wrote 1 flags

TOTAL flags written: 1
-- detect_line_movement NFL 
=== detect_line_movement · NFL · lookback 6h ===
  wrote 19 flags

TOTAL flags written: 19
-- detect_line_movement NCAAF 
=== detect_line_movement · NCAAF · lookback 6h ===
  wrote 10 flags

TOTAL flags written: 10
-- detect_line_movement NCAAB 
=== detect_line_movement · NCAAB · lookback 6h ===

TOTAL flags written: 0
-- classify_line_moves ALL 
=== classify_line_moves · MLB/NFL/NCAAF/NCAAB/NHL/UFC  ===
  MLB: 7 flags in last 24h
  MLB: classifications → NEUTRAL=2, CONSENSUS_LEAN=1, SHARP_MOVE_LEAN=1, PATTERN_ONLY=2, CONSENSUS_CONFIRMED=1
  NFL: 68 flags in last 24h
  NFL: classifications → PATTERN_ONLY=68
  NCAAF: 206 flags in last 24h
  NCAAF: classifications → SHARP_MOVE_LEAN=10, CONSENSUS_LEAN=13, PATTERN_ONLY=143, NEUTRAL=22, PUBLIC_MOVE_LEAN=9, CONSENSUS_CONFIRMED=3, SHARP_MOVE_CONFIRMED=4, PUBLIC_MOVE_CONFIRMED=2
  NCAAB: 0 flags in last 24h
  NHL: 38 flags in last 24h
  NHL: classifications → PATTERN_ONLY=13, NEUTRAL=13, CONSENSUS_LEAN=6, PUBLIC_MOVE_LEAN=2, SHARP_MOVE_LEAN=4
  UFC: 0 flags in last 24h

  ✓ 319/319 flags classified
======== [Wed 10/07/2026  6:59:23.97] all steps ok ======== 
 
======== [Wed 10/07/2026  7:26:01.99] multisport poller start ======== 
-- nhl_odds_pull.py 
=== NHL odds pull · 2026-10-07 07:26 ET ===
  Odds API ok · quota left 4981847
  events: 6 · rows built: 6
  date span: 2026-10-07 .. 2026-10-10 (3 dates)
  line_history: 222 rows from 6 events
  ✓ upserted 6/6 games into nhl_game_results
-- nba_odds_pull.py 
=== NBA odds pull · 2026-10-07 07:26 ET ===
  Odds API ok · quota left 4981844
  events: 46 · rows built: 46
  date span: 2026-10-20 .. 2026-12-25 (12 dates)
  line_history: 986 rows from 46 events
  ✓ upserted 46/46 games into nba_game_results
-- nfl_odds_pull.py 
=== NFL odds pull · 2026-10-07 ===
  alias map: 32 team-name variants
  americanfootball_nfl: 29 events
    line_history: 1484 rows from 29 events
    ✓ wrote 29 rows to nfl_game_results

=== Summary: 29 games ===
-- ncaaf_odds_pull.py 
=== NCAAF odds pull · 2026-10-07 ===
  alias map: 2871 name variants
  Odds API events: 66
    line_history: 3442 rows from 66 events

✓ wrote 66 rows to ncaaf_game_results
-- ncaab_odds_pull.py 
=== NCAAB odds pull · 2026-10-07 ===
  alias map: 1542 name variants
  Odds API events: 0
  (offseason or no lines posted)
-- detect_line_movement NHL 
=== detect_line_movement · NHL · lookback 6h ===
  wrote 3 flags

TOTAL flags written: 3
-- detect_line_movement NBA 
=== detect_line_movement · NBA · lookback 6h ===
  wrote 1 flags

TOTAL flags written: 1
-- detect_line_movement NFL 
=== detect_line_movement · NFL · lookback 6h ===
  wrote 17 flags

TOTAL flags written: 17
-- detect_line_movement NCAAF 
=== detect_line_movement · NCAAF · lookback 6h ===
  wrote 7 flags

TOTAL flags written: 7
-- detect_line_movement NCAAB 
=== detect_line_movement · NCAAB · lookback 6h ===

TOTAL flags written: 0
-- classify_line_moves ALL 
=== classify_line_moves · MLB/NFL/NCAAF/NCAAB/NHL/UFC  ===
  MLB: 6 flags in last 24h
  MLB: classifications → NEUTRAL=2, CONSENSUS_LEAN=1, SHARP_MOVE_LEAN=1, PATTERN_ONLY=1, CONSENSUS_CONFIRMED=1
  NFL: 68 flags in last 24h
  NFL: classifications → PATTERN_ONLY=68
  NCAAF: 206 flags in last 24h
  NCAAF: classifications → SHARP_MOVE_LEAN=10, CONSENSUS_LEAN=13, PATTERN_ONLY=143, NEUTRAL=22, PUBLIC_MOVE_LEAN=9, CONSENSUS_CONFIRMED=3, SHARP_MOVE_CONFIRMED=4, PUBLIC_MOVE_CONFIRMED=2
  NCAAB: 0 flags in last 24h
  NHL: 38 flags in last 24h
  NHL: classifications → PATTERN_ONLY=13, NEUTRAL=13, CONSENSUS_LEAN=6, PUBLIC_MOVE_LEAN=2, SHARP_MOVE_LEAN=4
  UFC: 0 flags in last 24h

  ✓ 318/318 flags classified
======== [Wed 10/07/2026  7:29:23.53] all steps ok ======== 
 
======== [Wed 10/07/2026  7:56:02.01] multisport poller start ======== 
-- nhl_odds_pull.py 
=== NHL odds pull · 2026-10-07 07:56 ET ===
  Odds API ok · quota left 4981823
  events: 6 · rows built: 6
  date span: 2026-10-07 .. 2026-10-10 (3 dates)
  line_history: 222 rows from 6 events
  ✓ upserted 6/6 games into nhl_game_results
-- nba_odds_pull.py 
=== NBA odds pull · 2026-10-07 07:56 ET ===
  Odds API ok · quota left 4981820
  events: 46 · rows built: 46
  date span: 2026-10-20 .. 2026-12-25 (12 dates)
  line_history: 986 rows from 46 events
  ✓ upserted 46/46 games into nba_game_results
-- nfl_odds_pull.py 
=== NFL odds pull · 2026-10-07 ===
  alias map: 32 team-name variants
  americanfootball_nfl: 29 events
    line_history: 1484 rows from 29 events
    ✓ wrote 29 rows to nfl_game_results

=== Summary: 29 games ===
-- ncaaf_odds_pull.py 
=== NCAAF odds pull · 2026-10-07 ===
  alias map: 2871 name variants
  Odds API events: 66
    line_history: 3440 rows from 66 events

✓ wrote 66 rows to ncaaf_game_results
-- ncaab_odds_pull.py 
=== NCAAB odds pull · 2026-10-07 ===
  alias map: 1542 name variants
  Odds API events: 0
  (offseason or no lines posted)
-- detect_line_movement NHL 
=== detect_line_movement · NHL · lookback 6h ===
  wrote 3 flags

TOTAL flags written: 3
-- detect_line_movement NBA 
=== detect_line_movement · NBA · lookback 6h ===
  wrote 1 flags

TOTAL flags written: 1
-- detect_line_movement NFL 
=== detect_line_movement · NFL · lookback 6h ===
  wrote 23 flags

TOTAL flags written: 23
-- detect_line_movement NCAAF 
=== detect_line_movement · NCAAF · lookback 6h ===
  wrote 7 flags

TOTAL flags written: 7
-- detect_line_movement NCAAB 
=== detect_line_movement · NCAAB · lookback 6h ===

TOTAL flags written: 0
-- classify_line_moves ALL 
=== classify_line_moves · MLB/NFL/NCAAF/NCAAB/NHL/UFC  ===
  MLB: 17 flags in last 24h
  MLB: classifications → NEUTRAL=3, CONSENSUS_LEAN=3, SHARP_MOVE_LEAN=1, PATTERN_ONLY=7, SHARP_MOVE_CONFIRMED=1, CONSENSUS_CONFIRMED=2
  NFL: 69 flags in last 24h
  NFL: classifications → PATTERN_ONLY=69
  NCAAF: 206 flags in last 24h
  NCAAF: classifications → PATTERN_ONLY=162, CONSENSUS_LEAN=8, NEUTRAL=18, CONSENSUS_CONFIRMED=2, SHARP_MOVE_LEAN=9, PUBLIC_MOVE_LEAN=4, SHARP_MOVE_CONFIRMED=2, PUBLIC_MOVE_CONFIRMED=1
  NCAAB: 0 flags in last 24h
  NHL: 38 flags in last 24h
  NHL: classifications → CONSENSUS_LEAN=8, PUBLIC_MOVE_LEAN=3, SHARP_MOVE_LEAN=5, PATTERN_ONLY=7, NEUTRAL=15
  UFC: 0 flags in last 24h

  ✓ 330/330 flags classified
======== [Wed 10/07/2026  8:00:22.03] all steps ok ======== 
 
======== [Wed 10/07/2026  8:26:02.01] multisport poller start ======== 
-- nhl_odds_pull.py 
=== NHL odds pull · 2026-10-07 08:26 ET ===
  Odds API ok · quota left 4981779
  events: 6 · rows built: 6
  date span: 2026-10-07 .. 2026-10-10 (3 dates)
  line_history: 222 rows from 6 events
  ✓ upserted 6/6 games into nhl_game_results
-- nba_odds_pull.py 
=== NBA odds pull · 2026-10-07 08:26 ET ===
  Odds API ok · quota left 4981776
  events: 46 · rows built: 46
  date span: 2026-10-20 .. 2026-12-25 (12 dates)
  line_history: 986 rows from 46 events
  ✓ upserted 46/46 games into nba_game_results
-- nfl_odds_pull.py 
=== NFL odds pull · 2026-10-07 ===
  alias map: 32 team-name variants
  americanfootball_nfl: 29 events
    line_history: 1484 rows from 29 events
    ✓ wrote 29 rows to nfl_game_results

=== Summary: 29 games ===
-- ncaaf_odds_pull.py 
=== NCAAF odds pull · 2026-10-07 ===
  alias map: 2871 name variants
  Odds API events: 66
    line_history: 3450 rows from 66 events

✓ wrote 66 rows to ncaaf_game_results
-- ncaab_odds_pull.py 
=== NCAAB odds pull · 2026-10-07 ===
  alias map: 1542 name variants
  Odds API events: 0
  (offseason or no lines posted)
-- detect_line_movement NHL 
=== detect_line_movement · NHL · lookback 6h ===
  wrote 4 flags

TOTAL flags written: 4
-- detect_line_movement NBA 
=== detect_line_movement · NBA · lookback 6h ===
  wrote 1 flags

TOTAL flags written: 1
-- detect_line_movement NFL 
=== detect_line_movement · NFL · lookback 6h ===
  wrote 21 flags

TOTAL flags written: 21
-- detect_line_movement NCAAF 
=== detect_line_movement · NCAAF · lookback 6h ===
  wrote 6 flags

TOTAL flags written: 6
-- detect_line_movement NCAAB 
=== detect_line_movement · NCAAB · lookback 6h ===

TOTAL flags written: 0
-- classify_line_moves ALL 
=== classify_line_moves · MLB/NFL/NCAAF/NCAAB/NHL/UFC  ===
  MLB: 17 flags in last 24h
  MLB: classifications → NEUTRAL=3, CONSENSUS_LEAN=3, SHARP_MOVE_LEAN=1, PATTERN_ONLY=7, SHARP_MOVE_CONFIRMED=1, CONSENSUS_CONFIRMED=2
  NFL: 69 flags in last 24h
  NFL: classifications → PATTERN_ONLY=69
  NCAAF: 206 flags in last 24h
  NCAAF: classifications → PATTERN_ONLY=162, CONSENSUS_LEAN=8, NEUTRAL=18, CONSENSUS_CONFIRMED=2, SHARP_MOVE_LEAN=9, PUBLIC_MOVE_LEAN=4, SHARP_MOVE_CONFIRMED=2, PUBLIC_MOVE_CONFIRMED=1
  NCAAB: 0 flags in last 24h
  NHL: 38 flags in last 24h
  NHL: classifications → CONSENSUS_LEAN=8, SHARP_MOVE_LEAN=5, PUBLIC_MOVE_LEAN=3, PATTERN_ONLY=7, NEUTRAL=15
  UFC: 0 flags in last 24h

  ✓ 330/330 flags classified
======== [Wed 10/07/2026  8:29:24.50] all steps ok ======== 
 
======== [Wed 10/07/2026  8:56:02.00] multisport poller start ======== 
-- nhl_odds_pull.py 
=== NHL odds pull · 2026-10-07 08:56 ET ===
  Odds API ok · quota left 4981632
  events: 6 · rows built: 6
  date span: 2026-10-07 .. 2026-10-10 (3 dates)
  line_history: 222 rows from 6 events
  ✓ upserted 6/6 games into nhl_game_results
-- nba_odds_pull.py 
=== NBA odds pull · 2026-10-07 08:56 ET ===
  Odds API ok · quota left 4981629
  events: 46 · rows built: 46
  date span: 2026-10-20 .. 2026-12-25 (12 dates)
  line_history: 986 rows from 46 events
  ✓ upserted 46/46 games into nba_game_results
-- nfl_odds_pull.py 
=== NFL odds pull · 2026-10-07 ===
  alias map: 32 team-name variants
  americanfootball_nfl: 29 events
    line_history: 1484 rows from 29 events
    ✓ wrote 29 rows to nfl_game_results

=== Summary: 29 games ===
-- ncaaf_odds_pull.py 
=== NCAAF odds pull · 2026-10-07 ===
  alias map: 2871 name variants
  Odds API events: 66
    line_history: 3450 rows from 66 events

✓ wrote 66 rows to ncaaf_game_results
-- ncaab_odds_pull.py 
=== NCAAB odds pull · 2026-10-07 ===
  alias map: 1542 name variants
  Odds API events: 0
  (offseason or no lines posted)
-- detect_line_movement NHL 
=== detect_line_movement · NHL · lookback 6h ===
  wrote 4 flags

TOTAL flags written: 4
-- detect_line_movement NBA 
=== detect_line_movement · NBA · lookback 6h ===
  wrote 1 flags

TOTAL flags written: 1
-- detect_line_movement NFL 
=== detect_line_movement · NFL · lookback 6h ===
  wrote 25 flags

TOTAL flags written: 25
-- detect_line_movement NCAAF 
=== detect_line_movement · NCAAF · lookback 6h ===
  wrote 5 flags

TOTAL flags written: 5
-- detect_line_movement NCAAB 
=== detect_line_movement · NCAAB · lookback 6h ===

TOTAL flags written: 0
-- classify_line_moves ALL 
=== classify_line_moves · MLB/NFL/NCAAF/NCAAB/NHL/UFC  ===
  MLB: 17 flags in last 24h
  MLB: classifications → NEUTRAL=3, CONSENSUS_LEAN=3, SHARP_MOVE_LEAN=1, PATTERN_ONLY=7, SHARP_MOVE_CONFIRMED=1, CONSENSUS_CONFIRMED=2
  NFL: 70 flags in last 24h
  NFL: classifications → PATTERN_ONLY=70
  NCAAF: 206 flags in last 24h
  NCAAF: classifications → PATTERN_ONLY=162, CONSENSUS_LEAN=8, NEUTRAL=18, CONSENSUS_CONFIRMED=2, SHARP_MOVE_LEAN=9, PUBLIC_MOVE_LEAN=4, SHARP_MOVE_CONFIRMED=2, PUBLIC_MOVE_CONFIRMED=1
  NCAAB: 0 flags in last 24h
  NHL: 38 flags in last 24h
  NHL: classifications → NEUTRAL=15, SHARP_MOVE_LEAN=5, PUBLIC_MOVE_LEAN=3, CONSENSUS_LEAN=8, PATTERN_ONLY=7
  UFC: 0 flags in last 24h

  ✓ 331/331 flags classified
======== [Wed 10/07/2026  8:59:29.86] all steps ok ======== 
 
======== [Wed 10/07/2026  9:26:02.03] multisport poller start ======== 
-- nhl_odds_pull.py 
=== NHL odds pull · 2026-10-07 09:26 ET ===
  Odds API ok · quota left 4981608
  events: 6 · rows built: 6
  date span: 2026-10-07 .. 2026-10-10 (3 dates)
  line_history: 222 rows from 6 events
  ✓ upserted 6/6 games into nhl_game_results
-- nba_odds_pull.py 
=== NBA odds pull · 2026-10-07 09:26 ET ===
  Odds API ok · quota left 4981605
  events: 46 · rows built: 46
  date span: 2026-10-20 .. 2026-12-25 (12 dates)
  line_history: 986 rows from 46 events
  ✓ upserted 46/46 games into nba_game_results
-- nfl_odds_pull.py 
=== NFL odds pull · 2026-10-07 ===
  alias map: 32 team-name variants
  americanfootball_nfl: 29 events
    line_history: 1484 rows from 29 events
    ✓ wrote 29 rows to nfl_game_results

=== Summary: 29 games ===
-- ncaaf_odds_pull.py 
=== NCAAF odds pull · 2026-10-07 ===
  alias map: 2871 name variants
  Odds API events: 66
    line_history: 3450 rows from 66 events

✓ wrote 66 rows to ncaaf_game_results
-- ncaab_odds_pull.py 
=== NCAAB odds pull · 2026-10-07 ===
  alias map: 1542 name variants
  Odds API events: 0
  (offseason or no lines posted)
-- detect_line_movement NHL 
=== detect_line_movement · NHL · lookback 6h ===
  wrote 3 flags

TOTAL flags written: 3
-- detect_line_movement NBA 
=== detect_line_movement · NBA · lookback 6h ===
  wrote 1 flags

TOTAL flags written: 1
-- detect_line_movement NFL 
=== detect_line_movement · NFL · lookback 6h ===
  wrote 21 flags

TOTAL flags written: 21
-- detect_line_movement NCAAF 
=== detect_line_movement · NCAAF · lookback 6h ===
  wrote 5 flags

TOTAL flags written: 5
-- detect_line_movement NCAAB 
=== detect_line_movement · NCAAB · lookback 6h ===

TOTAL flags written: 0
-- classify_line_moves ALL 
=== classify_line_moves · MLB/NFL/NCAAF/NCAAB/NHL/UFC  ===
  MLB: 19 flags in last 24h
  MLB: classifications → SHARP_MOVE_CONFIRMED=1, PATTERN_ONLY=4, NEUTRAL=6, CONSENSUS_LEAN=4, SHARP_MOVE_LEAN=2, CONSENSUS_CONFIRMED=2
  NFL: 70 flags in last 24h
  NFL: classifications → PATTERN_ONLY=70
  NCAAF: 206 flags in last 24h
  NCAAF: classifications → PATTERN_ONLY=161, CONSENSUS_LEAN=8, NEUTRAL=19, CONSENSUS_CONFIRMED=2, SHARP_MOVE_LEAN=9, PUBLIC_MOVE_LEAN=4, SHARP_MOVE_CONFIRMED=2, PUBLIC_MOVE_CONFIRMED=1
  NCAAB: 0 flags in last 24h
  NHL: 38 flags in last 24h
  NHL: classifications → NEUTRAL=15, PUBLIC_MOVE_LEAN=3, CONSENSUS_LEAN=8, SHARP_MOVE_LEAN=5, PATTERN_ONLY=7
  UFC: 0 flags in last 24h

  ✓ 333/333 flags classified
======== [Wed 10/07/2026  9:29:27.58] all steps ok ======== 
 
======== [Wed 10/07/2026  9:56:02.04] multisport poller start ======== 
-- nhl_odds_pull.py 
=== NHL odds pull · 2026-10-07 09:56 ET ===
  Odds API ok · quota left 4981584
  events: 6 · rows built: 6
  date span: 2026-10-07 .. 2026-10-10 (3 dates)
  line_history: 222 rows from 6 events
  ✓ upserted 6/6 games into nhl_game_results
-- nba_odds_pull.py 
=== NBA odds pull · 2026-10-07 09:56 ET ===
  Odds API ok · quota left 4981581
  events: 46 · rows built: 46
  date span: 2026-10-20 .. 2026-12-25 (12 dates)
  line_history: 986 rows from 46 events
  ✓ upserted 46/46 games into nba_game_results
-- nfl_odds_pull.py 
=== NFL odds pull · 2026-10-07 ===
  alias map: 32 team-name variants
  americanfootball_nfl: 29 events
    line_history: 1484 rows from 29 events
    ✓ wrote 29 rows to nfl_game_results

=== Summary: 29 games ===
-- ncaaf_odds_pull.py 
=== NCAAF odds pull · 2026-10-07 ===
  alias map: 2871 name variants
  Odds API events: 66
    line_history: 3450 rows from 66 events

✓ wrote 66 rows to ncaaf_game_results
-- ncaab_odds_pull.py 
=== NCAAB odds pull · 2026-10-07 ===
  alias map: 1542 name variants
  Odds API events: 0
  (offseason or no lines posted)
-- detect_line_movement NHL 
=== detect_line_movement · NHL · lookback 6h ===
  wrote 3 flags

TOTAL flags written: 3
-- detect_line_movement NBA 
=== detect_line_movement · NBA · lookback 6h ===
  wrote 1 flags

TOTAL flags written: 1
-- detect_line_movement NFL 
=== detect_line_movement · NFL · lookback 6h ===
  wrote 25 flags

TOTAL flags written: 25
-- detect_line_movement NCAAF 
=== detect_line_movement · NCAAF · lookback 6h ===
  wrote 5 flags

TOTAL flags written: 5
-- detect_line_movement NCAAB 
=== detect_line_movement · NCAAB · lookback 6h ===

TOTAL flags written: 0
-- classify_line_moves ALL 
=== classify_line_moves · MLB/NFL/NCAAF/NCAAB/NHL/UFC  ===
  MLB: 19 flags in last 24h
  MLB: classifications → SHARP_MOVE_CONFIRMED=1, PATTERN_ONLY=4, NEUTRAL=6, CONSENSUS_LEAN=4, SHARP_MOVE_LEAN=2, CONSENSUS_CONFIRMED=2
  NFL: 70 flags in last 24h
  NFL: classifications → PATTERN_ONLY=70
  NCAAF: 206 flags in last 24h
  NCAAF: classifications → PATTERN_ONLY=161, CONSENSUS_LEAN=8, NEUTRAL=19, CONSENSUS_CONFIRMED=2, SHARP_MOVE_LEAN=9, PUBLIC_MOVE_LEAN=4, SHARP_MOVE_CONFIRMED=2, PUBLIC_MOVE_CONFIRMED=1
  NCAAB: 0 flags in last 24h
  NHL: 38 flags in last 24h
  NHL: classifications → NEUTRAL=15, PUBLIC_MOVE_LEAN=3, CONSENSUS_LEAN=8, SHARP_MOVE_LEAN=5, PATTERN_ONLY=7
  UFC: 0 flags in last 24h

  ✓ 333/333 flags classified
======== [Wed 10/07/2026  9:59:22.41] all steps ok ======== 
 
======== [Wed 10/07/2026 10:26:02.07] multisport poller start ======== 
-- nhl_odds_pull.py 
=== NHL odds pull · 2026-10-07 10:26 ET ===
  Odds API ok · quota left 4981560
  events: 6 · rows built: 6
  date span: 2026-10-07 .. 2026-10-10 (3 dates)
  line_history: 222 rows from 6 events
  ✓ upserted 6/6 games into nhl_game_results
-- nba_odds_pull.py 
=== NBA odds pull · 2026-10-07 10:26 ET ===
  Odds API ok · quota left 4981557
  events: 46 · rows built: 46
  date span: 2026-10-20 .. 2026-12-25 (12 dates)
  line_history: 986 rows from 46 events
  ✓ upserted 46/46 games into nba_game_results
-- nfl_odds_pull.py 
=== NFL odds pull · 2026-10-07 ===
  alias map: 32 team-name variants
  americanfootball_nfl: 29 events
    line_history: 1484 rows from 29 events
    ✓ wrote 29 rows to nfl_game_results

=== Summary: 29 games ===
-- ncaaf_odds_pull.py 
=== NCAAF odds pull · 2026-10-07 ===
  alias map: 2871 name variants
  Odds API events: 66
    line_history: 3384 rows from 66 events

✓ wrote 66 rows to ncaaf_game_results
-- ncaab_odds_pull.py 
=== NCAAB odds pull · 2026-10-07 ===
  alias map: 1542 name variants
  Odds API events: 0
  (offseason or no lines posted)
-- detect_line_movement NHL 
=== detect_line_movement · NHL · lookback 6h ===
  wrote 3 flags

TOTAL flags written: 3
-- detect_line_movement NBA 
=== detect_line_movement · NBA · lookback 6h ===
  wrote 2 flags

TOTAL flags written: 2
-- detect_line_movement NFL 
=== detect_line_movement · NFL · lookback 6h ===
  wrote 24 flags

TOTAL flags written: 24
-- detect_line_movement NCAAF 
=== detect_line_movement · NCAAF · lookback 6h ===
  wrote 1 flags

TOTAL flags written: 1
-- detect_line_movement NCAAB 
=== detect_line_movement · NCAAB · lookback 6h ===

TOTAL flags written: 0
-- classify_line_moves ALL 
=== classify_line_moves · MLB/NFL/NCAAF/NCAAB/NHL/UFC  ===
  MLB: 19 flags in last 24h
  MLB: classifications → SHARP_MOVE_CONFIRMED=1, PATTERN_ONLY=4, NEUTRAL=6, CONSENSUS_LEAN=4, SHARP_MOVE_LEAN=2, CONSENSUS_CONFIRMED=2
  NFL: 70 flags in last 24h
  NFL: classifications → PATTERN_ONLY=70
  NCAAF: 196 flags in last 24h
  NCAAF: classifications → PATTERN_ONLY=151, CONSENSUS_LEAN=8, NEUTRAL=19, CONSENSUS_CONFIRMED=2, SHARP_MOVE_LEAN=9, PUBLIC_MOVE_LEAN=4, SHARP_MOVE_CONFIRMED=2, PUBLIC_MOVE_CONFIRMED=1
  NCAAB: 0 flags in last 24h
  NHL: 38 flags in last 24h
  NHL: classifications → NEUTRAL=15, PUBLIC_MOVE_LEAN=3, CONSENSUS_LEAN=8, SHARP_MOVE_LEAN=5, PATTERN_ONLY=7
  UFC: 0 flags in last 24h

  ✓ 323/323 flags classified
======== [Wed 10/07/2026 10:29:24.45] all steps ok ======== 
 
======== [Wed 10/07/2026 10:56:02.06] multisport poller start ======== 
-- nhl_odds_pull.py 
=== NHL odds pull · 2026-10-07 10:56 ET ===
  Odds API ok · quota left 4981407
  events: 6 · rows built: 6
  date span: 2026-10-07 .. 2026-10-10 (3 dates)
  line_history: 222 rows from 6 events
  ✓ upserted 6/6 games into nhl_game_results
-- nba_odds_pull.py 
=== NBA odds pull · 2026-10-07 10:56 ET ===
  Odds API ok · quota left 4981404
  events: 46 · rows built: 46
  date span: 2026-10-20 .. 2026-12-25 (12 dates)
  line_history: 986 rows from 46 events
  ✓ upserted 46/46 games into nba_game_results
-- nfl_odds_pull.py 
=== NFL odds pull · 2026-10-07 ===
  alias map: 32 team-name variants
  americanfootball_nfl: 29 events
    line_history: 1484 rows from 29 events
    ✓ wrote 29 rows to nfl_game_results

=== Summary: 29 games ===
-- ncaaf_odds_pull.py 
=== NCAAF odds pull · 2026-10-07 ===
  alias map: 2871 name variants
  Odds API events: 66
    line_history: 3448 rows from 66 events

✓ wrote 66 rows to ncaaf_game_results
-- ncaab_odds_pull.py 
=== NCAAB odds pull · 2026-10-07 ===
  alias map: 1542 name variants
  Odds API events: 0
  (offseason or no lines posted)
-- detect_line_movement NHL 
=== detect_line_movement · NHL · lookback 6h ===
  wrote 4 flags

TOTAL flags written: 4
-- detect_line_movement NBA 
=== detect_line_movement · NBA · lookback 6h ===
  wrote 1 flags

TOTAL flags written: 1
-- detect_line_movement NFL 
=== detect_line_movement · NFL · lookback 6h ===
  wrote 25 flags

TOTAL flags written: 25
-- detect_line_movement NCAAF 
=== detect_line_movement · NCAAF · lookback 6h ===
  wrote 2 flags

TOTAL flags written: 2
-- detect_line_movement NCAAB 
=== detect_line_movement · NCAAB · lookback 6h ===

TOTAL flags written: 0
-- classify_line_moves ALL 
=== classify_line_moves · MLB/NFL/NCAAF/NCAAB/NHL/UFC  ===
  MLB: 19 flags in last 24h
  MLB: classifications → SHARP_MOVE_CONFIRMED=1, PATTERN_ONLY=4, NEUTRAL=6, CONSENSUS_LEAN=4, SHARP_MOVE_LEAN=2, CONSENSUS_CONFIRMED=2
  NFL: 71 flags in last 24h
  NFL: classifications → PATTERN_ONLY=71
  NCAAF: 179 flags in last 24h
  NCAAF: classifications → PATTERN_ONLY=137, CONSENSUS_LEAN=7, NEUTRAL=18, CONSENSUS_CONFIRMED=2, SHARP_MOVE_LEAN=8, PUBLIC_MOVE_LEAN=4, SHARP_MOVE_CONFIRMED=2, PUBLIC_MOVE_CONFIRMED=1
  NCAAB: 0 flags in last 24h
  NHL: 34 flags in last 24h
  NHL: classifications → NEUTRAL=13, SHARP_MOVE_LEAN=5, PUBLIC_MOVE_LEAN=3, CONSENSUS_LEAN=8, PATTERN_ONLY=5
  UFC: 0 flags in last 24h

  ✓ 303/303 flags classified
======== [Wed 10/07/2026 10:59:15.67] all steps ok ======== 
 
======== [Wed 10/07/2026 11:26:02.09] multisport poller start ======== 
-- nhl_odds_pull.py 
=== NHL odds pull · 2026-10-07 11:26 ET ===
  Odds API ok · quota left 4980984
  events: 14 · rows built: 14
  date span: 2026-10-07 .. 2026-10-10 (3 dates)
  line_history: 318 rows from 14 events
  ✓ upserted 14/14 games into nhl_game_results
-- nba_odds_pull.py 
=== NBA odds pull · 2026-10-07 11:26 ET ===
  Odds API ok · quota left 4980981
  events: 46 · rows built: 46
  date span: 2026-10-20 .. 2026-12-25 (12 dates)
  line_history: 986 rows from 46 events
  ✓ upserted 46/46 games into nba_game_results
-- nfl_odds_pull.py 
=== NFL odds pull · 2026-10-07 ===
  alias map: 32 team-name variants
  americanfootball_nfl: 29 events
    line_history: 1484 rows from 29 events
    ✓ wrote 29 rows to nfl_game_results

=== Summary: 29 games ===
-- ncaaf_odds_pull.py 
=== NCAAF odds pull · 2026-10-07 ===
  alias map: 2871 name variants
  Odds API events: 66
    line_history: 3450 rows from 66 events

✓ wrote 66 rows to ncaaf_game_results
-- ncaab_odds_pull.py 
=== NCAAB odds pull · 2026-10-07 ===
  alias map: 1542 name variants
  Odds API events: 0
  (offseason or no lines posted)
-- detect_line_movement NHL 
=== detect_line_movement · NHL · lookback 6h ===
  wrote 6 flags

TOTAL flags written: 6
-- detect_line_movement NBA 
=== detect_line_movement · NBA · lookback 6h ===

TOTAL flags written: 0
-- detect_line_movement NFL 
=== detect_line_movement · NFL · lookback 6h ===
  wrote 27 flags

TOTAL flags written: 27
-- detect_line_movement NCAAF 
=== detect_line_movement · NCAAF · lookback 6h ===
  wrote 10 flags

TOTAL flags written: 10
-- detect_line_movement NCAAB 
=== detect_line_movement · NCAAB · lookback 6h ===

TOTAL flags written: 0
-- classify_line_moves ALL 
=== classify_line_moves · MLB/NFL/NCAAF/NCAAB/NHL/UFC  ===
  MLB: 19 flags in last 24h
  MLB: classifications → SHARP_MOVE_CONFIRMED=1, PATTERN_ONLY=4, NEUTRAL=6, CONSENSUS_LEAN=4, SHARP_MOVE_LEAN=2, CONSENSUS_CONFIRMED=2
  NFL: 70 flags in last 24h
  NFL: classifications → PATTERN_ONLY=70
  NCAAF: 178 flags in last 24h
  NCAAF: classifications → PATTERN_ONLY=136, SHARP_MOVE_LEAN=9, CONSENSUS_LEAN=7, NEUTRAL=17, CONSENSUS_CONFIRMED=2, PUBLIC_MOVE_LEAN=4, SHARP_MOVE_CONFIRMED=2, PUBLIC_MOVE_CONFIRMED=1
  NCAAB: 0 flags in last 24h
  NHL: 35 flags in last 24h
  NHL: classifications → PATTERN_ONLY=6, CONSENSUS_LEAN=8, NEUTRAL=13, SHARP_MOVE_LEAN=5, PUBLIC_MOVE_LEAN=3
  UFC: 0 flags in last 24h

  ✓ 302/302 flags classified
======== [Wed 10/07/2026 11:29:27.62] all steps ok ======== 
 
======== [Wed 10/07/2026 11:56:02.09] multisport poller start ======== 
-- nhl_odds_pull.py 
=== NHL odds pull · 2026-10-07 11:56 ET ===
  Odds API ok · quota left 4980951
  events: 14 · rows built: 14
  date span: 2026-10-07 .. 2026-10-10 (3 dates)
  line_history: 468 rows from 14 events
  ✓ upserted 14/14 games into nhl_game_results
-- nba_odds_pull.py 
=== NBA odds pull · 2026-10-07 11:56 ET ===
  Odds API ok · quota left 4980948
  events: 46 · rows built: 46
  date span: 2026-10-20 .. 2026-12-25 (12 dates)
  line_history: 986 rows from 46 events
  ✓ upserted 46/46 games into nba_game_results
-- nfl_odds_pull.py 
=== NFL odds pull · 2026-10-07 ===
  alias map: 32 team-name variants
  americanfootball_nfl: 29 events
    line_history: 1484 rows from 29 events
    ✓ wrote 29 rows to nfl_game_results

=== Summary: 29 games ===
-- ncaaf_odds_pull.py 
=== NCAAF odds pull · 2026-10-07 ===
  alias map: 2871 name variants
  Odds API events: 66
    line_history: 3450 rows from 66 events

✓ wrote 66 rows to ncaaf_game_results
-- ncaab_odds_pull.py 
=== NCAAB odds pull · 2026-10-07 ===
  alias map: 1542 name variants
  Odds API events: 0
  (offseason or no lines posted)
-- detect_line_movement NHL 
=== detect_line_movement · NHL · lookback 6h ===
  wrote 11 flags

TOTAL flags written: 11
-- detect_line_movement NBA 
=== detect_line_movement · NBA · lookback 6h ===

TOTAL flags written: 0
-- detect_line_movement NFL 
=== detect_line_movement · NFL · lookback 6h ===
  wrote 29 flags

TOTAL flags written: 29
-- detect_line_movement NCAAF 
=== detect_line_movement · NCAAF · lookback 6h ===
  wrote 16 flags

TOTAL flags written: 16
-- detect_line_movement NCAAB 
=== detect_line_movement · NCAAB · lookback 6h ===

TOTAL flags written: 0
-- classify_line_moves ALL 
=== classify_line_moves · MLB/NFL/NCAAF/NCAAB/NHL/UFC  ===
  MLB: 19 flags in last 24h
  MLB: classifications → SHARP_MOVE_CONFIRMED=1, PATTERN_ONLY=4, NEUTRAL=6, CONSENSUS_LEAN=4, SHARP_MOVE_LEAN=2, CONSENSUS_CONFIRMED=2
  NFL: 70 flags in last 24h
  NFL: classifications → PATTERN_ONLY=70
  NCAAF: 183 flags in last 24h
  NCAAF: classifications → PATTERN_ONLY=138, CONSENSUS_LEAN=8, NEUTRAL=18, SHARP_MOVE_LEAN=9, CONSENSUS_CONFIRMED=2, PUBLIC_MOVE_LEAN=5, SHARP_MOVE_CONFIRMED=2, PUBLIC_MOVE_CONFIRMED=1
  NCAAB: 0 flags in last 24h
  NHL: 40 flags in last 24h
  NHL: classifications → PATTERN_ONLY=11, NEUTRAL=13, SHARP_MOVE_LEAN=5, PUBLIC_MOVE_LEAN=3, CONSENSUS_LEAN=8
  UFC: 0 flags in last 24h

  ✓ 312/312 flags classified
======== [Wed 10/07/2026 11:59:22.60] all steps ok ======== 
 
======== [Wed 10/07/2026 12:26:02.13] multisport poller start ======== 
-- nhl_odds_pull.py 
=== NHL odds pull · 2026-10-07 12:26 ET ===
  Odds API ok · quota left 4980906
  events: 14 · rows built: 14
  date span: 2026-10-07 .. 2026-10-10 (3 dates)
  line_history: 492 rows from 14 events
  ✓ upserted 14/14 games into nhl_game_results
-- nba_odds_pull.py 
=== NBA odds pull · 2026-10-07 12:26 ET ===
  Odds API ok · quota left 4980903
  events: 46 · rows built: 46
  date span: 2026-10-20 .. 2026-12-25 (12 dates)
  line_history: 986 rows from 46 events
  ✓ upserted 46/46 games into nba_game_results
-- nfl_odds_pull.py 
=== NFL odds pull · 2026-10-07 ===
  alias map: 32 team-name variants
  americanfootball_nfl: 29 events
    line_history: 1484 rows from 29 events
    ✓ wrote 29 rows to nfl_game_results

=== Summary: 29 games ===
-- ncaaf_odds_pull.py 
=== NCAAF odds pull · 2026-10-07 ===
  alias map: 2871 name variants
  Odds API events: 66
    line_history: 3450 rows from 66 events

✓ wrote 66 rows to ncaaf_game_results
-- ncaab_odds_pull.py 
=== NCAAB odds pull · 2026-10-07 ===
  alias map: 1542 name variants
  Odds API events: 0
  (offseason or no lines posted)
-- detect_line_movement NHL 
=== detect_line_movement · NHL · lookback 6h ===
  wrote 14 flags

TOTAL flags written: 14
-- detect_line_movement NBA 
=== detect_line_movement · NBA · lookback 6h ===

TOTAL flags written: 0
-- detect_line_movement NFL 
=== detect_line_movement · NFL · lookback 6h ===
  wrote 30 flags

TOTAL flags written: 30
-- detect_line_movement NCAAF 
=== detect_line_movement · NCAAF · lookback 6h ===
  wrote 20 flags

TOTAL flags written: 20
-- detect_line_movement NCAAB 
=== detect_line_movement · NCAAB · lookback 6h ===

TOTAL flags written: 0
-- classify_line_moves ALL 
=== classify_line_moves · MLB/NFL/NCAAF/NCAAB/NHL/UFC  ===
  MLB: 19 flags in last 24h
  MLB: classifications → SHARP_MOVE_CONFIRMED=1, PATTERN_ONLY=4, NEUTRAL=6, CONSENSUS_LEAN=4, SHARP_MOVE_LEAN=2, CONSENSUS_CONFIRMED=2
  NFL: 70 flags in last 24h
  NFL: classifications → PATTERN_ONLY=70
  NCAAF: 183 flags in last 24h
  NCAAF: classifications → PATTERN_ONLY=137, CONSENSUS_LEAN=8, NEUTRAL=18, CONSENSUS_CONFIRMED=2, SHARP_MOVE_LEAN=10, PUBLIC_MOVE_LEAN=5, SHARP_MOVE_CONFIRMED=2, PUBLIC_MOVE_CONFIRMED=1
  NCAAB: 0 flags in last 24h
  NHL: 43 flags in last 24h
  NHL: classifications → PATTERN_ONLY=14, NEUTRAL=13, SHARP_MOVE_LEAN=5, PUBLIC_MOVE_LEAN=3, CONSENSUS_LEAN=8
  UFC: 0 flags in last 24h

  ✓ 315/315 flags classified
======== [Wed 10/07/2026 12:29:25.76] all steps ok ======== 
 
======== [Wed 10/07/2026 12:56:02.15] multisport poller start ======== 
-- nhl_odds_pull.py 
=== NHL odds pull · 2026-10-07 12:56 ET ===
  Odds API ok · quota left 4980882
  events: 14 · rows built: 14
  date span: 2026-10-07 .. 2026-10-10 (3 dates)
  line_history: 514 rows from 14 events
  ✓ upserted 14/14 games into nhl_game_results
-- nba_odds_pull.py 
=== NBA odds pull · 2026-10-07 12:56 ET ===
  Odds API ok · quota left 4980879
  events: 46 · rows built: 46
  date span: 2026-10-20 .. 2026-12-25 (12 dates)
  line_history: 986 rows from 46 events
  ✓ upserted 46/46 games into nba_game_results
-- nfl_odds_pull.py 
=== NFL odds pull · 2026-10-07 ===
  alias map: 32 team-name variants
  americanfootball_nfl: 29 events
    line_history: 1484 rows from 29 events
    ✓ wrote 29 rows to nfl_game_results

=== Summary: 29 games ===
-- ncaaf_odds_pull.py 
=== NCAAF odds pull · 2026-10-07 ===
  alias map: 2871 name variants
  Odds API events: 66
    line_history: 3450 rows from 66 events

✓ wrote 66 rows to ncaaf_game_results
-- ncaab_odds_pull.py 
=== NCAAB odds pull · 2026-10-07 ===
  alias map: 1542 name variants
  Odds API events: 0
  (offseason or no lines posted)
-- detect_line_movement NHL 
=== detect_line_movement · NHL · lookback 6h ===
  wrote 13 flags

TOTAL flags written: 13
-- detect_line_movement NBA 
=== detect_line_movement · NBA · lookback 6h ===

TOTAL flags written: 0
-- detect_line_movement NFL 
=== detect_line_movement · NFL · lookback 6h ===
  wrote 27 flags

TOTAL flags written: 27
-- detect_line_movement NCAAF 
=== detect_line_movement · NCAAF · lookback 6h ===
  wrote 25 flags

TOTAL flags written: 25
-- detect_line_movement NCAAB 
=== detect_line_movement · NCAAB · lookback 6h ===

TOTAL flags written: 0
-- classify_line_moves ALL 
=== classify_line_moves · MLB/NFL/NCAAF/NCAAB/NHL/UFC  ===
  MLB: 18 flags in last 24h
  MLB: classifications → SHARP_MOVE_CONFIRMED=1, PATTERN_ONLY=4, NEUTRAL=6, SHARP_MOVE_LEAN=2, CONSENSUS_LEAN=3, CONSENSUS_CONFIRMED=2
  NFL: 70 flags in last 24h
  NFL: classifications → PATTERN_ONLY=70
  NCAAF: 185 flags in last 24h
  NCAAF: classifications → PATTERN_ONLY=139, CONSENSUS_LEAN=8, NEUTRAL=18, CONSENSUS_CONFIRMED=2, SHARP_MOVE_LEAN=10, PUBLIC_MOVE_LEAN=5, SHARP_MOVE_CONFIRMED=2, PUBLIC_MOVE_CONFIRMED=1
  NCAAB: 0 flags in last 24h
  NHL: 43 flags in last 24h
  NHL: classifications → PATTERN_ONLY=14, NEUTRAL=13, SHARP_MOVE_LEAN=5, PUBLIC_MOVE_LEAN=3, CONSENSUS_LEAN=8
  UFC: 0 flags in last 24h

  ✓ 316/316 flags classified
======== [Wed 10/07/2026 12:59:55.61] all steps ok ======== 
 
======== [Wed 10/07/2026 13:26:02.13] multisport poller start ======== 
-- nhl_odds_pull.py 
=== NHL odds pull · 2026-10-07 13:26 ET ===
  Odds API ok · quota left 4980852
  events: 14 · rows built: 14
  date span: 2026-10-07 .. 2026-10-10 (3 dates)
  line_history: 556 rows from 14 events
  ✓ upserted 14/14 games into nhl_game_results
-- nba_odds_pull.py 
=== NBA odds pull · 2026-10-07 13:26 ET ===
  Odds API ok · quota left 4980849
  events: 46 · rows built: 46
  date span: 2026-10-20 .. 2026-12-25 (12 dates)
  line_history: 986 rows from 46 events
  ✓ upserted 46/46 games into nba_game_results
-- nfl_odds_pull.py 
=== NFL odds pull · 2026-10-07 ===
  alias map: 32 team-name variants
  americanfootball_nfl: 29 events
    line_history: 1484 rows from 29 events
    ✓ wrote 29 rows to nfl_game_results

=== Summary: 29 games ===
-- ncaaf_odds_pull.py 
=== NCAAF odds pull · 2026-10-07 ===
  alias map: 2871 name variants
  Odds API events: 66
    line_history: 3448 rows from 66 events

✓ wrote 66 rows to ncaaf_game_results
-- ncaab_odds_pull.py 
=== NCAAB odds pull · 2026-10-07 ===
  alias map: 1542 name variants
  Odds API events: 0
  (offseason or no lines posted)
-- detect_line_movement NHL 
=== detect_line_movement · NHL · lookback 6h ===
  wrote 13 flags

TOTAL flags written: 13
-- detect_line_movement NBA 
=== detect_line_movement · NBA · lookback 6h ===

TOTAL flags written: 0
-- detect_line_movement NFL 
=== detect_line_movement · NFL · lookback 6h ===
  wrote 34 flags

TOTAL flags written: 34
-- detect_line_movement NCAAF 
=== detect_line_movement · NCAAF · lookback 6h ===
  wrote 34 flags

TOTAL flags written: 34
-- detect_line_movement NCAAB 
=== detect_line_movement · NCAAB · lookback 6h ===

TOTAL flags written: 0
-- classify_line_moves ALL 
=== classify_line_moves · MLB/NFL/NCAAF/NCAAB/NHL/UFC  ===
  MLB: 18 flags in last 24h
  MLB: classifications → SHARP_MOVE_CONFIRMED=1, PATTERN_ONLY=4, NEUTRAL=6, SHARP_MOVE_LEAN=2, CONSENSUS_LEAN=3, CONSENSUS_CONFIRMED=2
  NFL: 73 flags in last 24h
  NFL: classifications → PATTERN_ONLY=73
  NCAAF: 186 flags in last 24h
  NCAAF: classifications → PATTERN_ONLY=139, CONSENSUS_LEAN=9, NEUTRAL=18, CONSENSUS_CONFIRMED=2, SHARP_MOVE_LEAN=10, PUBLIC_MOVE_LEAN=5, SHARP_MOVE_CONFIRMED=2, PUBLIC_MOVE_CONFIRMED=1
  NCAAB: 0 flags in last 24h
  NHL: 43 flags in last 24h
  NHL: classifications → PATTERN_ONLY=14, NEUTRAL=13, SHARP_MOVE_LEAN=5, PUBLIC_MOVE_LEAN=3, CONSENSUS_LEAN=8
  UFC: 0 flags in last 24h

  ✓ 320/320 flags classified
======== [Wed 10/07/2026 13:29:33.86] all steps ok ======== 
 
======== [Wed 10/07/2026 13:56:02.13] multisport poller start ======== 
-- nhl_odds_pull.py 
=== NHL odds pull · 2026-10-07 13:56 ET ===
  Odds API ok · quota left 4980816
  events: 14 · rows built: 14
  date span: 2026-10-07 .. 2026-10-10 (3 dates)
  line_history: 568 rows from 14 events
  ✓ upserted 14/14 games into nhl_game_results
-- nba_odds_pull.py 
=== NBA odds pull · 2026-10-07 13:56 ET ===
  Odds API ok · quota left 4980813
  events: 46 · rows built: 46
  date span: 2026-10-20 .. 2026-12-25 (12 dates)
  line_history: 998 rows from 46 events
  ✓ upserted 46/46 games into nba_game_results
-- nfl_odds_pull.py 
=== NFL odds pull · 2026-10-07 ===
  alias map: 32 team-name variants
  americanfootball_nfl: 29 events
    line_history: 1478 rows from 29 events
    ✓ wrote 29 rows to nfl_game_results

=== Summary: 29 games ===
-- ncaaf_odds_pull.py 
=== NCAAF odds pull · 2026-10-07 ===
  alias map: 2871 name variants
  Odds API events: 66
    line_history: 3454 rows from 66 events

✓ wrote 66 rows to ncaaf_game_results
-- ncaab_odds_pull.py 
=== NCAAB odds pull · 2026-10-07 ===
  alias map: 1542 name variants
  Odds API events: 0
  (offseason or no lines posted)
-- detect_line_movement NHL 
=== detect_line_movement · NHL · lookback 6h ===
  wrote 13 flags

TOTAL flags written: 13
-- detect_line_movement NBA 
=== detect_line_movement · NBA · lookback 6h ===

TOTAL flags written: 0
-- detect_line_movement NFL 
=== detect_line_movement · NFL · lookback 6h ===
  wrote 33 flags

TOTAL flags written: 33
-- detect_line_movement NCAAF 
=== detect_line_movement · NCAAF · lookback 6h ===
  wrote 29 flags

TOTAL flags written: 29
-- detect_line_movement NCAAB 
=== detect_line_movement · NCAAB · lookback 6h ===

TOTAL flags written: 0
-- classify_line_moves ALL 
=== classify_line_moves · MLB/NFL/NCAAF/NCAAB/NHL/UFC  ===
  MLB: 18 flags in last 24h
  MLB: classifications → SHARP_MOVE_CONFIRMED=1, PATTERN_ONLY=4, NEUTRAL=6, SHARP_MOVE_LEAN=2, CONSENSUS_LEAN=3, CONSENSUS_CONFIRMED=2
  NFL: 73 flags in last 24h
  NFL: classifications → PATTERN_ONLY=73
  NCAAF: 189 flags in last 24h
  NCAAF: classifications → PATTERN_ONLY=140, CONSENSUS_LEAN=9, NEUTRAL=20, CONSENSUS_CONFIRMED=2, SHARP_MOVE_LEAN=10, PUBLIC_MOVE_LEAN=5, SHARP_MOVE_CONFIRMED=2, PUBLIC_MOVE_CONFIRMED=1
  NCAAB: 0 flags in last 24h
  NHL: 42 flags in last 24h
  NHL: classifications → PATTERN_ONLY=15, NEUTRAL=12, SHARP_MOVE_LEAN=5, CONSENSUS_LEAN=7, PUBLIC_MOVE_LEAN=3
  UFC: 0 flags in last 24h

  ✓ 322/322 flags classified
======== [Wed 10/07/2026 13:59:31.16] all steps ok ======== 
 
======== [Wed 10/07/2026 14:26:02.18] multisport poller start ======== 
-- nhl_odds_pull.py 
=== NHL odds pull · 2026-10-07 14:26 ET ===
  Odds API ok · quota left 4980646
  events: 14 · rows built: 14
  date span: 2026-10-07 .. 2026-10-10 (3 dates)
  line_history: 634 rows from 14 events
  ✓ upserted 14/14 games into nhl_game_results
-- nba_odds_pull.py 
=== NBA odds pull · 2026-10-07 14:26 ET ===
  Odds API ok · quota left 4980643
  events: 46 · rows built: 46
  date span: 2026-10-20 .. 2026-12-25 (12 dates)
  line_history: 998 rows from 46 events
  ✓ upserted 46/46 games into nba_game_results
-- nfl_odds_pull.py 
=== NFL odds pull · 2026-10-07 ===
  alias map: 32 team-name variants
  americanfootball_nfl: 29 events
    line_history: 1478 rows from 29 events
    ✓ wrote 29 rows to nfl_game_results

=== Summary: 29 games ===
-- ncaaf_odds_pull.py 
=== NCAAF odds pull · 2026-10-07 ===
  alias map: 2871 name variants
  Odds API events: 66
    line_history: 3454 rows from 66 events

✓ wrote 66 rows to ncaaf_game_results
-- ncaab_odds_pull.py 
=== NCAAB odds pull · 2026-10-07 ===
  alias map: 1542 name variants
  Odds API events: 0
  (offseason or no lines posted)
-- detect_line_movement NHL 
=== detect_line_movement · NHL · lookback 6h ===
  wrote 16 flags

TOTAL flags written: 16
-- detect_line_movement NBA 
=== detect_line_movement · NBA · lookback 6h ===

TOTAL flags written: 0
-- detect_line_movement NFL 
=== detect_line_movement · NFL · lookback 6h ===
  wrote 34 flags

TOTAL flags written: 34
-- detect_line_movement NCAAF 
=== detect_line_movement · NCAAF · lookback 6h ===
  wrote 40 flags

TOTAL flags written: 40
-- detect_line_movement NCAAB 
=== detect_line_movement · NCAAB · lookback 6h ===

TOTAL flags written: 0
-- classify_line_moves ALL 
=== classify_line_moves · MLB/NFL/NCAAF/NCAAB/NHL/UFC  ===
  MLB: 23 flags in last 24h
  MLB: classifications → PATTERN_ONLY=9, NEUTRAL=7, SHARP_MOVE_CONFIRMED=1, SHARP_MOVE_LEAN=2, CONSENSUS_CONFIRMED=3, CONSENSUS_LEAN=1
  NFL: 73 flags in last 24h
  NFL: classifications → PATTERN_ONLY=73
  NCAAF: 192 flags in last 24h
  NCAAF: classifications → PATTERN_ONLY=118, CONSENSUS_LEAN=18, NEUTRAL=34, CONSENSUS_CONFIRMED=2, SHARP_MOVE_LEAN=11, PUBLIC_MOVE_LEAN=8, SHARP_MOVE_CONFIRMED=1
  NCAAB: 0 flags in last 24h
  NHL: 42 flags in last 24h
  NHL: classifications → PATTERN_ONLY=16, NEUTRAL=12, SHARP_MOVE_LEAN=5, CONSENSUS_LEAN=7, PUBLIC_MOVE_LEAN=2
  UFC: 0 flags in last 24h

  ✓ 330/330 flags classified
======== [Wed 10/07/2026 14:29:46.05] all steps ok ======== 
 
======== [Wed 10/07/2026 14:56:02.32] multisport poller start ======== 
-- nhl_odds_pull.py 
=== NHL odds pull · 2026-10-07 14:56 ET ===
  Odds API ok · quota left 4980610
  events: 14 · rows built: 14
  date span: 2026-10-07 .. 2026-10-10 (3 dates)
  line_history: 634 rows from 14 events
  ✓ upserted 14/14 games into nhl_game_results
-- nba_odds_pull.py 
=== NBA odds pull · 2026-10-07 14:56 ET ===
  Odds API ok · quota left 4980607
  events: 46 · rows built: 46
  date span: 2026-10-20 .. 2026-12-25 (12 dates)
  line_history: 992 rows from 46 events
  ✓ upserted 46/46 games into nba_game_results
-- nfl_odds_pull.py 
=== NFL odds pull · 2026-10-07 ===
  alias map: 32 team-name variants
  americanfootball_nfl: 29 events
    line_history: 1484 rows from 29 events
    ✓ wrote 29 rows to nfl_game_results

=== Summary: 29 games ===
-- ncaaf_odds_pull.py 
=== NCAAF odds pull · 2026-10-07 ===
  alias map: 2871 name variants
  Odds API events: 66
    line_history: 3454 rows from 66 events

✓ wrote 66 rows to ncaaf_game_results
-- ncaab_odds_pull.py 
=== NCAAB odds pull · 2026-10-07 ===
  alias map: 1542 name variants
  Odds API events: 0
  (offseason or no lines posted)
-- detect_line_movement NHL 
=== detect_line_movement · NHL · lookback 6h ===
  wrote 15 flags

TOTAL flags written: 15
-- detect_line_movement NBA 
=== detect_line_movement · NBA · lookback 6h ===

TOTAL flags written: 0
-- detect_line_movement NFL 
=== detect_line_movement · NFL · lookback 6h ===
  wrote 39 flags

TOTAL flags written: 39
-- detect_line_movement NCAAF 
=== detect_line_movement · NCAAF · lookback 6h ===
  wrote 44 flags

TOTAL flags written: 44
-- detect_line_movement NCAAB 
=== detect_line_movement · NCAAB · lookback 6h ===

TOTAL flags written: 0
-- classify_line_moves ALL 
=== classify_line_moves · MLB/NFL/NCAAF/NCAAB/NHL/UFC  ===
  MLB: 23 flags in last 24h
  MLB: classifications → PATTERN_ONLY=9, NEUTRAL=7, SHARP_MOVE_CONFIRMED=1, SHARP_MOVE_LEAN=2, CONSENSUS_CONFIRMED=3, CONSENSUS_LEAN=1
  NFL: 75 flags in last 24h
  NFL: classifications → PATTERN_ONLY=75
  NCAAF: 195 flags in last 24h
  NCAAF: classifications → PATTERN_ONLY=120, CONSENSUS_LEAN=18, NEUTRAL=35, CONSENSUS_CONFIRMED=2, SHARP_MOVE_LEAN=11, PUBLIC_MOVE_LEAN=8, SHARP_MOVE_CONFIRMED=1
  NCAAB: 0 flags in last 24h
  NHL: 42 flags in last 24h
  NHL: classifications → PATTERN_ONLY=16, NEUTRAL=12, SHARP_MOVE_LEAN=5, CONSENSUS_LEAN=7, PUBLIC_MOVE_LEAN=2
  UFC: 0 flags in last 24h

  ✓ 335/335 flags classified
======== [Wed 10/07/2026 14:59:54.95] all steps ok ======== 
 
======== [Wed 10/07/2026 15:26:02.27] multisport poller start ======== 
-- nhl_odds_pull.py 
=== NHL odds pull · 2026-10-07 15:26 ET ===
  Odds API ok · quota left 4980556
  events: 14 · rows built: 14
  date span: 2026-10-07 .. 2026-10-10 (3 dates)
  line_history: 634 rows from 14 events
  ✓ upserted 14/14 games into nhl_game_results
-- nba_odds_pull.py 
=== NBA odds pull · 2026-10-07 15:26 ET ===
  Odds API ok · quota left 4980553
  events: 46 · rows built: 46
  date span: 2026-10-20 .. 2026-12-25 (12 dates)
  line_history: 992 rows from 46 events
  ✓ upserted 46/46 games into nba_game_results
-- nfl_odds_pull.py 
=== NFL odds pull · 2026-10-07 ===
  alias map: 32 team-name variants
  americanfootball_nfl: 29 events
    line_history: 1484 rows from 29 events
    ✓ wrote 29 rows to nfl_game_results

=== Summary: 29 games ===
-- ncaaf_odds_pull.py 
=== NCAAF odds pull · 2026-10-07 ===
  alias map: 2871 name variants
  Odds API events: 66
    line_history: 3454 rows from 66 events

✓ wrote 66 rows to ncaaf_game_results
-- ncaab_odds_pull.py 
=== NCAAB odds pull · 2026-10-07 ===
  alias map: 1542 name variants
  Odds API events: 0
  (offseason or no lines posted)
-- detect_line_movement NHL 
=== detect_line_movement · NHL · lookback 6h ===
  wrote 14 flags

TOTAL flags written: 14
-- detect_line_movement NBA 
=== detect_line_movement · NBA · lookback 6h ===
  wrote 1 flags

TOTAL flags written: 1
-- detect_line_movement NFL 
=== detect_line_movement · NFL · lookback 6h ===
  wrote 36 flags

TOTAL flags written: 36
-- detect_line_movement NCAAF 
=== detect_line_movement · NCAAF · lookback 6h ===
  wrote 43 flags

TOTAL flags written: 43
-- detect_line_movement NCAAB 
=== detect_line_movement · NCAAB · lookback 6h ===

TOTAL flags written: 0
-- classify_line_moves ALL 
=== classify_line_moves · MLB/NFL/NCAAF/NCAAB/NHL/UFC  ===
  MLB: 23 flags in last 24h
  MLB: classifications → PATTERN_ONLY=9, NEUTRAL=7, SHARP_MOVE_CONFIRMED=1, SHARP_MOVE_LEAN=2, CONSENSUS_CONFIRMED=3, CONSENSUS_LEAN=1
  NFL: 75 flags in last 24h
  NFL: classifications → PATTERN_ONLY=75
  NCAAF: 197 flags in last 24h
  NCAAF: classifications → PATTERN_ONLY=122, CONSENSUS_LEAN=18, NEUTRAL=35, CONSENSUS_CONFIRMED=2, SHARP_MOVE_LEAN=11, PUBLIC_MOVE_LEAN=8, SHARP_MOVE_CONFIRMED=1
  NCAAB: 0 flags in last 24h
  NHL: 42 flags in last 24h
  NHL: classifications → PATTERN_ONLY=16, NEUTRAL=12, CONSENSUS_LEAN=7, SHARP_MOVE_LEAN=5, PUBLIC_MOVE_LEAN=2
  UFC: 0 flags in last 24h

  ✓ 337/337 flags classified
======== [Wed 10/07/2026 15:29:55.39] all steps ok ======== 
 
======== [Wed 10/07/2026 15:56:01.62] multisport poller start ======== 
-- nhl_odds_pull.py 
=== NHL odds pull · 2026-10-07 15:56 ET ===
  Odds API ok · quota left 4980458
  events: 14 · rows built: 14
  date span: 2026-10-07 .. 2026-10-10 (3 dates)
  line_history: 694 rows from 14 events
  ✓ upserted 14/14 games into nhl_game_results
-- nba_odds_pull.py 
=== NBA odds pull · 2026-10-07 15:57 ET ===
Traceback (most recent call last):
  File "C:\Users\gomez\AppData\Roaming\Python\Python314\site-packages\urllib3\connection.py", line 204, in _new_conn
    sock = connection.create_connection(
        (self._dns_host, self.port),
    ...<2 lines>...
        socket_options=self.socket_options,
    )
  File "C:\Users\gomez\AppData\Roaming\Python\Python314\site-packages\urllib3\util\connection.py", line 60, in create_connection
    for res in socket.getaddrinfo(host, port, family, socket.SOCK_STREAM):
               ~~~~~~~~~~~~~~~~~~^^^^^^^^^^^^^^^^^^^^^^^^^^^^^^^^^^^^^^^^
  File "C:\Python314\Lib\socket.py", line 983, in getaddrinfo
    for res in _socket.getaddrinfo(host, port, family, type, proto, flags):
               ~~~~~~~~~~~~~~~~~~~^^^^^^^^^^^^^^^^^^^^^^^^^^^^^^^^^^^^^^^^
socket.gaierror: [Errno 11001] getaddrinfo failed

The above exception was the direct cause of the following exception:

Traceback (most recent call last):
  File "C:\Users\gomez\AppData\Roaming\Python\Python314\site-packages\urllib3\connectionpool.py", line 787, in urlopen
    response = self._make_request(
        conn,
    ...<10 lines>...
        **response_kw,
    )
  File "C:\Users\gomez\AppData\Roaming\Python\Python314\site-packages\urllib3\connectionpool.py", line 488, in _make_request
    raise new_e
  File "C:\Users\gomez\AppData\Roaming\Python\Python314\site-packages\urllib3\connectionpool.py", line 464, in _make_request
    self._validate_conn(conn)
    ~~~~~~~~~~~~~~~~~~~^^^^^^
  File "C:\Users\gomez\AppData\Roaming\Python\Python314\site-packages\urllib3\connectionpool.py", line 1093, in _validate_conn
    conn.connect()
    ~~~~~~~~~~~~^^
  File "C:\Users\gomez\AppData\Roaming\Python\Python314\site-packages\urllib3\connection.py", line 759, in connect
    self.sock = sock = self._new_conn()
                       ~~~~~~~~~~~~~~^^
  File "C:\Users\gomez\AppData\Roaming\Python\Python314\site-packages\urllib3\connection.py", line 211, in _new_conn
    raise NameResolutionError(self.host, self, e) from e
urllib3.exceptions.NameResolutionError: HTTPSConnection(host='api.the-odds-api.com', port=443): Failed to resolve 'api.the-odds-api.com' ([Errno 11001] getaddrinfo failed)

The above exception was the direct cause of the following exception:

Traceback (most recent call last):
  File "C:\Users\gomez\AppData\Roaming\Python\Python314\site-packages\requests\adapters.py", line 644, in send
    resp = conn.urlopen(
        method=request.method,
    ...<9 lines>...
        chunked=chunked,
    )
  File "C:\Users\gomez\AppData\Roaming\Python\Python314\site-packages\urllib3\connectionpool.py", line 841, in urlopen
    retries = retries.increment(
        method, url, error=new_e, _pool=self, _stacktrace=sys.exc_info()[2]
    )
  File "C:\Users\gomez\AppData\Roaming\Python\Python314\site-packages\urllib3\util\retry.py", line 535, in increment
    raise MaxRetryError(_pool, url, reason) from reason  # type: ignore[arg-type]
    ^^^^^^^^^^^^^^^^^^^^^^^^^^^^^^^^^^^^^^^^^^^^^^^^^^^
urllib3.exceptions.MaxRetryError: HTTPSConnectionPool(host='api.the-odds-api.com', port=443): Max retries exceeded with url: /v4/sports/basketball_nba/odds?apiKey=7526d2360f9203e651b629baf56fb235&regions=us&markets=h2h%2Cspreads%2Ctotals&oddsFormat=american (Caused by NameResolutionError("HTTPSConnection(host='api.the-odds-api.com', port=443): Failed to resolve 'api.the-odds-api.com' ([Errno 11001] getaddrinfo failed)"))

During handling of the above exception, another exception occurred:

Traceback (most recent call last):
  File "C:\Users\gomez\SweatShop\mlb_pipeline\nba_odds_pull.py", line 43, in <module>
    main()
    ~~~~^^
  File "C:\Users\gomez\SweatShop\mlb_pipeline\nba_odds_pull.py", line 39, in main
    PULLER.run(dry_run=ap.parse_args().dry_run)
    ~~~~~~~~~~^^^^^^^^^^^^^^^^^^^^^^^^^^^^^^^^^
  File "C:\Users\gomez\SweatShop\mlb_pipeline\odds_pull_core.py", line 460, in run
    events = self.fetch()
  File "C:\Users\gomez\SweatShop\mlb_pipeline\odds_pull_core.py", line 309, in fetch
    r = requests.get(
        f'{ODDS_API_BASE}/{self.odds_sport}/odds',
        params={'apiKey': ODDS_KEY, 'regions': 'us',
                'markets': 'h2h,spreads,totals', 'oddsFormat': 'american'},
        timeout=40)
  File "C:\Users\gomez\AppData\Roaming\Python\Python314\site-packages\requests\api.py", line 73, in get
    return request("get", url, params=params, **kwargs)
  File "C:\Users\gomez\AppData\Roaming\Python\Python314\site-packages\requests\api.py", line 59, in request
    return session.request(method=method, url=url, **kwargs)
           ~~~~~~~~~~~~~~~^^^^^^^^^^^^^^^^^^^^^^^^^^^^^^^^^^
  File "C:\Users\gomez\AppData\Roaming\Python\Python314\site-packages\requests\sessions.py", line 589, in request
    resp = self.send(prep, **send_kwargs)
  File "C:\Users\gomez\AppData\Roaming\Python\Python314\site-packages\requests\sessions.py", line 703, in send
    r = adapter.send(request, **kwargs)
  File "C:\Users\gomez\AppData\Roaming\Python\Python314\site-packages\requests\adapters.py", line 677, in send
    raise ConnectionError(e, request=request)
requests.exceptions.ConnectionError: HTTPSConnectionPool(host='api.the-odds-api.com', port=443): Max retries exceeded with url: /v4/sports/basketball_nba/odds?apiKey=7526d2360f9203e651b629baf56fb235&regions=us&markets=h2h%2Cspreads%2Ctotals&oddsFormat=american (Caused by NameResolutionError("HTTPSConnection(host='api.the-odds-api.com', port=443): Failed to resolve 'api.the-odds-api.com' ([Errno 11001] getaddrinfo failed)"))
-- nfl_odds_pull.py 
=== NFL odds pull · 2026-10-07 ===
  alias map: 32 team-name variants
  americanfootball_nfl: 29 events
    line_history: 1484 rows from 29 events
    ✓ wrote 29 rows to nfl_game_results

=== Summary: 29 games ===
-- ncaaf_odds_pull.py 
=== NCAAF odds pull · 2026-10-07 ===
  alias map: 2871 name variants
  Odds API events: 66
    line_history: 3448 rows from 66 events

✓ wrote 66 rows to ncaaf_game_results
-- ncaab_odds_pull.py 
=== NCAAB odds pull · 2026-10-07 ===
  alias map: 1542 name variants
  Odds API events: 0
  (offseason or no lines posted)
-- detect_line_movement NHL 
=== detect_line_movement · NHL · lookback 6h ===
  wrote 18 flags

TOTAL flags written: 18
-- detect_line_movement NBA 
=== detect_line_movement · NBA · lookback 6h ===
  wrote 1 flags

TOTAL flags written: 1
-- detect_line_movement NFL 
=== detect_line_movement · NFL · lookback 6h ===
  wrote 35 flags

TOTAL flags written: 35
-- detect_line_movement NCAAF 
=== detect_line_movement · NCAAF · lookback 6h ===
  wrote 39 flags

TOTAL flags written: 39
-- detect_line_movement NCAAB 
=== detect_line_movement · NCAAB · lookback 6h ===

TOTAL flags written: 0
-- classify_line_moves ALL 
=== classify_line_moves · MLB/NFL/NCAAF/NCAAB/NHL/UFC  ===
  MLB: 23 flags in last 24h
  MLB: classifications → PATTERN_ONLY=9, NEUTRAL=7, SHARP_MOVE_CONFIRMED=1, SHARP_MOVE_LEAN=2, CONSENSUS_CONFIRMED=3, CONSENSUS_LEAN=1
  NFL: 75 flags in last 24h
  NFL: classifications → PATTERN_ONLY=75
  NCAAF: 176 flags in last 24h
  NCAAF: classifications → PATTERN_ONLY=106, CONSENSUS_LEAN=16, NEUTRAL=32, CONSENSUS_CONFIRMED=2, SHARP_MOVE_LEAN=12, PUBLIC_MOVE_LEAN=7, SHARP_MOVE_CONFIRMED=1
  NCAAB: 0 flags in last 24h
  NHL: 45 flags in last 24h
  NHL: classifications → PATTERN_ONLY=19, NEUTRAL=12, CONSENSUS_LEAN=7, SHARP_MOVE_LEAN=5, PUBLIC_MOVE_LEAN=2
  UFC: 0 flags in last 24h

  ✓ 319/319 flags classified
======== [Wed 10/07/2026 16:01:49.48] FAILED STEPS: nba_odds_pull.py ======== 
 
======== [Wed 10/07/2026 16:49:47.64] multisport poller start ======== 
-- nhl_odds_pull.py 
=== NHL odds pull · 2026-10-07 16:49 ET ===
  Odds API ok · quota left 4980434
  events: 14 · rows built: 14
  date span: 2026-10-07 .. 2026-10-10 (3 dates)
  line_history: 694 rows from 14 events
  ✓ upserted 14/14 games into nhl_game_results
  prune: removed 4 composite-id row(s) superseded by a canonical id
-- nba_odds_pull.py 
=== NBA odds pull · 2026-10-07 16:50 ET ===
  Odds API ok · quota left 4980425
  events: 46 · rows built: 46
  date span: 2026-10-20 .. 2026-12-25 (12 dates)
  line_history: 992 rows from 46 events
  ✓ upserted 46/46 games into nba_game_results
-- nfl_odds_pull.py 
=== NFL odds pull · 2026-10-07 ===
  alias map: 32 team-name variants
  americanfootball_nfl: 29 events
    line_history: 1484 rows from 29 events
    ✓ wrote 29 rows to nfl_game_results

=== Summary: 29 games ===
-- ncaaf_odds_pull.py 
=== NCAAF odds pull · 2026-10-07 ===
  alias map: 2871 name variants
  Odds API events: 66
    line_history: 3448 rows from 66 events

✓ wrote 66 rows to ncaaf_game_results
-- ncaab_odds_pull.py 
=== NCAAB odds pull · 2026-10-07 ===
  alias map: 1542 name variants
  Odds API events: 0
  (offseason or no lines posted)
-- detect_line_movement NHL 
=== detect_line_movement · NHL · lookback 6h ===
  wrote 22 flags

TOTAL flags written: 22
-- detect_line_movement NBA 
=== detect_line_movement · NBA · lookback 6h ===
  wrote 1 flags

TOTAL flags written: 1
-- detect_line_movement NFL 
=== detect_line_movement · NFL · lookback 6h ===
  wrote 33 flags

TOTAL flags written: 33
-- detect_line_movement NCAAF 
=== detect_line_movement · NCAAF · lookback 6h ===
  wrote 43 flags

TOTAL flags written: 43
-- detect_line_movement NCAAB 
=== detect_line_movement · NCAAB · lookback 6h ===

TOTAL flags written: 0
-- classify_line_moves ALL 
=== classify_line_moves · MLB/NFL/NCAAF/NCAAB/NHL/UFC  ===
  MLB: 23 flags in last 24h
  MLB: classifications → PATTERN_ONLY=9, NEUTRAL=7, SHARP_MOVE_CONFIRMED=1, SHARP_MOVE_LEAN=2, CONSENSUS_CONFIRMED=3, CONSENSUS_LEAN=1
  NFL: 74 flags in last 24h
  NFL: classifications → PATTERN_ONLY=74
  NCAAF: 153 flags in last 24h
  NCAAF: classifications → PATTERN_ONLY=101, CONSENSUS_LEAN=8, NEUTRAL=24, CONSENSUS_CONFIRMED=2, SHARP_MOVE_LEAN=10, PUBLIC_MOVE_LEAN=6, SHARP_MOVE_CONFIRMED=2
  NCAAB: 0 flags in last 24h
  NHL: 42 flags in last 24h
  NHL: classifications → PATTERN_ONLY=20, CONSENSUS_LEAN=7, NEUTRAL=9, SHARP_MOVE_LEAN=4, PUBLIC_MOVE_LEAN=2
  UFC: 0 flags in last 24h

  ✓ 292/292 flags classified
======== [Wed 10/07/2026 16:55:01.01] all steps ok ======== 
 
======== [Wed 10/07/2026 16:56:02.20] multisport poller start ======== 
-- nhl_odds_pull.py 
=== NHL odds pull · 2026-10-07 16:56 ET ===
  Odds API ok · quota left 4980416
  events: 14 · rows built: 14
  date span: 2026-10-07 .. 2026-10-10 (3 dates)
  line_history: 694 rows from 14 events
  ✓ upserted 14/14 games into nhl_game_results
-- nba_odds_pull.py 
=== NBA odds pull · 2026-10-07 16:56 ET ===
  Odds API ok · quota left 4980413
  events: 46 · rows built: 46
  date span: 2026-10-20 .. 2026-12-25 (12 dates)
  line_history: 992 rows from 46 events
  ✓ upserted 46/46 games into nba_game_results
-- nfl_odds_pull.py 
=== NFL odds pull · 2026-10-07 ===
  alias map: 32 team-name variants
  americanfootball_nfl: 29 events
    line_history: 1484 rows from 29 events
    ✓ wrote 29 rows to nfl_game_results

=== Summary: 29 games ===
-- ncaaf_odds_pull.py 
=== NCAAF odds pull · 2026-10-07 ===
  alias map: 2871 name variants
  Odds API events: 66
    line_history: 3448 rows from 66 events

✓ wrote 66 rows to ncaaf_game_results
-- ncaab_odds_pull.py 
=== NCAAB odds pull · 2026-10-07 ===
  alias map: 1542 name variants
  Odds API events: 0
  (offseason or no lines posted)
-- detect_line_movement NHL 
=== detect_line_movement · NHL · lookback 6h ===
  wrote 21 flags

TOTAL flags written: 21
-- detect_line_movement NBA 
=== detect_line_movement · NBA · lookback 6h ===
  wrote 1 flags

TOTAL flags written: 1
-- detect_line_movement NFL 
=== detect_line_movement · NFL · lookback 6h ===
  wrote 31 flags

TOTAL flags written: 31
-- detect_line_movement NCAAF 
=== detect_line_movement · NCAAF · lookback 6h ===
  wrote 45 flags

TOTAL flags written: 45
-- detect_line_movement NCAAB 
=== detect_line_movement · NCAAB · lookback 6h ===

TOTAL flags written: 0
-- classify_line_moves ALL 
=== classify_line_moves · MLB/NFL/NCAAF/NCAAB/NHL/UFC  ===
  MLB: 23 flags in last 24h
  MLB: classifications → PATTERN_ONLY=9, NEUTRAL=7, SHARP_MOVE_CONFIRMED=1, SHARP_MOVE_LEAN=2, CONSENSUS_CONFIRMED=3, CONSENSUS_LEAN=1
  NFL: 71 flags in last 24h
  NFL: classifications → PATTERN_ONLY=71
  NCAAF: 151 flags in last 24h
  NCAAF: classifications → PATTERN_ONLY=102, NEUTRAL=22, CONSENSUS_LEAN=8, CONSENSUS_CONFIRMED=2, SHARP_MOVE_LEAN=9, PUBLIC_MOVE_LEAN=5, SHARP_MOVE_CONFIRMED=2, PUBLIC_MOVE_CONFIRMED=1
  NCAAB: 0 flags in last 24h
  NHL: 42 flags in last 24h
  NHL: classifications → PATTERN_ONLY=20, NEUTRAL=9, SHARP_MOVE_LEAN=4, CONSENSUS_LEAN=7, PUBLIC_MOVE_LEAN=2
  UFC: 0 flags in last 24h

  ✓ 287/287 flags classified
======== [Wed 10/07/2026 16:59:31.16] all steps ok ======== 
 
======== [Wed 10/07/2026 17:26:02.15] multisport poller start ======== 
-- nhl_odds_pull.py 
=== NHL odds pull · 2026-10-07 17:26 ET ===
  Odds API ok · quota left 4980380
  events: 14 · rows built: 14
  date span: 2026-10-07 .. 2026-10-10 (3 dates)
  line_history: 694 rows from 14 events
  ✓ upserted 14/14 games into nhl_game_results
-- nba_odds_pull.py 
=== NBA odds pull · 2026-10-07 17:26 ET ===
  Odds API ok · quota left 4980377
  events: 46 · rows built: 46
  date span: 2026-10-20 .. 2026-12-25 (12 dates)
  line_history: 992 rows from 46 events
  ✓ upserted 46/46 games into nba_game_results
-- nfl_odds_pull.py 
=== NFL odds pull · 2026-10-07 ===
  alias map: 32 team-name variants
  americanfootball_nfl: 29 events
    line_history: 1484 rows from 29 events
    ✓ wrote 29 rows to nfl_game_results

=== Summary: 29 games ===
-- ncaaf_odds_pull.py 
=== NCAAF odds pull · 2026-10-07 ===
  alias map: 2871 name variants
  Odds API events: 66
    line_history: 3448 rows from 66 events

✓ wrote 66 rows to ncaaf_game_results
-- ncaab_odds_pull.py 
=== NCAAB odds pull · 2026-10-07 ===
  alias map: 1542 name variants
  Odds API events: 0
  (offseason or no lines posted)
-- detect_line_movement NHL 
=== detect_line_movement · NHL · lookback 6h ===
  wrote 16 flags

TOTAL flags written: 16
-- detect_line_movement NBA 
=== detect_line_movement · NBA · lookback 6h ===
  wrote 4 flags

TOTAL flags written: 4
-- detect_line_movement NFL 
=== detect_line_movement · NFL · lookback 6h ===
  wrote 34 flags

TOTAL flags written: 34
-- detect_line_movement NCAAF 
=== detect_line_movement · NCAAF · lookback 6h ===
  wrote 44 flags

TOTAL flags written: 44
-- detect_line_movement NCAAB 
=== detect_line_movement · NCAAB · lookback 6h ===

TOTAL flags written: 0
-- classify_line_moves ALL 
=== classify_line_moves · MLB/NFL/NCAAF/NCAAB/NHL/UFC  ===
  MLB: 23 flags in last 24h
  MLB: classifications → PATTERN_ONLY=9, NEUTRAL=7, SHARP_MOVE_CONFIRMED=1, SHARP_MOVE_LEAN=2, CONSENSUS_CONFIRMED=3, CONSENSUS_LEAN=1
  NFL: 80 flags in last 24h
  NFL: classifications → PATTERN_ONLY=80
  NCAAF: 151 flags in last 24h
  NCAAF: classifications → PATTERN_ONLY=105, NEUTRAL=19, CONSENSUS_LEAN=8, CONSENSUS_CONFIRMED=2, SHARP_MOVE_LEAN=9, SHARP_MOVE_CONFIRMED=2, PUBLIC_MOVE_LEAN=5, PUBLIC_MOVE_CONFIRMED=1
  NCAAB: 0 flags in last 24h
  NHL: 42 flags in last 24h
  NHL: classifications → PATTERN_ONLY=20, CONSENSUS_LEAN=7, SHARP_MOVE_LEAN=4, NEUTRAL=9, PUBLIC_MOVE_LEAN=2
  UFC: 0 flags in last 24h

  ✓ 296/296 flags classified
======== [Wed 10/07/2026 17:30:24.81] all steps ok ======== 
 
======== [Wed 10/07/2026 18:09:37.96] multisport poller start ======== 
-- nhl_odds_pull.py 
=== NHL odds pull · 2026-10-07 18:09 ET ===
  Odds API ok · quota left 4980271
  events: 14 · rows built: 14
  date span: 2026-10-07 .. 2026-10-10 (3 dates)
  line_history: 694 rows from 14 events
  ✓ upserted 14/14 games into nhl_game_results
-- nba_odds_pull.py 
=== NBA odds pull · 2026-10-07 18:10 ET ===
  Odds API ok · quota left 4980262
  events: 46 · rows built: 46
  date span: 2026-10-20 .. 2026-12-25 (12 dates)
  line_history: 992 rows from 46 events
  ✓ upserted 46/46 games into nba_game_results
-- nfl_odds_pull.py 
=== NFL odds pull · 2026-10-07 ===
  alias map: 32 team-name variants
  americanfootball_nfl: 29 events
    line_history: 1484 rows from 29 events
    ✓ wrote 29 rows to nfl_game_results

=== Summary: 29 games ===
-- ncaaf_odds_pull.py 
=== NCAAF odds pull · 2026-10-07 ===
  alias map: 2871 name variants
  Odds API events: 66
    line_history: 3448 rows from 66 events

✓ wrote 66 rows to ncaaf_game_results
-- ncaab_odds_pull.py 
=== NCAAB odds pull · 2026-10-07 ===
  alias map: 1542 name variants
  Odds API events: 0
  (offseason or no lines posted)
-- detect_line_movement NHL 
=== detect_line_movement · NHL · lookback 6h ===
  wrote 16 flags

TOTAL flags written: 16
-- detect_line_movement NBA 
=== detect_line_movement · NBA · lookback 6h ===
  wrote 4 flags

TOTAL flags written: 4
-- detect_line_movement NFL 
=== detect_line_movement · NFL · lookback 6h ===
  wrote 39 flags

TOTAL flags written: 39
-- detect_line_movement NCAAF 
=== detect_line_movement · NCAAF · lookback 6h ===
  wrote 41 flags

TOTAL flags written: 41
-- detect_line_movement NCAAB 
=== detect_line_movement · NCAAB · lookback 6h ===

TOTAL flags written: 0
-- classify_line_moves ALL 
=== classify_line_moves · MLB/NFL/NCAAF/NCAAB/NHL/UFC  ===
  MLB: 21 flags in last 24h
  MLB: classifications → PATTERN_ONLY=8, NEUTRAL=6, SHARP_MOVE_CONFIRMED=1, SHARP_MOVE_LEAN=2, CONSENSUS_CONFIRMED=3, CONSENSUS_LEAN=1
  NFL: 80 flags in last 24h
  NFL: classifications → PATTERN_ONLY=80
  NCAAF: 152 flags in last 24h
  NCAAF: classifications → PATTERN_ONLY=106, CONSENSUS_LEAN=9, NEUTRAL=18, CONSENSUS_CONFIRMED=3, SHARP_MOVE_LEAN=8, SHARP_MOVE_CONFIRMED=2, PUBLIC_MOVE_LEAN=5, PUBLIC_MOVE_CONFIRMED=1
  NCAAB: 0 flags in last 24h
  NHL: 43 flags in last 24h
  NHL: classifications → PATTERN_ONLY=21, CONSENSUS_LEAN=7, SHARP_MOVE_LEAN=4, NEUTRAL=9, PUBLIC_MOVE_LEAN=2
  UFC: 0 flags in last 24h

  ✓ 296/296 flags classified
======== [Wed 10/07/2026 18:14:45.00] all steps ok ======== 
 
======== [Wed 10/07/2026 18:26:01.43] multisport poller start ======== 
-- nhl_odds_pull.py 
=== NHL odds pull · 2026-10-07 18:26 ET ===
  Odds API ok · quota left 4980247
  events: 14 · rows built: 14
  date span: 2026-10-07 .. 2026-10-10 (3 dates)
  line_history: 694 rows from 14 events
  ✓ upserted 14/14 games into nhl_game_results
-- nba_odds_pull.py 
=== NBA odds pull · 2026-10-07 18:26 ET ===
  Odds API ok · quota left 4980244
  events: 46 · rows built: 46
  date span: 2026-10-20 .. 2026-12-25 (12 dates)
  line_history: 992 rows from 46 events
  ✓ upserted 46/46 games into nba_game_results
-- nfl_odds_pull.py 
=== NFL odds pull · 2026-10-07 ===
  alias map: 32 team-name variants
  americanfootball_nfl: 29 events
    line_history: 1484 rows from 29 events
    ✓ wrote 29 rows to nfl_game_results

=== Summary: 29 games ===
-- ncaaf_odds_pull.py 
=== NCAAF odds pull · 2026-10-07 ===
  alias map: 2871 name variants
  Odds API events: 66
    line_history: 3448 rows from 66 events

✓ wrote 66 rows to ncaaf_game_results
-- ncaab_odds_pull.py 
=== NCAAB odds pull · 2026-10-07 ===
  alias map: 1542 name variants
  Odds API events: 0
  (offseason or no lines posted)
-- detect_line_movement NHL 
=== detect_line_movement · NHL · lookback 6h ===
  wrote 16 flags

TOTAL flags written: 16
-- detect_line_movement NBA 
=== detect_line_movement · NBA · lookback 6h ===
  wrote 4 flags

TOTAL flags written: 4
-- detect_line_movement NFL 
=== detect_line_movement · NFL · lookback 6h ===
  wrote 40 flags

TOTAL flags written: 40
-- detect_line_movement NCAAF 
=== detect_line_movement · NCAAF · lookback 6h ===
  wrote 30 flags

TOTAL flags written: 30
-- detect_line_movement NCAAB 
=== detect_line_movement · NCAAB · lookback 6h ===

TOTAL flags written: 0
-- classify_line_moves ALL 
=== classify_line_moves · MLB/NFL/NCAAF/NCAAB/NHL/UFC  ===
  MLB: 21 flags in last 24h
  MLB: classifications → PATTERN_ONLY=8, NEUTRAL=6, SHARP_MOVE_CONFIRMED=1, SHARP_MOVE_LEAN=2, CONSENSUS_CONFIRMED=3, CONSENSUS_LEAN=1
  NFL: 80 flags in last 24h
  NFL: classifications → PATTERN_ONLY=80
  NCAAF: 153 flags in last 24h
  NCAAF: classifications → PATTERN_ONLY=106, CONSENSUS_LEAN=9, NEUTRAL=18, CONSENSUS_CONFIRMED=3, SHARP_MOVE_CONFIRMED=2, SHARP_MOVE_LEAN=9, PUBLIC_MOVE_LEAN=5, PUBLIC_MOVE_CONFIRMED=1
  NCAAB: 0 flags in last 24h
  NHL: 42 flags in last 24h
  NHL: classifications → PATTERN_ONLY=21, CONSENSUS_LEAN=6, SHARP_MOVE_LEAN=4, NEUTRAL=9, PUBLIC_MOVE_LEAN=2
  UFC: 0 flags in last 24h

  ✓ 296/296 flags classified
======== [Wed 10/07/2026 18:29:31.31] all steps ok ======== 
 
======== [Wed 10/07/2026 18:56:01.48] multisport poller start ======== 
-- nhl_odds_pull.py 
=== NHL odds pull · 2026-10-07 18:56 ET ===
  Odds API ok · quota left 4980217
  events: 14 · rows built: 14
  date span: 2026-10-07 .. 2026-10-10 (3 dates)
  line_history: 694 rows from 14 events
  ✓ upserted 14/14 games into nhl_game_results
-- nba_odds_pull.py 
=== NBA odds pull · 2026-10-07 18:56 ET ===
  Odds API ok · quota left 4980214
  events: 46 · rows built: 46
  date span: 2026-10-20 .. 2026-12-25 (12 dates)
  line_history: 992 rows from 46 events
  ✓ upserted 46/46 games into nba_game_results
-- nfl_odds_pull.py 
=== NFL odds pull · 2026-10-07 ===
  alias map: 32 team-name variants
  americanfootball_nfl: 29 events
    line_history: 1484 rows from 29 events
    ✓ wrote 29 rows to nfl_game_results

=== Summary: 29 games ===
-- ncaaf_odds_pull.py 
=== NCAAF odds pull · 2026-10-07 ===
  alias map: 2871 name variants
  Odds API events: 71
    line_history: 3520 rows from 71 events

✓ wrote 71 rows to ncaaf_game_results
-- ncaab_odds_pull.py 
=== NCAAB odds pull · 2026-10-07 ===
  alias map: 1542 name variants
  Odds API events: 0
  (offseason or no lines posted)
-- detect_line_movement NHL 
=== detect_line_movement · NHL · lookback 6h ===
  wrote 14 flags

TOTAL flags written: 14
-- detect_line_movement NBA 
=== detect_line_movement · NBA · lookback 6h ===
  wrote 8 flags

TOTAL flags written: 8
-- detect_line_movement NFL 
=== detect_line_movement · NFL · lookback 6h ===
  wrote 35 flags

TOTAL flags written: 35
-- detect_line_movement NCAAF 
=== detect_line_movement · NCAAF · lookback 6h ===
  wrote 33 flags

TOTAL flags written: 33
-- detect_line_movement NCAAB 
=== detect_line_movement · NCAAB · lookback 6h ===

TOTAL flags written: 0
-- classify_line_moves ALL 
=== classify_line_moves · MLB/NFL/NCAAF/NCAAB/NHL/UFC  ===
  MLB: 18 flags in last 24h
  MLB: classifications → PATTERN_ONLY=8, NEUTRAL=5, SHARP_MOVE_CONFIRMED=1, SHARP_MOVE_LEAN=1, CONSENSUS_CONFIRMED=2, CONSENSUS_LEAN=1
  NFL: 82 flags in last 24h
  NFL: classifications → PATTERN_ONLY=82
  NCAAF: 154 flags in last 24h
  NCAAF: classifications → PATTERN_ONLY=106, CONSENSUS_LEAN=10, NEUTRAL=18, CONSENSUS_CONFIRMED=3, SHARP_MOVE_CONFIRMED=2, SHARP_MOVE_LEAN=9, PUBLIC_MOVE_LEAN=5, PUBLIC_MOVE_CONFIRMED=1
  NCAAB: 0 flags in last 24h
  NHL: 35 flags in last 24h
  NHL: classifications → PATTERN_ONLY=21, CONSENSUS_LEAN=5, NEUTRAL=8, SHARP_MOVE_LEAN=1
  UFC: 0 flags in last 24h

  ✓ 289/289 flags classified
======== [Wed 10/07/2026 18:59:27.23] all steps ok ======== 
 
======== [Wed 10/07/2026 19:38:31.58] multisport poller start ======== 
-- nhl_odds_pull.py 
=== NHL odds pull · 2026-10-07 19:38 ET ===
  Odds API ok · quota left 4980193
  events: 14 · rows built: 14
  date span: 2026-10-07 .. 2026-10-10 (3 dates)
  line_history: 728 rows from 14 events
  ✓ upserted 14/14 games into nhl_game_results
-- nba_odds_pull.py 
=== NBA odds pull · 2026-10-07 19:39 ET ===
  Odds API ok · quota left 4980190
  events: 46 · rows built: 46
  date span: 2026-10-20 .. 2026-12-25 (12 dates)
  line_history: 992 rows from 46 events
  ✓ upserted 46/46 games into nba_game_results
-- nfl_odds_pull.py 
=== NFL odds pull · 2026-10-07 ===
  alias map: 32 team-name variants
  americanfootball_nfl: 29 events
    line_history: 1486 rows from 29 events
    ✓ wrote 29 rows to nfl_game_results

=== Summary: 29 games ===
-- ncaaf_odds_pull.py 
=== NCAAF odds pull · 2026-10-07 ===
  alias map: 2871 name variants
  Odds API events: 72
    line_history: 3472 rows from 71 events

✓ wrote 71 rows to ncaaf_game_results
-- ncaab_odds_pull.py 
=== NCAAB odds pull · 2026-10-07 ===
  alias map: 1542 name variants
  Odds API events: 0
  (offseason or no lines posted)
-- detect_line_movement NHL 
=== detect_line_movement · NHL · lookback 6h ===
  wrote 19 flags

TOTAL flags written: 19
-- detect_line_movement NBA 
=== detect_line_movement · NBA · lookback 6h ===
  wrote 5 flags

TOTAL flags written: 5
-- detect_line_movement NFL 
=== detect_line_movement · NFL · lookback 6h ===
  wrote 35 flags

TOTAL flags written: 35
-- detect_line_movement NCAAF 
=== detect_line_movement · NCAAF · lookback 6h ===
  wrote 35 flags

TOTAL flags written: 35
-- detect_line_movement NCAAB 
=== detect_line_movement · NCAAB · lookback 6h ===

TOTAL flags written: 0
-- classify_line_moves ALL 
=== classify_line_moves · MLB/NFL/NCAAF/NCAAB/NHL/UFC  ===
  MLB: 18 flags in last 24h
  MLB: classifications → PATTERN_ONLY=10, NEUTRAL=6, CONSENSUS_CONFIRMED=2
  NFL: 82 flags in last 24h
  NFL: classifications → PATTERN_ONLY=82
  NCAAF: 153 flags in last 24h
  NCAAF: classifications → PATTERN_ONLY=103, CONSENSUS_LEAN=9, NEUTRAL=19, CONSENSUS_CONFIRMED=3, SHARP_MOVE_CONFIRMED=2, SHARP_MOVE_LEAN=9, PUBLIC_MOVE_LEAN=7, PUBLIC_MOVE_CONFIRMED=1
  NCAAB: 0 flags in last 24h
  NHL: 38 flags in last 24h
  NHL: classifications → PATTERN_ONLY=26, CONSENSUS_LEAN=4, NEUTRAL=7, SHARP_MOVE_LEAN=1
  UFC: 0 flags in last 24h

  ✓ 291/291 flags classified
======== [Wed 10/07/2026 19:44:00.57] all steps ok ======== 
 
======== [Wed 10/07/2026 19:56:02.11] multisport poller start ======== 
-- nhl_odds_pull.py 
=== NHL odds pull · 2026-10-07 19:56 ET ===
  Odds API ok · quota left 4980175
  skipped 2 in-progress game(s) — live prices must not overwrite the close
  events: 14 · rows built: 12
  date span: 2026-10-07 .. 2026-10-10 (3 dates)
  line_history: 612 rows from 12 events
  ✓ upserted 12/12 games into nhl_game_results
  prune: removed 1 composite-id row(s) superseded by a canonical id
-- nba_odds_pull.py 
=== NBA odds pull · 2026-10-07 19:56 ET ===
  Odds API ok · quota left 4980172
  events: 46 · rows built: 46
  date span: 2026-10-20 .. 2026-12-25 (12 dates)
  line_history: 992 rows from 46 events
  ✓ upserted 46/46 games into nba_game_results
-- nfl_odds_pull.py 
=== NFL odds pull · 2026-10-07 ===
  alias map: 32 team-name variants
  americanfootball_nfl: 29 events
    line_history: 1480 rows from 29 events
    ✓ wrote 29 rows to nfl_game_results

=== Summary: 29 games ===
-- ncaaf_odds_pull.py 
=== NCAAF odds pull · 2026-10-07 ===
  alias map: 2871 name variants
  Odds API events: 72
    line_history: 3472 rows from 71 events

✓ wrote 71 rows to ncaaf_game_results
-- ncaab_odds_pull.py 
=== NCAAB odds pull · 2026-10-07 ===
  alias map: 1542 name variants
  Odds API events: 0
  (offseason or no lines posted)
-- detect_line_movement NHL 
=== detect_line_movement · NHL · lookback 6h ===
  wrote 22 flags

TOTAL flags written: 22
-- detect_line_movement NBA 
=== detect_line_movement · NBA · lookback 6h ===
  wrote 5 flags

TOTAL flags written: 5
-- detect_line_movement NFL 
=== detect_line_movement · NFL · lookback 6h ===
  wrote 32 flags

TOTAL flags written: 32
-- detect_line_movement NCAAF 
=== detect_line_movement · NCAAF · lookback 6h ===
  wrote 47 flags

TOTAL flags written: 47
-- detect_line_movement NCAAB 
=== detect_line_movement · NCAAB · lookback 6h ===

TOTAL flags written: 0
-- classify_line_moves ALL 
=== classify_line_moves · MLB/NFL/NCAAF/NCAAB/NHL/UFC  ===
  MLB: 18 flags in last 24h
  MLB: classifications → PATTERN_ONLY=9, NEUTRAL=7, CONSENSUS_CONFIRMED=2
  NFL: 82 flags in last 24h
  NFL: classifications → PATTERN_ONLY=82
  NCAAF: 147 flags in last 24h
  NCAAF: classifications → PUBLIC_MOVE_LEAN=8, PATTERN_ONLY=99, NEUTRAL=18, CONSENSUS_CONFIRMED=3, CONSENSUS_LEAN=8, SHARP_MOVE_CONFIRMED=2, SHARP_MOVE_LEAN=8, PUBLIC_MOVE_CONFIRMED=1
  NCAAB: 0 flags in last 24h
  NHL: 37 flags in last 24h
  NHL: classifications → PATTERN_ONLY=27, CONSENSUS_LEAN=3, NEUTRAL=6, SHARP_MOVE_LEAN=1
  UFC: 0 flags in last 24h

  ✓ 284/284 flags classified
======== [Wed 10/07/2026 19:59:32.83] all steps ok ======== 
 
======== [Wed 10/07/2026 20:26:02.10] multisport poller start ======== 
-- nhl_odds_pull.py 
=== NHL odds pull · 2026-10-07 20:26 ET ===
  Odds API ok · quota left 4980151
  skipped 2 in-progress game(s) — live prices must not overwrite the close
  events: 14 · rows built: 12
  date span: 2026-10-07 .. 2026-10-10 (3 dates)
  line_history: 576 rows from 12 events
  ✓ upserted 12/12 games into nhl_game_results
-- nba_odds_pull.py 
=== NBA odds pull · 2026-10-07 20:26 ET ===
  Odds API ok · quota left 4980148
  events: 46 · rows built: 46
  date span: 2026-10-20 .. 2026-12-25 (12 dates)
  line_history: 992 rows from 46 events
  ✓ upserted 46/46 games into nba_game_results
-- nfl_odds_pull.py 
=== NFL odds pull · 2026-10-07 ===
  alias map: 32 team-name variants
  americanfootball_nfl: 29 events
    line_history: 1478 rows from 29 events
    ✓ wrote 29 rows to nfl_game_results

=== Summary: 29 games ===
-- ncaaf_odds_pull.py 
=== NCAAF odds pull · 2026-10-07 ===
  alias map: 2871 name variants
  Odds API events: 72
    line_history: 3394 rows from 70 events

✓ wrote 70 rows to ncaaf_game_results
-- ncaab_odds_pull.py 
=== NCAAB odds pull · 2026-10-07 ===
  alias map: 1542 name variants
  Odds API events: 0
  (offseason or no lines posted)
-- detect_line_movement NHL 
=== detect_line_movement · NHL · lookback 6h ===
  wrote 25 flags

TOTAL flags written: 25
-- detect_line_movement NBA 
=== detect_line_movement · NBA · lookback 6h ===
  wrote 5 flags

TOTAL flags written: 5
-- detect_line_movement NFL 
=== detect_line_movement · NFL · lookback 6h ===
  wrote 31 flags

TOTAL flags written: 31
-- detect_line_movement NCAAF 
=== detect_line_movement · NCAAF · lookback 6h ===
  wrote 53 flags

TOTAL flags written: 53
-- detect_line_movement NCAAB 
=== detect_line_movement · NCAAB · lookback 6h ===

TOTAL flags written: 0
-- classify_line_moves ALL 
=== classify_line_moves · MLB/NFL/NCAAF/NCAAB/NHL/UFC  ===
  MLB: 18 flags in last 24h
  MLB: classifications → PATTERN_ONLY=9, NEUTRAL=7, CONSENSUS_CONFIRMED=2
  NFL: 84 flags in last 24h
  NFL: classifications → PATTERN_ONLY=84
  NCAAF: 147 flags in last 24h
  NCAAF: classifications → PUBLIC_MOVE_LEAN=8, PATTERN_ONLY=99, NEUTRAL=18, CONSENSUS_CONFIRMED=3, CONSENSUS_LEAN=8, SHARP_MOVE_CONFIRMED=2, SHARP_MOVE_LEAN=8, PUBLIC_MOVE_CONFIRMED=1
  NCAAB: 0 flags in last 24h
  NHL: 40 flags in last 24h
  NHL: classifications → PATTERN_ONLY=30, CONSENSUS_LEAN=3, NEUTRAL=6, SHARP_MOVE_LEAN=1
  UFC: 0 flags in last 24h

  ✓ 289/289 flags classified
======== [Wed 10/07/2026 20:30:26.82] all steps ok ======== 
 
======== [Wed 10/07/2026 20:56:02.09] multisport poller start ======== 
-- nhl_odds_pull.py 
=== NHL odds pull · 2026-10-07 20:56 ET ===
  Odds API ok · quota left 4980127
  skipped 2 in-progress game(s) — live prices must not overwrite the close
  events: 14 · rows built: 12
  date span: 2026-10-07 .. 2026-10-10 (3 dates)
  line_history: 576 rows from 12 events
  ✓ upserted 12/12 games into nhl_game_results
-- nba_odds_pull.py 
=== NBA odds pull · 2026-10-07 20:56 ET ===
  Odds API ok · quota left 4980124
  events: 46 · rows built: 46
  date span: 2026-10-20 .. 2026-12-25 (12 dates)
  line_history: 992 rows from 46 events
  ✓ upserted 46/46 games into nba_game_results
-- nfl_odds_pull.py 
=== NFL odds pull · 2026-10-07 ===
  alias map: 32 team-name variants
  americanfootball_nfl: 29 events
    line_history: 1484 rows from 29 events
    ✓ wrote 29 rows to nfl_game_results

=== Summary: 29 games ===
-- ncaaf_odds_pull.py 
=== NCAAF odds pull · 2026-10-07 ===
  alias map: 2871 name variants
  Odds API events: 72
    line_history: 3400 rows from 70 events

✓ wrote 70 rows to ncaaf_game_results
-- ncaab_odds_pull.py 
=== NCAAB odds pull · 2026-10-07 ===
  alias map: 1542 name variants
  Odds API events: 0
  (offseason or no lines posted)
-- detect_line_movement NHL 
=== detect_line_movement · NHL · lookback 6h ===
  wrote 29 flags

TOTAL flags written: 29
-- detect_line_movement NBA 
=== detect_line_movement · NBA · lookback 6h ===
  wrote 3 flags

TOTAL flags written: 3
-- detect_line_movement NFL 
=== detect_line_movement · NFL · lookback 6h ===
  wrote 33 flags

TOTAL flags written: 33
-- detect_line_movement NCAAF 
=== detect_line_movement · NCAAF · lookback 6h ===
  wrote 61 flags

TOTAL flags written: 61
-- detect_line_movement NCAAB 
=== detect_line_movement · NCAAB · lookback 6h ===

TOTAL flags written: 0
-- classify_line_moves ALL 
=== classify_line_moves · MLB/NFL/NCAAF/NCAAB/NHL/UFC  ===
  MLB: 18 flags in last 24h
  MLB: classifications → PATTERN_ONLY=9, NEUTRAL=7, CONSENSUS_CONFIRMED=2
  NFL: 84 flags in last 24h
  NFL: classifications → PATTERN_ONLY=84
  NCAAF: 157 flags in last 24h
  NCAAF: classifications → PATTERN_ONLY=109, PUBLIC_MOVE_LEAN=8, NEUTRAL=18, CONSENSUS_CONFIRMED=3, CONSENSUS_LEAN=8, SHARP_MOVE_CONFIRMED=2, SHARP_MOVE_LEAN=8, PUBLIC_MOVE_CONFIRMED=1
  NCAAB: 0 flags in last 24h
  NHL: 43 flags in last 24h
  NHL: classifications → PATTERN_ONLY=33, CONSENSUS_LEAN=3, NEUTRAL=6, SHARP_MOVE_LEAN=1
  UFC: 0 flags in last 24h

  ✓ 302/302 flags classified
======== [Wed 10/07/2026 20:59:32.63] all steps ok ======== 
 
======== [Wed 10/07/2026 21:26:02.14] multisport poller start ======== 
-- nhl_odds_pull.py 
=== NHL odds pull · 2026-10-07 21:26 ET ===
  Odds API ok · quota left 4979984
  skipped 2 in-progress game(s) — live prices must not overwrite the close
  events: 14 · rows built: 12
  date span: 2026-10-07 .. 2026-10-10 (3 dates)
  line_history: 610 rows from 12 events
  ✓ upserted 12/12 games into nhl_game_results
-- nba_odds_pull.py 
=== NBA odds pull · 2026-10-07 21:26 ET ===
  Odds API ok · quota left 4979981
  events: 46 · rows built: 46
  date span: 2026-10-20 .. 2026-12-25 (12 dates)
  line_history: 992 rows from 46 events
  ✓ upserted 46/46 games into nba_game_results
-- nfl_odds_pull.py 
=== NFL odds pull · 2026-10-07 ===
  alias map: 32 team-name variants
  americanfootball_nfl: 29 events
    line_history: 1484 rows from 29 events
    ✓ wrote 29 rows to nfl_game_results

=== Summary: 29 games ===
-- ncaaf_odds_pull.py 
=== NCAAF odds pull · 2026-10-07 ===
  alias map: 2871 name variants
  Odds API events: 72
    line_history: 3406 rows from 70 events

✓ wrote 70 rows to ncaaf_game_results
-- ncaab_odds_pull.py 
=== NCAAB odds pull · 2026-10-07 ===
  alias map: 1542 name variants
  Odds API events: 0
  (offseason or no lines posted)
-- detect_line_movement NHL 
=== detect_line_movement · NHL · lookback 6h ===
  wrote 25 flags

TOTAL flags written: 25
-- detect_line_movement NBA 
=== detect_line_movement · NBA · lookback 6h ===
  wrote 3 flags

TOTAL flags written: 3
-- detect_line_movement NFL 
=== detect_line_movement · NFL · lookback 6h ===
  wrote 31 flags

TOTAL flags written: 31
-- detect_line_movement NCAAF 
=== detect_line_movement · NCAAF · lookback 6h ===
  wrote 56 flags

TOTAL flags written: 56
-- detect_line_movement NCAAB 
=== detect_line_movement · NCAAB · lookback 6h ===

TOTAL flags written: 0
-- classify_line_moves ALL 
=== classify_line_moves · MLB/NFL/NCAAF/NCAAB/NHL/UFC  ===
  MLB: 18 flags in last 24h
  MLB: classifications → NEUTRAL=6, PATTERN_ONLY=10, CONSENSUS_CONFIRMED=2
  NFL: 84 flags in last 24h
  NFL: classifications → PATTERN_ONLY=84
  NCAAF: 147 flags in last 24h
  NCAAF: classifications → PATTERN_ONLY=98, NEUTRAL=20, CONSENSUS_LEAN=7, CONSENSUS_CONFIRMED=2, PUBLIC_MOVE_LEAN=9, SHARP_MOVE_CONFIRMED=1, SHARP_MOVE_LEAN=9, PUBLIC_MOVE_CONFIRMED=1
  NCAAB: 0 flags in last 24h
  NHL: 41 flags in last 24h
  NHL: classifications → PATTERN_ONLY=33, NEUTRAL=5, CONSENSUS_LEAN=3
  UFC: 0 flags in last 24h

  ✓ 290/290 flags classified
======== [Wed 10/07/2026 21:30:16.97] all steps ok ======== 
 
======== [Wed 10/07/2026 21:56:02.11] multisport poller start ======== 
-- nhl_odds_pull.py 
=== NHL odds pull · 2026-10-07 21:56 ET ===
  Odds API ok · quota left 4979801
  skipped 2 in-progress game(s) — live prices must not overwrite the close
  events: 14 · rows built: 12
  date span: 2026-10-07 .. 2026-10-10 (3 dates)
  line_history: 630 rows from 12 events
  ✓ upserted 12/12 games into nhl_game_results
-- nba_odds_pull.py 
=== NBA odds pull · 2026-10-07 21:56 ET ===
  Odds API ok · quota left 4979798
  events: 46 · rows built: 46
  date span: 2026-10-20 .. 2026-12-25 (12 dates)
  line_history: 992 rows from 46 events
  ✓ upserted 46/46 games into nba_game_results
-- nfl_odds_pull.py 
=== NFL odds pull · 2026-10-07 ===
  alias map: 32 team-name variants
  americanfootball_nfl: 29 events
    line_history: 1484 rows from 29 events
    ✓ wrote 29 rows to nfl_game_results

=== Summary: 29 games ===
-- ncaaf_odds_pull.py 
=== NCAAF odds pull · 2026-10-07 ===
  alias map: 2871 name variants
  Odds API events: 72
    line_history: 3406 rows from 70 events

✓ wrote 70 rows to ncaaf_game_results
-- ncaab_odds_pull.py 
=== NCAAB odds pull · 2026-10-07 ===
  alias map: 1542 name variants
  Odds API events: 0
  (offseason or no lines posted)
-- detect_line_movement NHL 
=== detect_line_movement · NHL · lookback 6h ===
  wrote 17 flags

TOTAL flags written: 17
-- detect_line_movement NBA 
=== detect_line_movement · NBA · lookback 6h ===
  wrote 3 flags

TOTAL flags written: 3
-- detect_line_movement NFL 
=== detect_line_movement · NFL · lookback 6h ===
  wrote 32 flags

TOTAL flags written: 32
-- detect_line_movement NCAAF 
=== detect_line_movement · NCAAF · lookback 6h ===
  wrote 56 flags

TOTAL flags written: 56
-- detect_line_movement NCAAB 
=== detect_line_movement · NCAAB · lookback 6h ===

TOTAL flags written: 0
-- classify_line_moves ALL 
=== classify_line_moves · MLB/NFL/NCAAF/NCAAB/NHL/UFC  ===
  MLB: 18 flags in last 24h
  MLB: classifications → NEUTRAL=6, PATTERN_ONLY=10, CONSENSUS_CONFIRMED=2
  NFL: 82 flags in last 24h
  NFL: classifications → PATTERN_ONLY=82
  NCAAF: 145 flags in last 24h
  NCAAF: classifications → PATTERN_ONLY=92, NEUTRAL=22, CONSENSUS_LEAN=8, CONSENSUS_CONFIRMED=2, SHARP_MOVE_LEAN=10, PUBLIC_MOVE_LEAN=9, SHARP_MOVE_CONFIRMED=1, PUBLIC_MOVE_CONFIRMED=1
  NCAAB: 0 flags in last 24h
  NHL: 40 flags in last 24h
  NHL: classifications → PATTERN_ONLY=33, NEUTRAL=4, CONSENSUS_LEAN=3
  UFC: 0 flags in last 24h

  ✓ 285/285 flags classified
======== [Wed 10/07/2026 21:59:38.89] all steps ok ======== 
 
======== [Wed 10/07/2026 22:26:02.12] multisport poller start ======== 
-- nhl_odds_pull.py 
=== NHL odds pull · 2026-10-07 22:26 ET ===
  Odds API ok · quota left 4979777
  skipped 2 in-progress game(s) — live prices must not overwrite the close
  events: 13 · rows built: 11
  date span: 2026-10-08 .. 2026-10-10 (2 dates)
  line_history: 572 rows from 11 events
  ✓ upserted 11/11 games into nhl_game_results
-- nba_odds_pull.py 
=== NBA odds pull · 2026-10-07 22:26 ET ===
  Odds API ok · quota left 4979774
  events: 46 · rows built: 46
  date span: 2026-10-20 .. 2026-12-25 (12 dates)
  line_history: 992 rows from 46 events
  ✓ upserted 46/46 games into nba_game_results
-- nfl_odds_pull.py 
=== NFL odds pull · 2026-10-07 ===
  alias map: 32 team-name variants
  americanfootball_nfl: 29 events
    line_history: 1484 rows from 29 events
    ✓ wrote 29 rows to nfl_game_results

=== Summary: 29 games ===
-- ncaaf_odds_pull.py 
=== NCAAF odds pull · 2026-10-07 ===
  alias map: 2871 name variants
  Odds API events: 72
    line_history: 3352 rows from 70 events

✓ wrote 70 rows to ncaaf_game_results
-- ncaab_odds_pull.py 
=== NCAAB odds pull · 2026-10-07 ===
  alias map: 1542 name variants
  Odds API events: 0
  (offseason or no lines posted)
-- detect_line_movement NHL 
=== detect_line_movement · NHL · lookback 6h ===
  wrote 18 flags

TOTAL flags written: 18
-- detect_line_movement NBA 
=== detect_line_movement · NBA · lookback 6h ===
  wrote 3 flags

TOTAL flags written: 3
-- detect_line_movement NFL 
=== detect_line_movement · NFL · lookback 6h ===
  wrote 28 flags

TOTAL flags written: 28
-- detect_line_movement NCAAF 
=== detect_line_movement · NCAAF · lookback 6h ===
  wrote 44 flags

TOTAL flags written: 44
-- detect_line_movement NCAAB 
=== detect_line_movement · NCAAB · lookback 6h ===

TOTAL flags written: 0
-- classify_line_moves ALL 
=== classify_line_moves · MLB/NFL/NCAAF/NCAAB/NHL/UFC  ===
  MLB: 18 flags in last 24h
  MLB: classifications → NEUTRAL=6, PATTERN_ONLY=10, CONSENSUS_CONFIRMED=2
  NFL: 82 flags in last 24h
  NFL: classifications → PATTERN_ONLY=82
  NCAAF: 148 flags in last 24h
  NCAAF: classifications → PATTERN_ONLY=94, NEUTRAL=23, CONSENSUS_LEAN=8, CONSENSUS_CONFIRMED=2, SHARP_MOVE_LEAN=10, PUBLIC_MOVE_LEAN=9, SHARP_MOVE_CONFIRMED=1, PUBLIC_MOVE_CONFIRMED=1
  NCAAB: 0 flags in last 24h
  NHL: 42 flags in last 24h
  NHL: classifications → PATTERN_ONLY=35, NEUTRAL=4, CONSENSUS_LEAN=3
  UFC: 0 flags in last 24h

  ✓ 290/290 flags classified
======== [Wed 10/07/2026 22:29:37.05] all steps ok ======== 
 
======== [Wed 10/07/2026 22:56:02.14] multisport poller start ======== 
-- nhl_odds_pull.py 
=== NHL odds pull · 2026-10-07 22:56 ET ===
  Odds API ok · quota left 4979747
  skipped 1 in-progress game(s) — live prices must not overwrite the close
  events: 12 · rows built: 11
  date span: 2026-10-08 .. 2026-10-10 (2 dates)
  line_history: 610 rows from 11 events
  ✓ upserted 11/11 games into nhl_game_results
-- nba_odds_pull.py 
=== NBA odds pull · 2026-10-07 22:56 ET ===
  Odds API ok · quota left 4979744
  events: 46 · rows built: 46
  date span: 2026-10-20 .. 2026-12-25 (12 dates)
  line_history: 992 rows from 46 events
  ✓ upserted 46/46 games into nba_game_results
-- nfl_odds_pull.py 
=== NFL odds pull · 2026-10-07 ===
  alias map: 32 team-name variants
  americanfootball_nfl: 29 events
    line_history: 1484 rows from 29 events
    ✓ wrote 29 rows to nfl_game_results

=== Summary: 29 games ===
-- ncaaf_odds_pull.py 
=== NCAAF odds pull · 2026-10-07 ===
  alias map: 2871 name variants
  Odds API events: 71
    line_history: 3406 rows from 70 events

✓ wrote 70 rows to ncaaf_game_results
-- ncaab_odds_pull.py 
=== NCAAB odds pull · 2026-10-07 ===
  alias map: 1542 name variants
  Odds API events: 0
  (offseason or no lines posted)
-- detect_line_movement NHL 
=== detect_line_movement · NHL · lookback 6h ===
  wrote 17 flags

TOTAL flags written: 17
-- detect_line_movement NBA 
=== detect_line_movement · NBA · lookback 6h ===

TOTAL flags written: 0
-- detect_line_movement NFL 
=== detect_line_movement · NFL · lookback 6h ===
  wrote 20 flags

TOTAL flags written: 20
-- detect_line_movement NCAAF 
=== detect_line_movement · NCAAF · lookback 6h ===
  wrote 47 flags

TOTAL flags written: 47
-- detect_line_movement NCAAB 
=== detect_line_movement · NCAAB · lookback 6h ===

TOTAL flags written: 0
-- classify_line_moves ALL 
=== classify_line_moves · MLB/NFL/NCAAF/NCAAB/NHL/UFC  ===
  MLB: 18 flags in last 24h
  MLB: classifications → NEUTRAL=6, PATTERN_ONLY=10, CONSENSUS_CONFIRMED=2
  NFL: 82 flags in last 24h
  NFL: classifications → PATTERN_ONLY=82
  NCAAF: 157 flags in last 24h
  NCAAF: classifications → PATTERN_ONLY=102, CONSENSUS_LEAN=9, NEUTRAL=24, CONSENSUS_CONFIRMED=2, SHARP_MOVE_LEAN=9, PUBLIC_MOVE_LEAN=9, SHARP_MOVE_CONFIRMED=1, PUBLIC_MOVE_CONFIRMED=1
  NCAAB: 0 flags in last 24h
  NHL: 42 flags in last 24h
  NHL: classifications → PATTERN_ONLY=35, NEUTRAL=4, CONSENSUS_LEAN=3
  UFC: 0 flags in last 24h

  ✓ 299/299 flags classified
======== [Wed 10/07/2026 22:59:22.97] all steps ok ======== 
 
======== [Wed 10/07/2026 23:26:02.20] multisport poller start ======== 
-- nhl_odds_pull.py 
=== NHL odds pull · 2026-10-07 23:26 ET ===
  Odds API ok · quota left 4979717
  skipped 1 in-progress game(s) — live prices must not overwrite the close
  events: 12 · rows built: 11
  date span: 2026-10-08 .. 2026-10-10 (2 dates)
  line_history: 622 rows from 11 events
  ✓ upserted 11/11 games into nhl_game_results
-- nba_odds_pull.py 
=== NBA odds pull · 2026-10-07 23:26 ET ===
  Odds API ok · quota left 4979714
  events: 46 · rows built: 46
  date span: 2026-10-20 .. 2026-12-25 (12 dates)
  line_history: 992 rows from 46 events
  ✓ upserted 46/46 games into nba_game_results
-- nfl_odds_pull.py 
=== NFL odds pull · 2026-10-07 ===
  alias map: 32 team-name variants
  americanfootball_nfl: 29 events
    line_history: 1484 rows from 29 events
    ✓ wrote 29 rows to nfl_game_results

=== Summary: 29 games ===
-- ncaaf_odds_pull.py 
=== NCAAF odds pull · 2026-10-07 ===
  alias map: 2871 name variants
  Odds API events: 71
    line_history: 3406 rows from 70 events

✓ wrote 70 rows to ncaaf_game_results
-- ncaab_odds_pull.py 
=== NCAAB odds pull · 2026-10-07 ===
  alias map: 1542 name variants
  Odds API events: 0
  (offseason or no lines posted)
-- detect_line_movement NHL 
=== detect_line_movement · NHL · lookback 6h ===
  wrote 17 flags

TOTAL flags written: 17
-- detect_line_movement NBA 
=== detect_line_movement · NBA · lookback 6h ===

TOTAL flags written: 0
-- detect_line_movement NFL 
=== detect_line_movement · NFL · lookback 6h ===
  wrote 14 flags

TOTAL flags written: 14
-- detect_line_movement NCAAF 
=== detect_line_movement · NCAAF · lookback 6h ===
  wrote 39 flags

TOTAL flags written: 39
-- detect_line_movement NCAAB 
=== detect_line_movement · NCAAB · lookback 6h ===

TOTAL flags written: 0
-- classify_line_moves ALL 
=== classify_line_moves · MLB/NFL/NCAAF/NCAAB/NHL/UFC  ===
  MLB: 18 flags in last 24h
  MLB: classifications → NEUTRAL=6, PATTERN_ONLY=10, CONSENSUS_CONFIRMED=2
  NFL: 79 flags in last 24h
  NFL: classifications → PATTERN_ONLY=79
  NCAAF: 156 flags in last 24h
  NCAAF: classifications → PATTERN_ONLY=102, NEUTRAL=23, CONSENSUS_LEAN=9, CONSENSUS_CONFIRMED=2, SHARP_MOVE_LEAN=9, PUBLIC_MOVE_LEAN=9, SHARP_MOVE_CONFIRMED=1, PUBLIC_MOVE_CONFIRMED=1
  NCAAB: 0 flags in last 24h
  NHL: 43 flags in last 24h
  NHL: classifications → PATTERN_ONLY=36, NEUTRAL=4, CONSENSUS_LEAN=3
  UFC: 0 flags in last 24h

  ✓ 296/296 flags classified
======== [Wed 10/07/2026 23:29:25.73] all steps ok ======== 
 
======== [Wed 10/07/2026 23:56:02.23] multisport poller start ======== 
-- nhl_odds_pull.py 
=== NHL odds pull · 2026-10-07 23:56 ET ===
  Odds API ok · quota left 4979681
  skipped 1 in-progress game(s) — live prices must not overwrite the close
  events: 12 · rows built: 11
  date span: 2026-10-08 .. 2026-10-10 (2 dates)
  line_history: 626 rows from 11 events
  ✓ upserted 11/11 games into nhl_game_results
-- nba_odds_pull.py 
=== NBA odds pull · 2026-10-07 23:56 ET ===
  Odds API ok · quota left 4979678
  events: 46 · rows built: 46
  date span: 2026-10-20 .. 2026-12-25 (12 dates)
  line_history: 992 rows from 46 events
  ✓ upserted 46/46 games into nba_game_results
-- nfl_odds_pull.py 
=== NFL odds pull · 2026-10-07 ===
  alias map: 32 team-name variants
  americanfootball_nfl: 29 events
    line_history: 1484 rows from 29 events
    ✓ wrote 29 rows to nfl_game_results

=== Summary: 29 games ===
-- ncaaf_odds_pull.py 
=== NCAAF odds pull · 2026-10-07 ===
  alias map: 2871 name variants
  Odds API events: 70
    line_history: 3406 rows from 70 events

✓ wrote 70 rows to ncaaf_game_results
-- ncaab_odds_pull.py 
=== NCAAB odds pull · 2026-10-07 ===
  alias map: 1542 name variants
  Odds API events: 0
  (offseason or no lines posted)
-- detect_line_movement NHL 
=== detect_line_movement · NHL · lookback 6h ===
  wrote 17 flags

TOTAL flags written: 17
-- detect_line_movement NBA 
=== detect_line_movement · NBA · lookback 6h ===

TOTAL flags written: 0
-- detect_line_movement NFL 
=== detect_line_movement · NFL · lookback 6h ===
  wrote 15 flags

TOTAL flags written: 15
-- detect_line_movement NCAAF 
=== detect_line_movement · NCAAF · lookback 6h ===
  wrote 46 flags

TOTAL flags written: 46
-- detect_line_movement NCAAB 
=== detect_line_movement · NCAAB · lookback 6h ===

TOTAL flags written: 0
-- classify_line_moves ALL 
=== classify_line_moves · MLB/NFL/NCAAF/NCAAB/NHL/UFC  ===
  MLB: 18 flags in last 24h
  MLB: classifications → NEUTRAL=6, PATTERN_ONLY=10, CONSENSUS_CONFIRMED=2
  NFL: 78 flags in last 24h
  NFL: classifications → PATTERN_ONLY=78
  NCAAF: 156 flags in last 24h
  NCAAF: classifications → PATTERN_ONLY=102, NEUTRAL=23, CONSENSUS_LEAN=9, CONSENSUS_CONFIRMED=2, SHARP_MOVE_LEAN=9, PUBLIC_MOVE_LEAN=9, SHARP_MOVE_CONFIRMED=1, PUBLIC_MOVE_CONFIRMED=1
  NCAAB: 0 flags in last 24h
  NHL: 41 flags in last 24h
  NHL: classifications → PATTERN_ONLY=34, NEUTRAL=4, CONSENSUS_LEAN=3
  UFC: 0 flags in last 24h

  ✓ 293/293 flags classified
======== [Wed 10/07/2026 23:59:22.67] all steps ok ======== 
 
======== [Thu 10/08/2026  0:26:02.27] multisport poller start ======== 
-- nhl_odds_pull.py 
=== NHL odds pull · 2026-10-08 00:26 ET ===
  Odds API ok · quota left 4979516
  skipped 1 in-progress game(s) — live prices must not overwrite the close
  events: 12 · rows built: 11
  date span: 2026-10-08 .. 2026-10-10 (2 dates)
  line_history: 636 rows from 11 events
  ✓ upserted 11/11 games into nhl_game_results
-- nba_odds_pull.py 
=== NBA odds pull · 2026-10-08 00:26 ET ===
  Odds API ok · quota left 4979513
  events: 46 · rows built: 46
  date span: 2026-10-20 .. 2026-12-25 (12 dates)
  line_history: 992 rows from 46 events
  ✓ upserted 46/46 games into nba_game_results
-- nfl_odds_pull.py 
=== NFL odds pull · 2026-10-08 ===
  alias map: 32 team-name variants
  americanfootball_nfl: 29 events
    line_history: 1484 rows from 29 events
    ✓ wrote 29 rows to nfl_game_results

=== Summary: 29 games ===
-- ncaaf_odds_pull.py 
=== NCAAF odds pull · 2026-10-08 ===
  alias map: 2871 name variants
  Odds API events: 70
    line_history: 3406 rows from 70 events

✓ wrote 70 rows to ncaaf_game_results
-- ncaab_odds_pull.py 
=== NCAAB odds pull · 2026-10-08 ===
  alias map: 1542 name variants
  Odds API events: 0
  (offseason or no lines posted)
-- detect_line_movement NHL 
=== detect_line_movement · NHL · lookback 6h ===
  wrote 16 flags

TOTAL flags written: 16
-- detect_line_movement NBA 
=== detect_line_movement · NBA · lookback 6h ===
  wrote 3 flags

TOTAL flags written: 3
-- detect_line_movement NFL 
=== detect_line_movement · NFL · lookback 6h ===
  wrote 14 flags

TOTAL flags written: 14
-- detect_line_movement NCAAF 
=== detect_line_movement · NCAAF · lookback 6h ===
  wrote 37 flags

TOTAL flags written: 37
-- detect_line_movement NCAAB 
=== detect_line_movement · NCAAB · lookback 6h ===

TOTAL flags written: 0
-- classify_line_moves ALL 
=== classify_line_moves · MLB/NFL/NCAAF/NCAAB/NHL/UFC  ===
  MLB: 18 flags in last 24h
  MLB: classifications → NEUTRAL=6, PATTERN_ONLY=10, CONSENSUS_CONFIRMED=2
  NFL: 79 flags in last 24h
  NFL: classifications → PATTERN_ONLY=78, CONSENSUS_TRIPLE_CONFIRMED=1
  NCAAF: 163 flags in last 24h
  NCAAF: classifications → PATTERN_ONLY=110, CONSENSUS_LEAN=9, NEUTRAL=23, CONSENSUS_CONFIRMED=2, SHARP_MOVE_LEAN=9, PUBLIC_MOVE_LEAN=8, SHARP_MOVE_CONFIRMED=1, PUBLIC_MOVE_CONFIRMED=1
  NCAAB: 0 flags in last 24h
  NHL: 41 flags in last 24h
  NHL: classifications → PATTERN_ONLY=34, NEUTRAL=4, CONSENSUS_LEAN=3
  UFC: 0 flags in last 24h

  ✓ 301/301 flags classified
======== [Thu 10/08/2026  0:29:31.14] all steps ok ======== 
 
======== [Thu 10/08/2026  0:56:02.28] multisport poller start ======== 
-- nhl_odds_pull.py 
=== NHL odds pull · 2026-10-08 00:56 ET ===
  Odds API ok · quota left 4979480
  events: 11 · rows built: 11
  date span: 2026-10-08 .. 2026-10-10 (2 dates)
  line_history: 636 rows from 11 events
  ✓ upserted 11/11 games into nhl_game_results
-- nba_odds_pull.py 
=== NBA odds pull · 2026-10-08 00:56 ET ===
  Odds API ok · quota left 4979477
  events: 46 · rows built: 46
  date span: 2026-10-20 .. 2026-12-25 (12 dates)
  line_history: 992 rows from 46 events
  ✓ upserted 46/46 games into nba_game_results
-- nfl_odds_pull.py 
=== NFL odds pull · 2026-10-08 ===
  alias map: 32 team-name variants
  americanfootball_nfl: 29 events
    line_history: 1484 rows from 29 events
    ✓ wrote 29 rows to nfl_game_results

=== Summary: 29 games ===
-- ncaaf_odds_pull.py 
=== NCAAF odds pull · 2026-10-08 ===
  alias map: 2871 name variants
  Odds API events: 70
    line_history: 3406 rows from 70 events

✓ wrote 70 rows to ncaaf_game_results
-- ncaab_odds_pull.py 
=== NCAAB odds pull · 2026-10-08 ===
  alias map: 1542 name variants
  Odds API events: 0
  (offseason or no lines posted)
-- detect_line_movement NHL 
=== detect_line_movement · NHL · lookback 6h ===
  wrote 16 flags

TOTAL flags written: 16
-- detect_line_movement NBA 
=== detect_line_movement · NBA · lookback 6h ===

TOTAL flags written: 0
-- detect_line_movement NFL 
=== detect_line_movement · NFL · lookback 6h ===
  wrote 14 flags

TOTAL flags written: 14
-- detect_line_movement NCAAF 
=== detect_line_movement · NCAAF · lookback 6h ===
  wrote 34 flags

TOTAL flags written: 34
-- detect_line_movement NCAAB 
=== detect_line_movement · NCAAB · lookback 6h ===

TOTAL flags written: 0
-- classify_line_moves ALL 
=== classify_line_moves · MLB/NFL/NCAAF/NCAAB/NHL/UFC  ===
  MLB: 18 flags in last 24h
  MLB: classifications → NEUTRAL=6, PATTERN_ONLY=10, CONSENSUS_CONFIRMED=2
  NFL: 79 flags in last 24h
  NFL: classifications → PATTERN_ONLY=78, CONSENSUS_TRIPLE_CONFIRMED=1
  NCAAF: 167 flags in last 24h
  NCAAF: classifications → PATTERN_ONLY=113, CONSENSUS_LEAN=9, NEUTRAL=24, CONSENSUS_CONFIRMED=2, SHARP_MOVE_LEAN=9, PUBLIC_MOVE_LEAN=8, SHARP_MOVE_CONFIRMED=1, PUBLIC_MOVE_CONFIRMED=1
  NCAAB: 0 flags in last 24h
  NHL: 41 flags in last 24h
  NHL: classifications → PATTERN_ONLY=34, NEUTRAL=4, CONSENSUS_LEAN=3
  UFC: 0 flags in last 24h

  ✓ 305/305 flags classified
======== [Thu 10/08/2026  0:59:33.90] all steps ok ======== 
 
======== [Thu 10/08/2026  1:26:02.26] multisport poller start ======== 
-- nhl_odds_pull.py 
=== NHL odds pull · 2026-10-08 01:26 ET ===
  Odds API ok · quota left 4979456
  events: 11 · rows built: 11
  date span: 2026-10-08 .. 2026-10-10 (2 dates)
  line_history: 640 rows from 11 events
  ✓ upserted 11/11 games into nhl_game_results
-- nba_odds_pull.py 
=== NBA odds pull · 2026-10-08 01:26 ET ===
  Odds API ok · quota left 4979453
  events: 46 · rows built: 46
  date span: 2026-10-20 .. 2026-12-25 (12 dates)
  line_history: 992 rows from 46 events
  ✓ upserted 46/46 games into nba_game_results
-- nfl_odds_pull.py 
=== NFL odds pull · 2026-10-08 ===
  alias map: 32 team-name variants
  americanfootball_nfl: 29 events
    line_history: 1484 rows from 29 events
    ✓ wrote 29 rows to nfl_game_results

=== Summary: 29 games ===
-- ncaaf_odds_pull.py 
=== NCAAF odds pull · 2026-10-08 ===
  alias map: 2871 name variants
  Odds API events: 70
    line_history: 3406 rows from 70 events

✓ wrote 70 rows to ncaaf_game_results
-- ncaab_odds_pull.py 
=== NCAAB odds pull · 2026-10-08 ===
  alias map: 1542 name variants
  Odds API events: 0
  (offseason or no lines posted)
-- detect_line_movement NHL 
=== detect_line_movement · NHL · lookback 6h ===
  wrote 16 flags

TOTAL flags written: 16
-- detect_line_movement NBA 
=== detect_line_movement · NBA · lookback 6h ===

TOTAL flags written: 0
-- detect_line_movement NFL 
=== detect_line_movement · NFL · lookback 6h ===
  wrote 14 flags

TOTAL flags written: 14
-- detect_line_movement NCAAF 
=== detect_line_movement · NCAAF · lookback 6h ===
  wrote 34 flags

TOTAL flags written: 34
-- detect_line_movement NCAAB 
=== detect_line_movement · NCAAB · lookback 6h ===

TOTAL flags written: 0
-- classify_line_moves ALL 
=== classify_line_moves · MLB/NFL/NCAAF/NCAAB/NHL/UFC  ===
  MLB: 18 flags in last 24h
  MLB: classifications → NEUTRAL=6, PATTERN_ONLY=10, CONSENSUS_CONFIRMED=2
  NFL: 79 flags in last 24h
  NFL: classifications → PATTERN_ONLY=78, CONSENSUS_TRIPLE_CONFIRMED=1
  NCAAF: 166 flags in last 24h
  NCAAF: classifications → PATTERN_ONLY=112, CONSENSUS_LEAN=9, NEUTRAL=24, CONSENSUS_CONFIRMED=2, SHARP_MOVE_LEAN=9, PUBLIC_MOVE_LEAN=8, SHARP_MOVE_CONFIRMED=1, PUBLIC_MOVE_CONFIRMED=1
  NCAAB: 0 flags in last 24h
  NHL: 41 flags in last 24h
  NHL: classifications → PATTERN_ONLY=34, NEUTRAL=4, CONSENSUS_LEAN=3
  UFC: 0 flags in last 24h

  ✓ 304/304 flags classified
======== [Thu 10/08/2026  1:29:29.46] all steps ok ======== 
 
======== [Thu 10/08/2026  1:56:02.29] multisport poller start ======== 
-- nhl_odds_pull.py 
=== NHL odds pull · 2026-10-08 01:56 ET ===
  Odds API ok · quota left 4979432
  events: 11 · rows built: 11
  date span: 2026-10-08 .. 2026-10-10 (2 dates)
  line_history: 640 rows from 11 events
  ✓ upserted 11/11 games into nhl_game_results
-- nba_odds_pull.py 
=== NBA odds pull · 2026-10-08 01:56 ET ===
  Odds API ok · quota left 4979429
  events: 46 · rows built: 46
  date span: 2026-10-20 .. 2026-12-25 (12 dates)
  line_history: 992 rows from 46 events
  ✓ upserted 46/46 games into nba_game_results
-- nfl_odds_pull.py 
=== NFL odds pull · 2026-10-08 ===
  alias map: 32 team-name variants
  americanfootball_nfl: 29 events
    line_history: 1484 rows from 29 events
    ✓ wrote 29 rows to nfl_game_results

=== Summary: 29 games ===
-- ncaaf_odds_pull.py 
=== NCAAF odds pull · 2026-10-08 ===
  alias map: 2871 name variants
  Odds API events: 70
    line_history: 3406 rows from 70 events

✓ wrote 70 rows to ncaaf_game_results
-- ncaab_odds_pull.py 
=== NCAAB odds pull · 2026-10-08 ===
  alias map: 1542 name variants
  Odds API events: 0
  (offseason or no lines posted)
-- detect_line_movement NHL 
=== detect_line_movement · NHL · lookback 6h ===
  wrote 14 flags

TOTAL flags written: 14
-- detect_line_movement NBA 
=== detect_line_movement · NBA · lookback 6h ===

TOTAL flags written: 0
-- detect_line_movement NFL 
=== detect_line_movement · NFL · lookback 6h ===
  wrote 15 flags

TOTAL flags written: 15
-- detect_line_movement NCAAF 
=== detect_line_movement · NCAAF · lookback 6h ===
  wrote 18 flags

TOTAL flags written: 18
-- detect_line_movement NCAAB 
=== detect_line_movement · NCAAB · lookback 6h ===

TOTAL flags written: 0
-- classify_line_moves ALL 
=== classify_line_moves · MLB/NFL/NCAAF/NCAAB/NHL/UFC  ===
  MLB: 18 flags in last 24h
  MLB: classifications → NEUTRAL=6, PATTERN_ONLY=10, CONSENSUS_CONFIRMED=2
  NFL: 80 flags in last 24h
  NFL: classifications → PATTERN_ONLY=79, CONSENSUS_TRIPLE_CONFIRMED=1
  NCAAF: 167 flags in last 24h
  NCAAF: classifications → PATTERN_ONLY=112, CONSENSUS_LEAN=9, NEUTRAL=25, CONSENSUS_CONFIRMED=2, SHARP_MOVE_LEAN=9, PUBLIC_MOVE_LEAN=8, SHARP_MOVE_CONFIRMED=1, PUBLIC_MOVE_CONFIRMED=1
  NCAAB: 0 flags in last 24h
  NHL: 41 flags in last 24h
  NHL: classifications → PATTERN_ONLY=34, NEUTRAL=4, CONSENSUS_LEAN=3
  UFC: 0 flags in last 24h

  ✓ 306/306 flags classified
======== [Thu 10/08/2026  1:59:31.28] all steps ok ======== 
 
======== [Thu 10/08/2026  2:26:02.30] multisport poller start ======== 
-- nhl_odds_pull.py 
=== NHL odds pull · 2026-10-08 02:26 ET ===
  Odds API ok · quota left 4979408
  events: 11 · rows built: 11
  date span: 2026-10-08 .. 2026-10-10 (2 dates)
  line_history: 640 rows from 11 events
  ✓ upserted 11/11 games into nhl_game_results
-- nba_odds_pull.py 
=== NBA odds pull · 2026-10-08 02:26 ET ===
  Odds API ok · quota left 4979405
  events: 46 · rows built: 46
  date span: 2026-10-20 .. 2026-12-25 (12 dates)
  line_history: 992 rows from 46 events
  ✓ upserted 46/46 games into nba_game_results
-- nfl_odds_pull.py 
=== NFL odds pull · 2026-10-08 ===
  alias map: 32 team-name variants
  americanfootball_nfl: 29 events
    line_history: 1484 rows from 29 events
    ✓ wrote 29 rows to nfl_game_results

=== Summary: 29 games ===
-- ncaaf_odds_pull.py 
=== NCAAF odds pull · 2026-10-08 ===
  alias map: 2871 name variants
  Odds API events: 70
    line_history: 3406 rows from 70 events

✓ wrote 70 rows to ncaaf_game_results
-- ncaab_odds_pull.py 
=== NCAAB odds pull · 2026-10-08 ===
  alias map: 1542 name variants
  Odds API events: 0
  (offseason or no lines posted)
-- detect_line_movement NHL 
=== detect_line_movement · NHL · lookback 6h ===
  wrote 12 flags

TOTAL flags written: 12
-- detect_line_movement NBA 
=== detect_line_movement · NBA · lookback 6h ===

TOTAL flags written: 0
-- detect_line_movement NFL 
=== detect_line_movement · NFL · lookback 6h ===
  wrote 16 flags

TOTAL flags written: 16
-- detect_line_movement NCAAF 
=== detect_line_movement · NCAAF · lookback 6h ===
  wrote 19 flags

TOTAL flags written: 19
-- detect_line_movement NCAAB 
=== detect_line_movement · NCAAB · lookback 6h ===

TOTAL flags written: 0
-- classify_line_moves ALL 
=== classify_line_moves · MLB/NFL/NCAAF/NCAAB/NHL/UFC  ===
  MLB: 18 flags in last 24h
  MLB: classifications → NEUTRAL=6, PATTERN_ONLY=10, CONSENSUS_CONFIRMED=2
  NFL: 79 flags in last 24h
  NFL: classifications → PATTERN_ONLY=78, CONSENSUS_TRIPLE_CONFIRMED=1
  NCAAF: 169 flags in last 24h
  NCAAF: classifications → CONSENSUS_LEAN=10, PATTERN_ONLY=113, NEUTRAL=25, CONSENSUS_CONFIRMED=2, SHARP_MOVE_LEAN=9, PUBLIC_MOVE_LEAN=8, SHARP_MOVE_CONFIRMED=1, PUBLIC_MOVE_CONFIRMED=1
  NCAAB: 0 flags in last 24h
  NHL: 42 flags in last 24h
  NHL: classifications → PATTERN_ONLY=35, NEUTRAL=4, CONSENSUS_LEAN=3
  UFC: 0 flags in last 24h

  ✓ 308/308 flags classified
======== [Thu 10/08/2026  2:29:27.75] all steps ok ======== 
 
======== [Thu 10/08/2026  2:56:02.31] multisport poller start ======== 
-- nhl_odds_pull.py 
=== NHL odds pull · 2026-10-08 02:56 ET ===
  Odds API ok · quota left 4979384
  events: 11 · rows built: 11
  date span: 2026-10-08 .. 2026-10-10 (2 dates)
  line_history: 640 rows from 11 events
  ✓ upserted 11/11 games into nhl_game_results
-- nba_odds_pull.py 
=== NBA odds pull · 2026-10-08 02:56 ET ===
  Odds API ok · quota left 4979381
  events: 46 · rows built: 46
  date span: 2026-10-20 .. 2026-12-25 (12 dates)
  line_history: 992 rows from 46 events
  ✓ upserted 46/46 games into nba_game_results
-- nfl_odds_pull.py 
=== NFL odds pull · 2026-10-08 ===
  alias map: 32 team-name variants
  americanfootball_nfl: 29 events
    line_history: 1478 rows from 29 events
    ✓ wrote 29 rows to nfl_game_results

=== Summary: 29 games ===
-- ncaaf_odds_pull.py 
=== NCAAF odds pull · 2026-10-08 ===
  alias map: 2871 name variants
  Odds API events: 70
    line_history: 3352 rows from 70 events

✓ wrote 70 rows to ncaaf_game_results
-- ncaab_odds_pull.py 
=== NCAAB odds pull · 2026-10-08 ===
  alias map: 1542 name variants
  Odds API events: 0
  (offseason or no lines posted)
-- detect_line_movement NHL 
=== detect_line_movement · NHL · lookback 6h ===
  wrote 12 flags

TOTAL flags written: 12
-- detect_line_movement NBA 
=== detect_line_movement · NBA · lookback 6h ===
  wrote 1 flags

TOTAL flags written: 1
-- detect_line_movement NFL 
=== detect_line_movement · NFL · lookback 6h ===
  wrote 17 flags

TOTAL flags written: 17
-- detect_line_movement NCAAF 
=== detect_line_movement · NCAAF · lookback 6h ===
  wrote 17 flags

TOTAL flags written: 17
-- detect_line_movement NCAAB 
=== detect_line_movement · NCAAB · lookback 6h ===

TOTAL flags written: 0
-- classify_line_moves ALL 
=== classify_line_moves · MLB/NFL/NCAAF/NCAAB/NHL/UFC  ===
  MLB: 18 flags in last 24h
  MLB: classifications → NEUTRAL=6, PATTERN_ONLY=10, CONSENSUS_CONFIRMED=2
  NFL: 75 flags in last 24h
  NFL: classifications → PATTERN_ONLY=74, CONSENSUS_TRIPLE_CONFIRMED=1
  NCAAF: 169 flags in last 24h
  NCAAF: classifications → CONSENSUS_LEAN=10, PATTERN_ONLY=113, NEUTRAL=25, CONSENSUS_CONFIRMED=2, SHARP_MOVE_LEAN=9, PUBLIC_MOVE_LEAN=8, SHARP_MOVE_CONFIRMED=1, PUBLIC_MOVE_CONFIRMED=1
  NCAAB: 0 flags in last 24h
  NHL: 42 flags in last 24h
  NHL: classifications → PATTERN_ONLY=35, NEUTRAL=4, CONSENSUS_LEAN=3
  UFC: 0 flags in last 24h

  ✓ 304/304 flags classified
======== [Thu 10/08/2026  2:59:56.93] all steps ok ======== 
 
======== [Thu 10/08/2026  3:26:02.32] multisport poller start ======== 
-- nhl_odds_pull.py 
=== NHL odds pull · 2026-10-08 03:26 ET ===
  Odds API ok · quota left 4979360
  events: 11 · rows built: 11
  date span: 2026-10-08 .. 2026-10-10 (2 dates)
  line_history: 600 rows from 11 events
  ✓ upserted 11/11 games into nhl_game_results
  prune: removed 11 composite-id row(s) superseded by a canonical id
-- nba_odds_pull.py 
=== NBA odds pull · 2026-10-08 03:26 ET ===
  Odds API ok · quota left 4979357
  events: 46 · rows built: 46
  date span: 2026-10-20 .. 2026-12-25 (12 dates)
  line_history: 992 rows from 46 events
  ✓ upserted 46/46 games into nba_game_results
-- nfl_odds_pull.py 
=== NFL odds pull · 2026-10-08 ===
  alias map: 32 team-name variants
  americanfootball_nfl: 29 events
    line_history: 1484 rows from 29 events
    ✓ wrote 29 rows to nfl_game_results

=== Summary: 29 games ===
-- ncaaf_odds_pull.py 
=== NCAAF odds pull · 2026-10-08 ===
  alias map: 2871 name variants
  Odds API events: 70
    line_history: 3406 rows from 70 events

✓ wrote 70 rows to ncaaf_game_results
-- ncaab_odds_pull.py 
=== NCAAB odds pull · 2026-10-08 ===
  alias map: 1542 name variants
  Odds API events: 0
  (offseason or no lines posted)
-- detect_line_movement NHL 
=== detect_line_movement · NHL · lookback 6h ===
  wrote 8 flags

TOTAL flags written: 8
-- detect_line_movement NBA 
=== detect_line_movement · NBA · lookback 6h ===
  wrote 1 flags

TOTAL flags written: 1
-- detect_line_movement NFL 
=== detect_line_movement · NFL · lookback 6h ===
  wrote 16 flags

TOTAL flags written: 16
-- detect_line_movement NCAAF 
=== detect_line_movement · NCAAF · lookback 6h ===
  wrote 18 flags

TOTAL flags written: 18
-- detect_line_movement NCAAB 
=== detect_line_movement · NCAAB · lookback 6h ===

TOTAL flags written: 0
-- classify_line_moves ALL 
=== classify_line_moves · MLB/NFL/NCAAF/NCAAB/NHL/UFC  ===
  MLB: 18 flags in last 24h
  MLB: classifications → NEUTRAL=6, PATTERN_ONLY=10, CONSENSUS_CONFIRMED=2
  NFL: 75 flags in last 24h
  NFL: classifications → PATTERN_ONLY=74, CONSENSUS_TRIPLE_CONFIRMED=1
  NCAAF: 171 flags in last 24h
  NCAAF: classifications → CONSENSUS_LEAN=10, PATTERN_ONLY=115, NEUTRAL=25, CONSENSUS_CONFIRMED=2, SHARP_MOVE_LEAN=9, PUBLIC_MOVE_LEAN=8, SHARP_MOVE_CONFIRMED=1, PUBLIC_MOVE_CONFIRMED=1
  NCAAB: 0 flags in last 24h
  NHL: 42 flags in last 24h
  NHL: classifications → PATTERN_ONLY=35, NEUTRAL=4, CONSENSUS_LEAN=3
  UFC: 0 flags in last 24h

  ✓ 306/306 flags classified
======== [Thu 10/08/2026  3:29:41.57] all steps ok ======== 
 
======== [Thu 10/08/2026  3:56:02.36] multisport poller start ======== 
-- nhl_odds_pull.py 
=== NHL odds pull · 2026-10-08 03:56 ET ===
  Odds API ok · quota left 4979336
  events: 11 · rows built: 11
  date span: 2026-10-08 .. 2026-10-10 (2 dates)
  line_history: 640 rows from 11 events
  ✓ upserted 11/11 games into nhl_game_results
-- nba_odds_pull.py 
=== NBA odds pull · 2026-10-08 03:56 ET ===
  Odds API ok · quota left 4979333
  events: 46 · rows built: 46
  date span: 2026-10-20 .. 2026-12-25 (12 dates)
  line_history: 992 rows from 46 events
  ✓ upserted 46/46 games into nba_game_results
-- nfl_odds_pull.py 
=== NFL odds pull · 2026-10-08 ===
  alias map: 32 team-name variants
  americanfootball_nfl: 29 events
    line_history: 1484 rows from 29 events
    ✓ wrote 29 rows to nfl_game_results

=== Summary: 29 games ===
-- ncaaf_odds_pull.py 
=== NCAAF odds pull · 2026-10-08 ===
  alias map: 2871 name variants
  Odds API events: 70
    line_history: 3406 rows from 70 events

✓ wrote 70 rows to ncaaf_game_results
-- ncaab_odds_pull.py 
=== NCAAB odds pull · 2026-10-08 ===
  alias map: 1542 name variants
  Odds API events: 0
  (offseason or no lines posted)
-- detect_line_movement NHL 
=== detect_line_movement · NHL · lookback 6h ===
  wrote 12 flags

TOTAL flags written: 12
-- detect_line_movement NBA 
=== detect_line_movement · NBA · lookback 6h ===
  wrote 1 flags

TOTAL flags written: 1
-- detect_line_movement NFL 
=== detect_line_movement · NFL · lookback 6h ===
  wrote 17 flags

TOTAL flags written: 17
-- detect_line_movement NCAAF 
=== detect_line_movement · NCAAF · lookback 6h ===
  wrote 15 flags

TOTAL flags written: 15
-- detect_line_movement NCAAB 
=== detect_line_movement · NCAAB · lookback 6h ===

TOTAL flags written: 0
-- classify_line_moves ALL 
=== classify_line_moves · MLB/NFL/NCAAF/NCAAB/NHL/UFC  ===
  MLB: 18 flags in last 24h
  MLB: classifications → NEUTRAL=6, PATTERN_ONLY=10, CONSENSUS_CONFIRMED=2
  NFL: 75 flags in last 24h
  NFL: classifications → PATTERN_ONLY=74, CONSENSUS_TRIPLE_CONFIRMED=1
  NCAAF: 172 flags in last 24h
  NCAAF: classifications → PATTERN_ONLY=115, CONSENSUS_LEAN=10, NEUTRAL=25, CONSENSUS_CONFIRMED=2, SHARP_MOVE_LEAN=9, PUBLIC_MOVE_LEAN=8, SHARP_MOVE_CONFIRMED=2, PUBLIC_MOVE_CONFIRMED=1
  NCAAB: 0 flags in last 24h
  NHL: 42 flags in last 24h
  NHL: classifications → PATTERN_ONLY=35, NEUTRAL=4, CONSENSUS_LEAN=3
  UFC: 0 flags in last 24h

  ✓ 307/307 flags classified
======== [Thu 10/08/2026  3:59:18.30] all steps ok ======== 
 
======== [Thu 10/08/2026  4:26:02.37] multisport poller start ======== 
-- nhl_odds_pull.py 
=== NHL odds pull · 2026-10-08 04:26 ET ===
  Odds API ok · quota left 4979312
  events: 11 · rows built: 11
  date span: 2026-10-08 .. 2026-10-10 (2 dates)
  line_history: 646 rows from 11 events
  ✓ upserted 11/11 games into nhl_game_results
-- nba_odds_pull.py 
=== NBA odds pull · 2026-10-08 04:26 ET ===
  Odds API ok · quota left 4979309
  events: 46 · rows built: 46
  date span: 2026-10-20 .. 2026-12-25 (12 dates)
  line_history: 992 rows from 46 events
  ✓ upserted 46/46 games into nba_game_results
-- nfl_odds_pull.py 
=== NFL odds pull · 2026-10-08 ===
  alias map: 32 team-name variants
  americanfootball_nfl: 29 events
    line_history: 1484 rows from 29 events
    ✓ wrote 29 rows to nfl_game_results

=== Summary: 29 games ===
-- ncaaf_odds_pull.py 
=== NCAAF odds pull · 2026-10-08 ===
  alias map: 2871 name variants
  Odds API events: 70
    line_history: 3406 rows from 70 events

✓ wrote 70 rows to ncaaf_game_results
-- ncaab_odds_pull.py 
=== NCAAB odds pull · 2026-10-08 ===
  alias map: 1542 name variants
  Odds API events: 0
  (offseason or no lines posted)
-- detect_line_movement NHL 
=== detect_line_movement · NHL · lookback 6h ===
  wrote 12 flags

TOTAL flags written: 12
-- detect_line_movement NBA 
=== detect_line_movement · NBA · lookback 6h ===
  wrote 1 flags

TOTAL flags written: 1
-- detect_line_movement NFL 
=== detect_line_movement · NFL · lookback 6h ===
  wrote 17 flags

TOTAL flags written: 17
-- detect_line_movement NCAAF 
=== detect_line_movement · NCAAF · lookback 6h ===
  wrote 15 flags

TOTAL flags written: 15
-- detect_line_movement NCAAB 
=== detect_line_movement · NCAAB · lookback 6h ===

TOTAL flags written: 0
-- classify_line_moves ALL 
=== classify_line_moves · MLB/NFL/NCAAF/NCAAB/NHL/UFC  ===
  MLB: 17 flags in last 24h
  MLB: classifications → NEUTRAL=5, PATTERN_ONLY=10, CONSENSUS_CONFIRMED=2
  NFL: 75 flags in last 24h
  NFL: classifications → PATTERN_ONLY=74, CONSENSUS_TRIPLE_CONFIRMED=1
  NCAAF: 170 flags in last 24h
  NCAAF: classifications → PATTERN_ONLY=113, CONSENSUS_LEAN=10, NEUTRAL=25, CONSENSUS_CONFIRMED=2, SHARP_MOVE_LEAN=9, PUBLIC_MOVE_LEAN=8, SHARP_MOVE_CONFIRMED=2, PUBLIC_MOVE_CONFIRMED=1
  NCAAB: 0 flags in last 24h
  NHL: 42 flags in last 24h
  NHL: classifications → PATTERN_ONLY=35, NEUTRAL=4, CONSENSUS_LEAN=3
  UFC: 0 flags in last 24h

  ✓ 304/304 flags classified
======== [Thu 10/08/2026  4:29:16.83] all steps ok ======== 
 
======== [Thu 10/08/2026  4:56:02.40] multisport poller start ======== 
-- nhl_odds_pull.py 
=== NHL odds pull · 2026-10-08 04:56 ET ===
  Odds API ok · quota left 4979288
  events: 11 · rows built: 11
  date span: 2026-10-08 .. 2026-10-10 (2 dates)
  line_history: 710 rows from 11 events
  ✓ upserted 11/11 games into nhl_game_results
-- nba_odds_pull.py 
=== NBA odds pull · 2026-10-08 04:56 ET ===
  Odds API ok · quota left 4979285
  events: 46 · rows built: 46
  date span: 2026-10-20 .. 2026-12-25 (12 dates)
  line_history: 992 rows from 46 events
  ✓ upserted 46/46 games into nba_game_results
-- nfl_odds_pull.py 
=== NFL odds pull · 2026-10-08 ===
  alias map: 32 team-name variants
  americanfootball_nfl: 29 events
    line_history: 1580 rows from 29 events
    ✓ wrote 29 rows to nfl_game_results

=== Summary: 29 games ===
-- ncaaf_odds_pull.py 
=== NCAAF odds pull · 2026-10-08 ===
  alias map: 2871 name variants
  Odds API events: 70
    line_history: 3736 rows from 70 events

✓ wrote 70 rows to ncaaf_game_results
-- ncaab_odds_pull.py 
=== NCAAB odds pull · 2026-10-08 ===
  alias map: 1542 name variants
  Odds API events: 0
  (offseason or no lines posted)
-- detect_line_movement NHL 
=== detect_line_movement · NHL · lookback 6h ===
  wrote 12 flags

TOTAL flags written: 12
-- detect_line_movement NBA 
=== detect_line_movement · NBA · lookback 6h ===
  wrote 1 flags

TOTAL flags written: 1
-- detect_line_movement NFL 
=== detect_line_movement · NFL · lookback 6h ===
  wrote 17 flags

TOTAL flags written: 17
-- detect_line_movement NCAAF 
=== detect_line_movement · NCAAF · lookback 6h ===
  wrote 13 flags

TOTAL flags written: 13
-- detect_line_movement NCAAB 
=== detect_line_movement · NCAAB · lookback 6h ===

TOTAL flags written: 0
-- classify_line_moves ALL 
=== classify_line_moves · MLB/NFL/NCAAF/NCAAB/NHL/UFC  ===
  MLB: 17 flags in last 24h
  MLB: classifications → NEUTRAL=5, PATTERN_ONLY=10, CONSENSUS_CONFIRMED=2
  NFL: 74 flags in last 24h
  NFL: classifications → PATTERN_ONLY=73, CONSENSUS_TRIPLE_CONFIRMED=1
  NCAAF: 170 flags in last 24h
  NCAAF: classifications → PATTERN_ONLY=110, CONSENSUS_LEAN=11, NEUTRAL=26, CONSENSUS_CONFIRMED=2, SHARP_MOVE_LEAN=10, PUBLIC_MOVE_LEAN=9, SHARP_MOVE_CONFIRMED=1, PUBLIC_MOVE_CONFIRMED=1
  NCAAB: 0 flags in last 24h
  NHL: 42 flags in last 24h
  NHL: classifications → PATTERN_ONLY=35, NEUTRAL=4, CONSENSUS_LEAN=3
  UFC: 0 flags in last 24h

  ✓ 303/303 flags classified
======== [Thu 10/08/2026  4:59:16.71] all steps ok ======== 
 
======== [Thu 10/08/2026  5:26:02.42] multisport poller start ======== 
-- nhl_odds_pull.py 
=== NHL odds pull · 2026-10-08 05:26 ET ===
  Odds API ok · quota left 4979264
  events: 11 · rows built: 11
  date span: 2026-10-08 .. 2026-10-10 (2 dates)
  line_history: 646 rows from 11 events
  ✓ upserted 11/11 games into nhl_game_results
-- nba_odds_pull.py 
=== NBA odds pull · 2026-10-08 05:26 ET ===
  Odds API ok · quota left 4979261
  events: 46 · rows built: 46
  date span: 2026-10-20 .. 2026-12-25 (12 dates)
  line_history: 992 rows from 46 events
  ✓ upserted 46/46 games into nba_game_results
-- nfl_odds_pull.py 
=== NFL odds pull · 2026-10-08 ===
  alias map: 32 team-name variants
  americanfootball_nfl: 29 events
    line_history: 1490 rows from 29 events
    ✓ wrote 29 rows to nfl_game_results

=== Summary: 29 games ===
-- ncaaf_odds_pull.py 
=== NCAAF odds pull · 2026-10-08 ===
  alias map: 2871 name variants
  Odds API events: 70
    line_history: 3406 rows from 70 events

✓ wrote 70 rows to ncaaf_game_results
-- ncaab_odds_pull.py 
=== NCAAB odds pull · 2026-10-08 ===
  alias map: 1542 name variants
  Odds API events: 0
  (offseason or no lines posted)
-- detect_line_movement NHL 
=== detect_line_movement · NHL · lookback 6h ===
  wrote 12 flags

TOTAL flags written: 12
-- detect_line_movement NBA 
=== detect_line_movement · NBA · lookback 6h ===
  wrote 4 flags

TOTAL flags written: 4
-- detect_line_movement NFL 
=== detect_line_movement · NFL · lookback 6h ===
  wrote 16 flags

TOTAL flags written: 16
-- detect_line_movement NCAAF 
=== detect_line_movement · NCAAF · lookback 6h ===
  wrote 13 flags

TOTAL flags written: 13
-- detect_line_movement NCAAB 
=== detect_line_movement · NCAAB · lookback 6h ===

TOTAL flags written: 0
-- classify_line_moves ALL 
=== classify_line_moves · MLB/NFL/NCAAF/NCAAB/NHL/UFC  ===
  MLB: 17 flags in last 24h
  MLB: classifications → NEUTRAL=5, PATTERN_ONLY=10, CONSENSUS_CONFIRMED=2
  NFL: 74 flags in last 24h
  NFL: classifications → PATTERN_ONLY=73, CONSENSUS_TRIPLE_CONFIRMED=1
  NCAAF: 170 flags in last 24h
  NCAAF: classifications → PATTERN_ONLY=108, CONSENSUS_LEAN=12, NEUTRAL=27, SHARP_MOVE_LEAN=10, CONSENSUS_CONFIRMED=2, PUBLIC_MOVE_LEAN=9, SHARP_MOVE_CONFIRMED=1, PUBLIC_MOVE_CONFIRMED=1
  NCAAB: 0 flags in last 24h
  NHL: 42 flags in last 24h
  NHL: classifications → PATTERN_ONLY=35, NEUTRAL=4, CONSENSUS_LEAN=3
  UFC: 0 flags in last 24h

  ✓ 303/303 flags classified
======== [Thu 10/08/2026  5:29:21.67] all steps ok ======== 
 
======== [Thu 10/08/2026  5:56:01.41] multisport poller start ======== 
-- nhl_odds_pull.py 
=== NHL odds pull · 2026-10-08 05:56 ET ===
  Odds API ok · quota left 4979240
  events: 11 · rows built: 11
  date span: 2026-10-08 .. 2026-10-10 (2 dates)
  line_history: 646 rows from 11 events
  ✓ upserted 11/11 games into nhl_game_results
-- nba_odds_pull.py 
=== NBA odds pull · 2026-10-08 05:56 ET ===
  Odds API ok · quota left 4979237
  events: 46 · rows built: 46
  date span: 2026-10-20 .. 2026-12-25 (12 dates)
  line_history: 980 rows from 46 events
  ✓ upserted 46/46 games into nba_game_results
-- nfl_odds_pull.py 
=== NFL odds pull · 2026-10-08 ===
  alias map: 32 team-name variants
  americanfootball_nfl: 29 events
    line_history: 1490 rows from 29 events
    ✓ wrote 29 rows to nfl_game_results

=== Summary: 29 games ===
-- ncaaf_odds_pull.py 
=== NCAAF odds pull · 2026-10-08 ===
  alias map: 2871 name variants
  Odds API events: 70
    line_history: 3406 rows from 70 events

✓ wrote 70 rows to ncaaf_game_results
-- ncaab_odds_pull.py 
=== NCAAB odds pull · 2026-10-08 ===
  alias map: 1542 name variants
  Odds API events: 0
  (offseason or no lines posted)
-- detect_line_movement NHL 
=== detect_line_movement · NHL · lookback 6h ===
  wrote 10 flags

TOTAL flags written: 10
-- detect_line_movement NBA 
=== detect_line_movement · NBA · lookback 6h ===
  wrote 5 flags

TOTAL flags written: 5
-- detect_line_movement NFL 
=== detect_line_movement · NFL · lookback 6h ===
  wrote 14 flags

TOTAL flags written: 14
-- detect_line_movement NCAAF 
=== detect_line_movement · NCAAF · lookback 6h ===
  wrote 8 flags

TOTAL flags written: 8
-- detect_line_movement NCAAB 
=== detect_line_movement · NCAAB · lookback 6h ===

TOTAL flags written: 0
-- classify_line_moves ALL 
=== classify_line_moves · MLB/NFL/NCAAF/NCAAB/NHL/UFC  ===
  MLB: 17 flags in last 24h
  MLB: classifications → NEUTRAL=5, PATTERN_ONLY=10, CONSENSUS_CONFIRMED=2
  NFL: 74 flags in last 24h
  NFL: classifications → PATTERN_ONLY=73, CONSENSUS_TRIPLE_CONFIRMED=1
  NCAAF: 170 flags in last 24h
  NCAAF: classifications → PATTERN_ONLY=108, CONSENSUS_LEAN=12, NEUTRAL=27, SHARP_MOVE_LEAN=10, CONSENSUS_CONFIRMED=2, PUBLIC_MOVE_LEAN=9, SHARP_MOVE_CONFIRMED=1, PUBLIC_MOVE_CONFIRMED=1
  NCAAB: 0 flags in last 24h
  NHL: 42 flags in last 24h
  NHL: classifications → PATTERN_ONLY=35, NEUTRAL=4, CONSENSUS_LEAN=3
  UFC: 0 flags in last 24h

  ✓ 303/303 flags classified
======== [Thu 10/08/2026  5:59:15.43] all steps ok ======== 
 
======== [Thu 10/08/2026  6:26:01.43] multisport poller start ======== 
-- nhl_odds_pull.py 
=== NHL odds pull · 2026-10-08 06:26 ET ===
  Odds API ok · quota left 4979216
  events: 11 · rows built: 11
  date span: 2026-10-08 .. 2026-10-10 (2 dates)
  line_history: 634 rows from 11 events
  ✓ upserted 11/11 games into nhl_game_results
-- nba_odds_pull.py 
=== NBA odds pull · 2026-10-08 06:26 ET ===
  Odds API ok · quota left 4979213
  events: 46 · rows built: 46
  date span: 2026-10-20 .. 2026-12-25 (12 dates)
  line_history: 986 rows from 46 events
  ✓ upserted 46/46 games into nba_game_results
-- nfl_odds_pull.py 
=== NFL odds pull · 2026-10-08 ===
  alias map: 32 team-name variants
  americanfootball_nfl: 29 events
    line_history: 1490 rows from 29 events
    ✓ wrote 29 rows to nfl_game_results

=== Summary: 29 games ===
-- ncaaf_odds_pull.py 
=== NCAAF odds pull · 2026-10-08 ===
  alias map: 2871 name variants
  Odds API events: 70
    line_history: 3406 rows from 70 events

✓ wrote 70 rows to ncaaf_game_results
-- ncaab_odds_pull.py 
=== NCAAB odds pull · 2026-10-08 ===
  alias map: 1542 name variants
  Odds API events: 0
  (offseason or no lines posted)
-- detect_line_movement NHL 
=== detect_line_movement · NHL · lookback 6h ===
  wrote 16 flags

TOTAL flags written: 16
-- detect_line_movement NBA 
=== detect_line_movement · NBA · lookback 6h ===
  wrote 3 flags

TOTAL flags written: 3
-- detect_line_movement NFL 
=== detect_line_movement · NFL · lookback 6h ===
  wrote 9 flags

TOTAL flags written: 9
-- detect_line_movement NCAAF 
=== detect_line_movement · NCAAF · lookback 6h ===
  wrote 8 flags

TOTAL flags written: 8
-- detect_line_movement NCAAB 
=== detect_line_movement · NCAAB · lookback 6h ===

TOTAL flags written: 0
-- classify_line_moves ALL 
=== classify_line_moves · MLB/NFL/NCAAF/NCAAB/NHL/UFC  ===
  MLB: 17 flags in last 24h
  MLB: classifications → NEUTRAL=5, PATTERN_ONLY=10, CONSENSUS_CONFIRMED=2
  NFL: 74 flags in last 24h
  NFL: classifications → PATTERN_ONLY=73, CONSENSUS_TRIPLE_CONFIRMED=1
  NCAAF: 170 flags in last 24h
  NCAAF: classifications → PATTERN_ONLY=107, CONSENSUS_LEAN=12, NEUTRAL=27, SHARP_MOVE_LEAN=11, CONSENSUS_CONFIRMED=2, PUBLIC_MOVE_LEAN=9, SHARP_MOVE_CONFIRMED=1, PUBLIC_MOVE_CONFIRMED=1
  NCAAB: 0 flags in last 24h
  NHL: 46 flags in last 24h
  NHL: classifications → PATTERN_ONLY=39, NEUTRAL=4, CONSENSUS_LEAN=3
  UFC: 0 flags in last 24h

  ✓ 307/307 flags classified
======== [Thu 10/08/2026  6:29:33.65] all steps ok ======== 
 
======== [Thu 10/08/2026  6:56:01.43] multisport poller start ======== 
-- nhl_odds_pull.py 
=== NHL odds pull · 2026-10-08 06:56 ET ===
  Odds API ok · quota left 4979192
  events: 11 · rows built: 11
  date span: 2026-10-08 .. 2026-10-10 (2 dates)
  line_history: 646 rows from 11 events
  ✓ upserted 11/11 games into nhl_game_results
-- nba_odds_pull.py 
=== NBA odds pull · 2026-10-08 06:56 ET ===
  Odds API ok · quota left 4979189
  events: 46 · rows built: 46
  date span: 2026-10-20 .. 2026-12-25 (12 dates)
  line_history: 986 rows from 46 events
  ✓ upserted 46/46 games into nba_game_results
-- nfl_odds_pull.py 
=== NFL odds pull · 2026-10-08 ===
  alias map: 32 team-name variants
  americanfootball_nfl: 29 events
    line_history: 1490 rows from 29 events
    ✓ wrote 29 rows to nfl_game_results

=== Summary: 29 games ===
-- ncaaf_odds_pull.py 
=== NCAAF odds pull · 2026-10-08 ===
  alias map: 2871 name variants
  Odds API events: 70
    line_history: 3406 rows from 70 events

✓ wrote 70 rows to ncaaf_game_results
-- ncaab_odds_pull.py 
=== NCAAB odds pull · 2026-10-08 ===
  alias map: 1542 name variants
  Odds API events: 0
  (offseason or no lines posted)
-- detect_line_movement NHL 
=== detect_line_movement · NHL · lookback 6h ===
  wrote 16 flags

TOTAL flags written: 16
-- detect_line_movement NBA 
=== detect_line_movement · NBA · lookback 6h ===
  wrote 3 flags

TOTAL flags written: 3
-- detect_line_movement NFL 
=== detect_line_movement · NFL · lookback 6h ===
  wrote 10 flags

TOTAL flags written: 10
-- detect_line_movement NCAAF 
=== detect_line_movement · NCAAF · lookback 6h ===
  wrote 4 flags

TOTAL flags written: 4
-- detect_line_movement NCAAB 
=== detect_line_movement · NCAAB · lookback 6h ===

TOTAL flags written: 0
-- classify_line_moves ALL 
=== classify_line_moves · MLB/NFL/NCAAF/NCAAB/NHL/UFC  ===
  MLB: 17 flags in last 24h
  MLB: classifications → NEUTRAL=5, PATTERN_ONLY=10, CONSENSUS_CONFIRMED=2
  NFL: 74 flags in last 24h
  NFL: classifications → PATTERN_ONLY=73, CONSENSUS_TRIPLE_CONFIRMED=1
  NCAAF: 170 flags in last 24h
  NCAAF: classifications → PATTERN_ONLY=107, CONSENSUS_LEAN=12, NEUTRAL=27, SHARP_MOVE_LEAN=11, CONSENSUS_CONFIRMED=2, PUBLIC_MOVE_LEAN=9, SHARP_MOVE_CONFIRMED=1, PUBLIC_MOVE_CONFIRMED=1
  NCAAB: 0 flags in last 24h
  NHL: 46 flags in last 24h
  NHL: classifications → PATTERN_ONLY=39, NEUTRAL=4, CONSENSUS_LEAN=3
  UFC: 0 flags in last 24h

  ✓ 307/307 flags classified
======== [Thu 10/08/2026  7:00:07.25] all steps ok ======== 
 
======== [Thu 10/08/2026  7:26:01.44] multisport poller start ======== 
-- nhl_odds_pull.py 
=== NHL odds pull · 2026-10-08 07:26 ET ===
  Odds API ok · quota left 4979168
  events: 11 · rows built: 11
  date span: 2026-10-08 .. 2026-10-10 (2 dates)
  line_history: 646 rows from 11 events
  ✓ upserted 11/11 games into nhl_game_results
-- nba_odds_pull.py 
=== NBA odds pull · 2026-10-08 07:26 ET ===
  Odds API ok · quota left 4979165
  events: 46 · rows built: 46
  date span: 2026-10-20 .. 2026-12-25 (12 dates)
  line_history: 986 rows from 46 events
  ✓ upserted 46/46 games into nba_game_results
-- nfl_odds_pull.py 
=== NFL odds pull · 2026-10-08 ===
  alias map: 32 team-name variants
  americanfootball_nfl: 29 events
    line_history: 1490 rows from 29 events
    ✓ wrote 29 rows to nfl_game_results

=== Summary: 29 games ===
-- ncaaf_odds_pull.py 
=== NCAAF odds pull · 2026-10-08 ===
  alias map: 2871 name variants
  Odds API events: 70
    line_history: 3402 rows from 70 events

✓ wrote 70 rows to ncaaf_game_results
-- ncaab_odds_pull.py 
=== NCAAB odds pull · 2026-10-08 ===
  alias map: 1542 name variants
  Odds API events: 0
  (offseason or no lines posted)
-- detect_line_movement NHL 
=== detect_line_movement · NHL · lookback 6h ===
  wrote 16 flags

TOTAL flags written: 16
-- detect_line_movement NBA 
=== detect_line_movement · NBA · lookback 6h ===
  wrote 3 flags

TOTAL flags written: 3
-- detect_line_movement NFL 
=== detect_line_movement · NFL · lookback 6h ===
  wrote 17 flags

TOTAL flags written: 17
-- detect_line_movement NCAAF 
=== detect_line_movement · NCAAF · lookback 6h ===
  wrote 3 flags

TOTAL flags written: 3
-- detect_line_movement NCAAB 
=== detect_line_movement · NCAAB · lookback 6h ===

TOTAL flags written: 0
-- classify_line_moves ALL 
=== classify_line_moves · MLB/NFL/NCAAF/NCAAB/NHL/UFC  ===
  MLB: 17 flags in last 24h
  MLB: classifications → NEUTRAL=5, PATTERN_ONLY=10, CONSENSUS_CONFIRMED=2
  NFL: 76 flags in last 24h
  NFL: classifications → PATTERN_ONLY=75, CONSENSUS_TRIPLE_CONFIRMED=1
  NCAAF: 170 flags in last 24h
  NCAAF: classifications → PATTERN_ONLY=107, CONSENSUS_LEAN=12, NEUTRAL=27, SHARP_MOVE_LEAN=11, CONSENSUS_CONFIRMED=2, PUBLIC_MOVE_LEAN=9, SHARP_MOVE_CONFIRMED=1, PUBLIC_MOVE_CONFIRMED=1
  NCAAB: 0 flags in last 24h
  NHL: 47 flags in last 24h
  NHL: classifications → PATTERN_ONLY=40, NEUTRAL=4, CONSENSUS_LEAN=3
  UFC: 0 flags in last 24h

  ✓ 310/310 flags classified
======== [Thu 10/08/2026  7:29:22.08] all steps ok ======== 
 
======== [Thu 10/08/2026  7:56:01.47] multisport poller start ======== 
-- nhl_odds_pull.py 
=== NHL odds pull · 2026-10-08 07:56 ET ===
  Odds API ok · quota left 4979132
  events: 11 · rows built: 11
  date span: 2026-10-08 .. 2026-10-10 (2 dates)
  line_history: 646 rows from 11 events
  ✓ upserted 11/11 games into nhl_game_results
-- nba_odds_pull.py 
=== NBA odds pull · 2026-10-08 07:56 ET ===
  Odds API ok · quota left 4979129
  events: 46 · rows built: 46
  date span: 2026-10-20 .. 2026-12-25 (12 dates)
  line_history: 986 rows from 46 events
  ✓ upserted 46/46 games into nba_game_results
-- nfl_odds_pull.py 
=== NFL odds pull · 2026-10-08 ===
  alias map: 32 team-name variants
  americanfootball_nfl: 29 events
    line_history: 1490 rows from 29 events
    ✓ wrote 29 rows to nfl_game_results

=== Summary: 29 games ===
-- ncaaf_odds_pull.py 
=== NCAAF odds pull · 2026-10-08 ===
  alias map: 2871 name variants
  Odds API events: 70
    line_history: 3406 rows from 70 events

✓ wrote 70 rows to ncaaf_game_results
-- ncaab_odds_pull.py 
=== NCAAB odds pull · 2026-10-08 ===
  alias map: 1542 name variants
  Odds API events: 0
  (offseason or no lines posted)
-- detect_line_movement NHL 
=== detect_line_movement · NHL · lookback 6h ===
  wrote 18 flags

TOTAL flags written: 18
-- detect_line_movement NBA 
=== detect_line_movement · NBA · lookback 6h ===
  wrote 3 flags

TOTAL flags written: 3
-- detect_line_movement NFL 
=== detect_line_movement · NFL · lookback 6h ===
  wrote 20 flags

TOTAL flags written: 20
-- detect_line_movement NCAAF 
=== detect_line_movement · NCAAF · lookback 6h ===
  wrote 3 flags

TOTAL flags written: 3
-- detect_line_movement NCAAB 
=== detect_line_movement · NCAAB · lookback 6h ===

TOTAL flags written: 0
-- classify_line_moves ALL 
=== classify_line_moves · MLB/NFL/NCAAF/NCAAB/NHL/UFC  ===
  MLB: 16 flags in last 24h
  MLB: classifications → NEUTRAL=4, PATTERN_ONLY=10, CONSENSUS_CONFIRMED=2
  NFL: 77 flags in last 24h
  NFL: classifications → PATTERN_ONLY=76, CONSENSUS_TRIPLE_CONFIRMED=1
  NCAAF: 171 flags in last 24h
  NCAAF: classifications → PATTERN_ONLY=107, NEUTRAL=27, SHARP_MOVE_LEAN=12, CONSENSUS_CONFIRMED=2, CONSENSUS_LEAN=12, PUBLIC_MOVE_LEAN=9, SHARP_MOVE_CONFIRMED=1, PUBLIC_MOVE_CONFIRMED=1
  NCAAB: 0 flags in last 24h
  NHL: 48 flags in last 24h
  NHL: classifications → PATTERN_ONLY=41, NEUTRAL=4, CONSENSUS_LEAN=3
  UFC: 0 flags in last 24h

  ✓ 312/312 flags classified
======== [Thu 10/08/2026  7:59:22.30] all steps ok ======== 
 
======== [Thu 10/08/2026  8:26:01.49] multisport poller start ======== 
-- nhl_odds_pull.py 
=== NHL odds pull · 2026-10-08 08:26 ET ===
  Odds API ok · quota left 4979108
  events: 11 · rows built: 11
  date span: 2026-10-08 .. 2026-10-10 (2 dates)
  line_history: 646 rows from 11 events
  ✓ upserted 11/11 games into nhl_game_results
-- nba_odds_pull.py 
=== NBA odds pull · 2026-10-08 08:26 ET ===
  Odds API ok · quota left 4979105
  events: 46 · rows built: 46
  date span: 2026-10-20 .. 2026-12-25 (12 dates)
  line_history: 986 rows from 46 events
  ✓ upserted 46/46 games into nba_game_results
-- nfl_odds_pull.py 
=== NFL odds pull · 2026-10-08 ===
  alias map: 32 team-name variants
  americanfootball_nfl: 29 events
    line_history: 1490 rows from 29 events
    ✓ wrote 29 rows to nfl_game_results

=== Summary: 29 games ===
-- ncaaf_odds_pull.py 
=== NCAAF odds pull · 2026-10-08 ===
  alias map: 2871 name variants
  Odds API events: 70
    line_history: 3352 rows from 70 events

✓ wrote 70 rows to ncaaf_game_results
-- ncaab_odds_pull.py 
=== NCAAB odds pull · 2026-10-08 ===
  alias map: 1542 name variants
  Odds API events: 0
  (offseason or no lines posted)
-- detect_line_movement NHL 
=== detect_line_movement · NHL · lookback 6h ===
  wrote 17 flags

TOTAL flags written: 17
-- detect_line_movement NBA 
=== detect_line_movement · NBA · lookback 6h ===
  wrote 2 flags

TOTAL flags written: 2
-- detect_line_movement NFL 
=== detect_line_movement · NFL · lookback 6h ===
  wrote 24 flags

TOTAL flags written: 24
-- detect_line_movement NCAAF 
=== detect_line_movement · NCAAF · lookback 6h ===
  wrote 7 flags

TOTAL flags written: 7
-- detect_line_movement NCAAB 
=== detect_line_movement · NCAAB · lookback 6h ===

TOTAL flags written: 0
-- classify_line_moves ALL 
=== classify_line_moves · MLB/NFL/NCAAF/NCAAB/NHL/UFC  ===
  MLB: 16 flags in last 24h
  MLB: classifications → NEUTRAL=4, PATTERN_ONLY=10, CONSENSUS_CONFIRMED=2
  NFL: 79 flags in last 24h
  NFL: classifications → PATTERN_ONLY=78, CONSENSUS_TRIPLE_CONFIRMED=1
  NCAAF: 173 flags in last 24h
  NCAAF: classifications → PATTERN_ONLY=109, NEUTRAL=27, SHARP_MOVE_LEAN=12, CONSENSUS_CONFIRMED=2, CONSENSUS_LEAN=12, PUBLIC_MOVE_LEAN=9, SHARP_MOVE_CONFIRMED=1, PUBLIC_MOVE_CONFIRMED=1
  NCAAB: 0 flags in last 24h
  NHL: 48 flags in last 24h
  NHL: classifications → PATTERN_ONLY=41, NEUTRAL=4, CONSENSUS_LEAN=3
  UFC: 0 flags in last 24h

  ✓ 316/316 flags classified
======== [Thu 10/08/2026  8:30:34.40] all steps ok ======== 
 
======== [Thu 10/08/2026 11:45:48.57] multisport poller start ======== 
-- nhl_odds_pull.py 
=== NHL odds pull · 2026-10-08 11:45 ET ===
Traceback (most recent call last):
  File "C:\Users\gomez\AppData\Roaming\Python\Python314\site-packages\urllib3\connection.py", line 204, in _new_conn
    sock = connection.create_connection(
        (self._dns_host, self.port),
    ...<2 lines>...
        socket_options=self.socket_options,
    )
  File "C:\Users\gomez\AppData\Roaming\Python\Python314\site-packages\urllib3\util\connection.py", line 60, in create_connection
    for res in socket.getaddrinfo(host, port, family, socket.SOCK_STREAM):
               ~~~~~~~~~~~~~~~~~~^^^^^^^^^^^^^^^^^^^^^^^^^^^^^^^^^^^^^^^^
  File "C:\Python314\Lib\socket.py", line 983, in getaddrinfo
    for res in _socket.getaddrinfo(host, port, family, type, proto, flags):
               ~~~~~~~~~~~~~~~~~~~^^^^^^^^^^^^^^^^^^^^^^^^^^^^^^^^^^^^^^^^
socket.gaierror: [Errno 11001] getaddrinfo failed

The above exception was the direct cause of the following exception:

Traceback (most recent call last):
  File "C:\Users\gomez\AppData\Roaming\Python\Python314\site-packages\urllib3\connectionpool.py", line 787, in urlopen
    response = self._make_request(
        conn,
    ...<10 lines>...
        **response_kw,
    )
  File "C:\Users\gomez\AppData\Roaming\Python\Python314\site-packages\urllib3\connectionpool.py", line 488, in _make_request
    raise new_e
  File "C:\Users\gomez\AppData\Roaming\Python\Python314\site-packages\urllib3\connectionpool.py", line 464, in _make_request
    self._validate_conn(conn)
    ~~~~~~~~~~~~~~~~~~~^^^^^^
  File "C:\Users\gomez\AppData\Roaming\Python\Python314\site-packages\urllib3\connectionpool.py", line 1093, in _validate_conn
    conn.connect()
    ~~~~~~~~~~~~^^
  File "C:\Users\gomez\AppData\Roaming\Python\Python314\site-packages\urllib3\connection.py", line 759, in connect
    self.sock = sock = self._new_conn()
                       ~~~~~~~~~~~~~~^^
  File "C:\Users\gomez\AppData\Roaming\Python\Python314\site-packages\urllib3\connection.py", line 211, in _new_conn
    raise NameResolutionError(self.host, self, e) from e
urllib3.exceptions.NameResolutionError: HTTPSConnection(host='api.the-odds-api.com', port=443): Failed to resolve 'api.the-odds-api.com' ([Errno 11001] getaddrinfo failed)

The above exception was the direct cause of the following exception:

Traceback (most recent call last):
  File "C:\Users\gomez\AppData\Roaming\Python\Python314\site-packages\requests\adapters.py", line 644, in send
    resp = conn.urlopen(
        method=request.method,
    ...<9 lines>...
        chunked=chunked,
    )
  File "C:\Users\gomez\AppData\Roaming\Python\Python314\site-packages\urllib3\connectionpool.py", line 841, in urlopen
    retries = retries.increment(
        method, url, error=new_e, _pool=self, _stacktrace=sys.exc_info()[2]
    )
  File "C:\Users\gomez\AppData\Roaming\Python\Python314\site-packages\urllib3\util\retry.py", line 535, in increment
    raise MaxRetryError(_pool, url, reason) from reason  # type: ignore[arg-type]
    ^^^^^^^^^^^^^^^^^^^^^^^^^^^^^^^^^^^^^^^^^^^^^^^^^^^
urllib3.exceptions.MaxRetryError: HTTPSConnectionPool(host='api.the-odds-api.com', port=443): Max retries exceeded with url: /v4/sports/icehockey_nhl/odds?apiKey=7526d2360f9203e651b629baf56fb235&regions=us&markets=h2h%2Cspreads%2Ctotals&oddsFormat=american (Caused by NameResolutionError("HTTPSConnection(host='api.the-odds-api.com', port=443): Failed to resolve 'api.the-odds-api.com' ([Errno 11001] getaddrinfo failed)"))

During handling of the above exception, another exception occurred:

Traceback (most recent call last):
  File "C:\Users\gomez\SweatShop\mlb_pipeline\nhl_odds_pull.py", line 60, in <module>
    main()
    ~~~~^^
  File "C:\Users\gomez\SweatShop\mlb_pipeline\nhl_odds_pull.py", line 56, in main
    PULLER.run(dry_run=ap.parse_args().dry_run)
    ~~~~~~~~~~^^^^^^^^^^^^^^^^^^^^^^^^^^^^^^^^^
  File "C:\Users\gomez\SweatShop\mlb_pipeline\odds_pull_core.py", line 460, in run
    events = self.fetch()
  File "C:\Users\gomez\SweatShop\mlb_pipeline\odds_pull_core.py", line 309, in fetch
    r = requests.get(
        f'{ODDS_API_BASE}/{self.odds_sport}/odds',
        params={'apiKey': ODDS_KEY, 'regions': 'us',
                'markets': 'h2h,spreads,totals', 'oddsFormat': 'american'},
        timeout=40)
  File "C:\Users\gomez\AppData\Roaming\Python\Python314\site-packages\requests\api.py", line 73, in get
    return request("get", url, params=params, **kwargs)
  File "C:\Users\gomez\AppData\Roaming\Python\Python314\site-packages\requests\api.py", line 59, in request
    return session.request(method=method, url=url, **kwargs)
           ~~~~~~~~~~~~~~~^^^^^^^^^^^^^^^^^^^^^^^^^^^^^^^^^^
  File "C:\Users\gomez\AppData\Roaming\Python\Python314\site-packages\requests\sessions.py", line 589, in request
    resp = self.send(prep, **send_kwargs)
  File "C:\Users\gomez\AppData\Roaming\Python\Python314\site-packages\requests\sessions.py", line 703, in send
    r = adapter.send(request, **kwargs)
  File "C:\Users\gomez\AppData\Roaming\Python\Python314\site-packages\requests\adapters.py", line 677, in send
    raise ConnectionError(e, request=request)
requests.exceptions.ConnectionError: HTTPSConnectionPool(host='api.the-odds-api.com', port=443): Max retries exceeded with url: /v4/sports/icehockey_nhl/odds?apiKey=7526d2360f9203e651b629baf56fb235&regions=us&markets=h2h%2Cspreads%2Ctotals&oddsFormat=american (Caused by NameResolutionError("HTTPSConnection(host='api.the-odds-api.com', port=443): Failed to resolve 'api.the-odds-api.com' ([Errno 11001] getaddrinfo failed)"))
-- nba_odds_pull.py 
=== NBA odds pull · 2026-10-08 11:45 ET ===
Traceback (most recent call last):
  File "C:\Users\gomez\AppData\Roaming\Python\Python314\site-packages\urllib3\connection.py", line 204, in _new_conn
    sock = connection.create_connection(
        (self._dns_host, self.port),
    ...<2 lines>...
        socket_options=self.socket_options,
    )
  File "C:\Users\gomez\AppData\Roaming\Python\Python314\site-packages\urllib3\util\connection.py", line 60, in create_connection
    for res in socket.getaddrinfo(host, port, family, socket.SOCK_STREAM):
               ~~~~~~~~~~~~~~~~~~^^^^^^^^^^^^^^^^^^^^^^^^^^^^^^^^^^^^^^^^
  File "C:\Python314\Lib\socket.py", line 983, in getaddrinfo
    for res in _socket.getaddrinfo(host, port, family, type, proto, flags):
               ~~~~~~~~~~~~~~~~~~~^^^^^^^^^^^^^^^^^^^^^^^^^^^^^^^^^^^^^^^^
socket.gaierror: [Errno 11001] getaddrinfo failed

The above exception was the direct cause of the following exception:

Traceback (most recent call last):
  File "C:\Users\gomez\AppData\Roaming\Python\Python314\site-packages\urllib3\connectionpool.py", line 787, in urlopen
    response = self._make_request(
        conn,
    ...<10 lines>...
        **response_kw,
    )
  File "C:\Users\gomez\AppData\Roaming\Python\Python314\site-packages\urllib3\connectionpool.py", line 488, in _make_request
    raise new_e
  File "C:\Users\gomez\AppData\Roaming\Python\Python314\site-packages\urllib3\connectionpool.py", line 464, in _make_request
    self._validate_conn(conn)
    ~~~~~~~~~~~~~~~~~~~^^^^^^
  File "C:\Users\gomez\AppData\Roaming\Python\Python314\site-packages\urllib3\connectionpool.py", line 1093, in _validate_conn
    conn.connect()
    ~~~~~~~~~~~~^^
  File "C:\Users\gomez\AppData\Roaming\Python\Python314\site-packages\urllib3\connection.py", line 759, in connect
    self.sock = sock = self._new_conn()
                       ~~~~~~~~~~~~~~^^
  File "C:\Users\gomez\AppData\Roaming\Python\Python314\site-packages\urllib3\connection.py", line 211, in _new_conn
    raise NameResolutionError(self.host, self, e) from e
urllib3.exceptions.NameResolutionError: HTTPSConnection(host='api.the-odds-api.com', port=443): Failed to resolve 'api.the-odds-api.com' ([Errno 11001] getaddrinfo failed)

The above exception was the direct cause of the following exception:

Traceback (most recent call last):
  File "C:\Users\gomez\AppData\Roaming\Python\Python314\site-packages\requests\adapters.py", line 644, in send
    resp = conn.urlopen(
        method=request.method,
    ...<9 lines>...
        chunked=chunked,
    )
  File "C:\Users\gomez\AppData\Roaming\Python\Python314\site-packages\urllib3\connectionpool.py", line 841, in urlopen
    retries = retries.increment(
        method, url, error=new_e, _pool=self, _stacktrace=sys.exc_info()[2]
    )
  File "C:\Users\gomez\AppData\Roaming\Python\Python314\site-packages\urllib3\util\retry.py", line 535, in increment
    raise MaxRetryError(_pool, url, reason) from reason  # type: ignore[arg-type]
    ^^^^^^^^^^^^^^^^^^^^^^^^^^^^^^^^^^^^^^^^^^^^^^^^^^^
urllib3.exceptions.MaxRetryError: HTTPSConnectionPool(host='api.the-odds-api.com', port=443): Max retries exceeded with url: /v4/sports/basketball_nba/odds?apiKey=7526d2360f9203e651b629baf56fb235&regions=us&markets=h2h%2Cspreads%2Ctotals&oddsFormat=american (Caused by NameResolutionError("HTTPSConnection(host='api.the-odds-api.com', port=443): Failed to resolve 'api.the-odds-api.com' ([Errno 11001] getaddrinfo failed)"))

During handling of the above exception, another exception occurred:

Traceback (most recent call last):
  File "C:\Users\gomez\SweatShop\mlb_pipeline\nba_odds_pull.py", line 43, in <module>
    main()
    ~~~~^^
  File "C:\Users\gomez\SweatShop\mlb_pipeline\nba_odds_pull.py", line 39, in main
    PULLER.run(dry_run=ap.parse_args().dry_run)
    ~~~~~~~~~~^^^^^^^^^^^^^^^^^^^^^^^^^^^^^^^^^
  File "C:\Users\gomez\SweatShop\mlb_pipeline\odds_pull_core.py", line 460, in run
    events = self.fetch()
  File "C:\Users\gomez\SweatShop\mlb_pipeline\odds_pull_core.py", line 309, in fetch
    r = requests.get(
        f'{ODDS_API_BASE}/{self.odds_sport}/odds',
        params={'apiKey': ODDS_KEY, 'regions': 'us',
                'markets': 'h2h,spreads,totals', 'oddsFormat': 'american'},
        timeout=40)
  File "C:\Users\gomez\AppData\Roaming\Python\Python314\site-packages\requests\api.py", line 73, in get
    return request("get", url, params=params, **kwargs)
  File "C:\Users\gomez\AppData\Roaming\Python\Python314\site-packages\requests\api.py", line 59, in request
    return session.request(method=method, url=url, **kwargs)
           ~~~~~~~~~~~~~~~^^^^^^^^^^^^^^^^^^^^^^^^^^^^^^^^^^
  File "C:\Users\gomez\AppData\Roaming\Python\Python314\site-packages\requests\sessions.py", line 589, in request
    resp = self.send(prep, **send_kwargs)
  File "C:\Users\gomez\AppData\Roaming\Python\Python314\site-packages\requests\sessions.py", line 703, in send
    r = adapter.send(request, **kwargs)
  File "C:\Users\gomez\AppData\Roaming\Python\Python314\site-packages\requests\adapters.py", line 677, in send
    raise ConnectionError(e, request=request)
requests.exceptions.ConnectionError: HTTPSConnectionPool(host='api.the-odds-api.com', port=443): Max retries exceeded with url: /v4/sports/basketball_nba/odds?apiKey=7526d2360f9203e651b629baf56fb235&regions=us&markets=h2h%2Cspreads%2Ctotals&oddsFormat=american (Caused by NameResolutionError("HTTPSConnection(host='api.the-odds-api.com', port=443): Failed to resolve 'api.the-odds-api.com' ([Errno 11001] getaddrinfo failed)"))
-- nfl_odds_pull.py 
=== NFL odds pull · 2026-10-08 ===
Traceback (most recent call last):
  File "C:\Users\gomez\AppData\Roaming\Python\Python314\site-packages\urllib3\connection.py", line 204, in _new_conn
    sock = connection.create_connection(
        (self._dns_host, self.port),
    ...<2 lines>...
        socket_options=self.socket_options,
    )
  File "C:\Users\gomez\AppData\Roaming\Python\Python314\site-packages\urllib3\util\connection.py", line 60, in create_connection
    for res in socket.getaddrinfo(host, port, family, socket.SOCK_STREAM):
               ~~~~~~~~~~~~~~~~~~^^^^^^^^^^^^^^^^^^^^^^^^^^^^^^^^^^^^^^^^
  File "C:\Python314\Lib\socket.py", line 983, in getaddrinfo
    for res in _socket.getaddrinfo(host, port, family, type, proto, flags):
               ~~~~~~~~~~~~~~~~~~~^^^^^^^^^^^^^^^^^^^^^^^^^^^^^^^^^^^^^^^^
socket.gaierror: [Errno 11001] getaddrinfo failed

The above exception was the direct cause of the following exception:

Traceback (most recent call last):
  File "C:\Users\gomez\AppData\Roaming\Python\Python314\site-packages\urllib3\connectionpool.py", line 787, in urlopen
    response = self._make_request(
        conn,
    ...<10 lines>...
        **response_kw,
    )
  File "C:\Users\gomez\AppData\Roaming\Python\Python314\site-packages\urllib3\connectionpool.py", line 488, in _make_request
    raise new_e
  File "C:\Users\gomez\AppData\Roaming\Python\Python314\site-packages\urllib3\connectionpool.py", line 464, in _make_request
    self._validate_conn(conn)
    ~~~~~~~~~~~~~~~~~~~^^^^^^
  File "C:\Users\gomez\AppData\Roaming\Python\Python314\site-packages\urllib3\connectionpool.py", line 1093, in _validate_conn
    conn.connect()
    ~~~~~~~~~~~~^^
  File "C:\Users\gomez\AppData\Roaming\Python\Python314\site-packages\urllib3\connection.py", line 759, in connect
    self.sock = sock = self._new_conn()
                       ~~~~~~~~~~~~~~^^
  File "C:\Users\gomez\AppData\Roaming\Python\Python314\site-packages\urllib3\connection.py", line 211, in _new_conn
    raise NameResolutionError(self.host, self, e) from e
urllib3.exceptions.NameResolutionError: HTTPSConnection(host='vctzbruocrjiojtmpjlw.supabase.co', port=443): Failed to resolve 'vctzbruocrjiojtmpjlw.supabase.co' ([Errno 11001] getaddrinfo failed)

The above exception was the direct cause of the following exception:

Traceback (most recent call last):
  File "C:\Users\gomez\AppData\Roaming\Python\Python314\site-packages\requests\adapters.py", line 644, in send
    resp = conn.urlopen(
        method=request.method,
    ...<9 lines>...
        chunked=chunked,
    )
  File "C:\Users\gomez\AppData\Roaming\Python\Python314\site-packages\urllib3\connectionpool.py", line 841, in urlopen
    retries = retries.increment(
        method, url, error=new_e, _pool=self, _stacktrace=sys.exc_info()[2]
    )
  File "C:\Users\gomez\AppData\Roaming\Python\Python314\site-packages\urllib3\util\retry.py", line 535, in increment
    raise MaxRetryError(_pool, url, reason) from reason  # type: ignore[arg-type]
    ^^^^^^^^^^^^^^^^^^^^^^^^^^^^^^^^^^^^^^^^^^^^^^^^^^^
urllib3.exceptions.MaxRetryError: HTTPSConnectionPool(host='vctzbruocrjiojtmpjlw.supabase.co', port=443): Max retries exceeded with url: /rest/v1/nfl_team_aliases?select=canonical_name,odds_api_name,full_name (Caused by NameResolutionError("HTTPSConnection(host='vctzbruocrjiojtmpjlw.supabase.co', port=443): Failed to resolve 'vctzbruocrjiojtmpjlw.supabase.co' ([Errno 11001] getaddrinfo failed)"))

During handling of the above exception, another exception occurred:

Traceback (most recent call last):
  File "C:\Users\gomez\SweatShop\mlb_pipeline\nfl_odds_pull.py", line 413, in <module>
    main()
    ~~~~^^
  File "C:\Users\gomez\SweatShop\mlb_pipeline\nfl_odds_pull.py", line 409, in main
    run(preseason=args.preseason, dry_run=args.dry_run)
    ~~~^^^^^^^^^^^^^^^^^^^^^^^^^^^^^^^^^^^^^^^^^^^^^^^^
  File "C:\Users\gomez\SweatShop\mlb_pipeline\nfl_odds_pull.py", line 357, in run
    aliases = load_alias_map()
  File "C:\Users\gomez\SweatShop\mlb_pipeline\nfl_odds_pull.py", line 68, in load_alias_map
    r = requests.get(
        f'{SB}/rest/v1/nfl_team_aliases?select=canonical_name,odds_api_name,full_name',
        headers=H_READ, timeout=15,
    )
  File "C:\Users\gomez\AppData\Roaming\Python\Python314\site-packages\requests\api.py", line 73, in get
    return request("get", url, params=params, **kwargs)
  File "C:\Users\gomez\AppData\Roaming\Python\Python314\site-packages\requests\api.py", line 59, in request
    return session.request(method=method, url=url, **kwargs)
           ~~~~~~~~~~~~~~~^^^^^^^^^^^^^^^^^^^^^^^^^^^^^^^^^^
  File "C:\Users\gomez\AppData\Roaming\Python\Python314\site-packages\requests\sessions.py", line 589, in request
    resp = self.send(prep, **send_kwargs)
  File "C:\Users\gomez\AppData\Roaming\Python\Python314\site-packages\requests\sessions.py", line 703, in send
    r = adapter.send(request, **kwargs)
  File "C:\Users\gomez\AppData\Roaming\Python\Python314\site-packages\requests\adapters.py", line 677, in send
    raise ConnectionError(e, request=request)
requests.exceptions.ConnectionError: HTTPSConnectionPool(host='vctzbruocrjiojtmpjlw.supabase.co', port=443): Max retries exceeded with url: /rest/v1/nfl_team_aliases?select=canonical_name,odds_api_name,full_name (Caused by NameResolutionError("HTTPSConnection(host='vctzbruocrjiojtmpjlw.supabase.co', port=443): Failed to resolve 'vctzbruocrjiojtmpjlw.supabase.co' ([Errno 11001] getaddrinfo failed)"))
-- ncaaf_odds_pull.py 
=== NCAAF odds pull · 2026-10-08 ===
Traceback (most recent call last):
  File "C:\Users\gomez\AppData\Roaming\Python\Python314\site-packages\urllib3\connection.py", line 204, in _new_conn
    sock = connection.create_connection(
        (self._dns_host, self.port),
    ...<2 lines>...
        socket_options=self.socket_options,
    )
  File "C:\Users\gomez\AppData\Roaming\Python\Python314\site-packages\urllib3\util\connection.py", line 60, in create_connection
    for res in socket.getaddrinfo(host, port, family, socket.SOCK_STREAM):
               ~~~~~~~~~~~~~~~~~~^^^^^^^^^^^^^^^^^^^^^^^^^^^^^^^^^^^^^^^^
  File "C:\Python314\Lib\socket.py", line 983, in getaddrinfo
    for res in _socket.getaddrinfo(host, port, family, type, proto, flags):
               ~~~~~~~~~~~~~~~~~~~^^^^^^^^^^^^^^^^^^^^^^^^^^^^^^^^^^^^^^^^
socket.gaierror: [Errno 11001] getaddrinfo failed

The above exception was the direct cause of the following exception:

Traceback (most recent call last):
  File "C:\Users\gomez\AppData\Roaming\Python\Python314\site-packages\urllib3\connectionpool.py", line 787, in urlopen
    response = self._make_request(
        conn,
    ...<10 lines>...
        **response_kw,
    )
  File "C:\Users\gomez\AppData\Roaming\Python\Python314\site-packages\urllib3\connectionpool.py", line 488, in _make_request
    raise new_e
  File "C:\Users\gomez\AppData\Roaming\Python\Python314\site-packages\urllib3\connectionpool.py", line 464, in _make_request
    self._validate_conn(conn)
    ~~~~~~~~~~~~~~~~~~~^^^^^^
  File "C:\Users\gomez\AppData\Roaming\Python\Python314\site-packages\urllib3\connectionpool.py", line 1093, in _validate_conn
    conn.connect()
    ~~~~~~~~~~~~^^
  File "C:\Users\gomez\AppData\Roaming\Python\Python314\site-packages\urllib3\connection.py", line 759, in connect
    self.sock = sock = self._new_conn()
                       ~~~~~~~~~~~~~~^^
  File "C:\Users\gomez\AppData\Roaming\Python\Python314\site-packages\urllib3\connection.py", line 211, in _new_conn
    raise NameResolutionError(self.host, self, e) from e
urllib3.exceptions.NameResolutionError: HTTPSConnection(host='vctzbruocrjiojtmpjlw.supabase.co', port=443): Failed to resolve 'vctzbruocrjiojtmpjlw.supabase.co' ([Errno 11001] getaddrinfo failed)

The above exception was the direct cause of the following exception:

Traceback (most recent call last):
  File "C:\Users\gomez\AppData\Roaming\Python\Python314\site-packages\requests\adapters.py", line 644, in send
    resp = conn.urlopen(
        method=request.method,
    ...<9 lines>...
        chunked=chunked,
    )
  File "C:\Users\gomez\AppData\Roaming\Python\Python314\site-packages\urllib3\connectionpool.py", line 841, in urlopen
    retries = retries.increment(
        method, url, error=new_e, _pool=self, _stacktrace=sys.exc_info()[2]
    )
  File "C:\Users\gomez\AppData\Roaming\Python\Python314\site-packages\urllib3\util\retry.py", line 535, in increment
    raise MaxRetryError(_pool, url, reason) from reason  # type: ignore[arg-type]
    ^^^^^^^^^^^^^^^^^^^^^^^^^^^^^^^^^^^^^^^^^^^^^^^^^^^
urllib3.exceptions.MaxRetryError: HTTPSConnectionPool(host='vctzbruocrjiojtmpjlw.supabase.co', port=443): Max retries exceeded with url: /rest/v1/ncaaf_team_aliases?select=canonical_name,full_name,alt_names (Caused by NameResolutionError("HTTPSConnection(host='vctzbruocrjiojtmpjlw.supabase.co', port=443): Failed to resolve 'vctzbruocrjiojtmpjlw.supabase.co' ([Errno 11001] getaddrinfo failed)"))

During handling of the above exception, another exception occurred:

Traceback (most recent call last):
  File "C:\Users\gomez\SweatShop\mlb_pipeline\ncaaf_odds_pull.py", line 451, in <module>
    main()
    ~~~~^^
  File "C:\Users\gomez\SweatShop\mlb_pipeline\ncaaf_odds_pull.py", line 447, in main
    run(dry_run=args.dry_run)
    ~~~^^^^^^^^^^^^^^^^^^^^^^
  File "C:\Users\gomez\SweatShop\mlb_pipeline\ncaaf_odds_pull.py", line 410, in run
    aliases = load_alias_map()
  File "C:\Users\gomez\SweatShop\mlb_pipeline\ncaaf_odds_pull.py", line 83, in load_alias_map
    r = requests.get(
        f'{SB}/rest/v1/ncaaf_team_aliases?select=canonical_name,full_name,alt_names',
        headers=H_READ, timeout=15,
    )
  File "C:\Users\gomez\AppData\Roaming\Python\Python314\site-packages\requests\api.py", line 73, in get
    return request("get", url, params=params, **kwargs)
  File "C:\Users\gomez\AppData\Roaming\Python\Python314\site-packages\requests\api.py", line 59, in request
    return session.request(method=method, url=url, **kwargs)
           ~~~~~~~~~~~~~~~^^^^^^^^^^^^^^^^^^^^^^^^^^^^^^^^^^
  File "C:\Users\gomez\AppData\Roaming\Python\Python314\site-packages\requests\sessions.py", line 589, in request
    resp = self.send(prep, **send_kwargs)
  File "C:\Users\gomez\AppData\Roaming\Python\Python314\site-packages\requests\sessions.py", line 703, in send
    r = adapter.send(request, **kwargs)
  File "C:\Users\gomez\AppData\Roaming\Python\Python314\site-packages\requests\adapters.py", line 677, in send
    raise ConnectionError(e, request=request)
requests.exceptions.ConnectionError: HTTPSConnectionPool(host='vctzbruocrjiojtmpjlw.supabase.co', port=443): Max retries exceeded with url: /rest/v1/ncaaf_team_aliases?select=canonical_name,full_name,alt_names (Caused by NameResolutionError("HTTPSConnection(host='vctzbruocrjiojtmpjlw.supabase.co', port=443): Failed to resolve 'vctzbruocrjiojtmpjlw.supabase.co' ([Errno 11001] getaddrinfo failed)"))
-- ncaab_odds_pull.py 
=== NCAAB odds pull · 2026-10-08 ===
Traceback (most recent call last):
  File "C:\Users\gomez\AppData\Roaming\Python\Python314\site-packages\urllib3\connection.py", line 204, in _new_conn
    sock = connection.create_connection(
        (self._dns_host, self.port),
    ...<2 lines>...
        socket_options=self.socket_options,
    )
  File "C:\Users\gomez\AppData\Roaming\Python\Python314\site-packages\urllib3\util\connection.py", line 60, in create_connection
    for res in socket.getaddrinfo(host, port, family, socket.SOCK_STREAM):
               ~~~~~~~~~~~~~~~~~~^^^^^^^^^^^^^^^^^^^^^^^^^^^^^^^^^^^^^^^^
  File "C:\Python314\Lib\socket.py", line 983, in getaddrinfo
    for res in _socket.getaddrinfo(host, port, family, type, proto, flags):
               ~~~~~~~~~~~~~~~~~~~^^^^^^^^^^^^^^^^^^^^^^^^^^^^^^^^^^^^^^^^
socket.gaierror: [Errno 11001] getaddrinfo failed

The above exception was the direct cause of the following exception:

Traceback (most recent call last):
  File "C:\Users\gomez\AppData\Roaming\Python\Python314\site-packages\urllib3\connectionpool.py", line 787, in urlopen
    response = self._make_request(
        conn,
    ...<10 lines>...
        **response_kw,
    )
  File "C:\Users\gomez\AppData\Roaming\Python\Python314\site-packages\urllib3\connectionpool.py", line 488, in _make_request
    raise new_e
  File "C:\Users\gomez\AppData\Roaming\Python\Python314\site-packages\urllib3\connectionpool.py", line 464, in _make_request
    self._validate_conn(conn)
    ~~~~~~~~~~~~~~~~~~~^^^^^^
  File "C:\Users\gomez\AppData\Roaming\Python\Python314\site-packages\urllib3\connectionpool.py", line 1093, in _validate_conn
    conn.connect()
    ~~~~~~~~~~~~^^
  File "C:\Users\gomez\AppData\Roaming\Python\Python314\site-packages\urllib3\connection.py", line 759, in connect
    self.sock = sock = self._new_conn()
                       ~~~~~~~~~~~~~~^^
  File "C:\Users\gomez\AppData\Roaming\Python\Python314\site-packages\urllib3\connection.py", line 211, in _new_conn
    raise NameResolutionError(self.host, self, e) from e
urllib3.exceptions.NameResolutionError: HTTPSConnection(host='vctzbruocrjiojtmpjlw.supabase.co', port=443): Failed to resolve 'vctzbruocrjiojtmpjlw.supabase.co' ([Errno 11001] getaddrinfo failed)

The above exception was the direct cause of the following exception:

Traceback (most recent call last):
  File "C:\Users\gomez\AppData\Roaming\Python\Python314\site-packages\requests\adapters.py", line 644, in send
    resp = conn.urlopen(
        method=request.method,
    ...<9 lines>...
        chunked=chunked,
    )
  File "C:\Users\gomez\AppData\Roaming\Python\Python314\site-packages\urllib3\connectionpool.py", line 841, in urlopen
    retries = retries.increment(
        method, url, error=new_e, _pool=self, _stacktrace=sys.exc_info()[2]
    )
  File "C:\Users\gomez\AppData\Roaming\Python\Python314\site-packages\urllib3\util\retry.py", line 535, in increment
    raise MaxRetryError(_pool, url, reason) from reason  # type: ignore[arg-type]
    ^^^^^^^^^^^^^^^^^^^^^^^^^^^^^^^^^^^^^^^^^^^^^^^^^^^
urllib3.exceptions.MaxRetryError: HTTPSConnectionPool(host='vctzbruocrjiojtmpjlw.supabase.co', port=443): Max retries exceeded with url: /rest/v1/ncaab_team_aliases?select=canonical_name,odds_api_name,alt_names (Caused by NameResolutionError("HTTPSConnection(host='vctzbruocrjiojtmpjlw.supabase.co', port=443): Failed to resolve 'vctzbruocrjiojtmpjlw.supabase.co' ([Errno 11001] getaddrinfo failed)"))

During handling of the above exception, another exception occurred:

Traceback (most recent call last):
  File "C:\Users\gomez\SweatShop\mlb_pipeline\ncaab_odds_pull.py", line 334, in <module>
    main()
    ~~~~^^
  File "C:\Users\gomez\SweatShop\mlb_pipeline\ncaab_odds_pull.py", line 330, in main
    run(dry_run=args.dry_run)
    ~~~^^^^^^^^^^^^^^^^^^^^^^
  File "C:\Users\gomez\SweatShop\mlb_pipeline\ncaab_odds_pull.py", line 293, in run
    aliases = load_alias_map()
  File "C:\Users\gomez\SweatShop\mlb_pipeline\ncaab_odds_pull.py", line 60, in load_alias_map
    r = requests.get(
        f'{SB}/rest/v1/ncaab_team_aliases?select=canonical_name,odds_api_name,alt_names',
        headers=H_READ, timeout=15,
    )
  File "C:\Users\gomez\AppData\Roaming\Python\Python314\site-packages\requests\api.py", line 73, in get
    return request("get", url, params=params, **kwargs)
  File "C:\Users\gomez\AppData\Roaming\Python\Python314\site-packages\requests\api.py", line 59, in request
    return session.request(method=method, url=url, **kwargs)
           ~~~~~~~~~~~~~~~^^^^^^^^^^^^^^^^^^^^^^^^^^^^^^^^^^
  File "C:\Users\gomez\AppData\Roaming\Python\Python314\site-packages\requests\sessions.py", line 589, in request
    resp = self.send(prep, **send_kwargs)
  File "C:\Users\gomez\AppData\Roaming\Python\Python314\site-packages\requests\sessions.py", line 703, in send
    r = adapter.send(request, **kwargs)
  File "C:\Users\gomez\AppData\Roaming\Python\Python314\site-packages\requests\adapters.py", line 677, in send
    raise ConnectionError(e, request=request)
requests.exceptions.ConnectionError: HTTPSConnectionPool(host='vctzbruocrjiojtmpjlw.supabase.co', port=443): Max retries exceeded with url: /rest/v1/ncaab_team_aliases?select=canonical_name,odds_api_name,alt_names (Caused by NameResolutionError("HTTPSConnection(host='vctzbruocrjiojtmpjlw.supabase.co', port=443): Failed to resolve 'vctzbruocrjiojtmpjlw.supabase.co' ([Errno 11001] getaddrinfo failed)"))
-- detect_line_movement NHL 
=== detect_line_movement · NHL · lookback 6h ===
Traceback (most recent call last):
  File "C:\Users\gomez\AppData\Roaming\Python\Python314\site-packages\urllib3\connection.py", line 204, in _new_conn
    sock = connection.create_connection(
        (self._dns_host, self.port),
    ...<2 lines>...
        socket_options=self.socket_options,
    )
  File "C:\Users\gomez\AppData\Roaming\Python\Python314\site-packages\urllib3\util\connection.py", line 60, in create_connection
    for res in socket.getaddrinfo(host, port, family, socket.SOCK_STREAM):
               ~~~~~~~~~~~~~~~~~~^^^^^^^^^^^^^^^^^^^^^^^^^^^^^^^^^^^^^^^^
  File "C:\Python314\Lib\socket.py", line 983, in getaddrinfo
    for res in _socket.getaddrinfo(host, port, family, type, proto, flags):
               ~~~~~~~~~~~~~~~~~~~^^^^^^^^^^^^^^^^^^^^^^^^^^^^^^^^^^^^^^^^
socket.gaierror: [Errno 11001] getaddrinfo failed

The above exception was the direct cause of the following exception:

Traceback (most recent call last):
  File "C:\Users\gomez\AppData\Roaming\Python\Python314\site-packages\urllib3\connectionpool.py", line 787, in urlopen
    response = self._make_request(
        conn,
    ...<10 lines>...
        **response_kw,
    )
  File "C:\Users\gomez\AppData\Roaming\Python\Python314\site-packages\urllib3\connectionpool.py", line 488, in _make_request
    raise new_e
  File "C:\Users\gomez\AppData\Roaming\Python\Python314\site-packages\urllib3\connectionpool.py", line 464, in _make_request
    self._validate_conn(conn)
    ~~~~~~~~~~~~~~~~~~~^^^^^^
  File "C:\Users\gomez\AppData\Roaming\Python\Python314\site-packages\urllib3\connectionpool.py", line 1093, in _validate_conn
    conn.connect()
    ~~~~~~~~~~~~^^
  File "C:\Users\gomez\AppData\Roaming\Python\Python314\site-packages\urllib3\connection.py", line 759, in connect
    self.sock = sock = self._new_conn()
                       ~~~~~~~~~~~~~~^^
  File "C:\Users\gomez\AppData\Roaming\Python\Python314\site-packages\urllib3\connection.py", line 211, in _new_conn
    raise NameResolutionError(self.host, self, e) from e
urllib3.exceptions.NameResolutionError: HTTPSConnection(host='vctzbruocrjiojtmpjlw.supabase.co', port=443): Failed to resolve 'vctzbruocrjiojtmpjlw.supabase.co' ([Errno 11001] getaddrinfo failed)

The above exception was the direct cause of the following exception:

Traceback (most recent call last):
  File "C:\Users\gomez\AppData\Roaming\Python\Python314\site-packages\requests\adapters.py", line 644, in send
    resp = conn.urlopen(
        method=request.method,
    ...<9 lines>...
        chunked=chunked,
    )
  File "C:\Users\gomez\AppData\Roaming\Python\Python314\site-packages\urllib3\connectionpool.py", line 841, in urlopen
    retries = retries.increment(
        method, url, error=new_e, _pool=self, _stacktrace=sys.exc_info()[2]
    )
  File "C:\Users\gomez\AppData\Roaming\Python\Python314\site-packages\urllib3\util\retry.py", line 535, in increment
    raise MaxRetryError(_pool, url, reason) from reason  # type: ignore[arg-type]
    ^^^^^^^^^^^^^^^^^^^^^^^^^^^^^^^^^^^^^^^^^^^^^^^^^^^
urllib3.exceptions.MaxRetryError: HTTPSConnectionPool(host='vctzbruocrjiojtmpjlw.supabase.co', port=443): Max retries exceeded with url: /rest/v1/line_history?sport=eq.NHL&captured_at=gte.2026-10-08T09%3A45%3A50.817022%2B00%3A00&select=game_id%2Cmatchup%2Cmarket%2Cbook%2Cside%2Cline%2Cprice%2Ccaptured_at&order=captured_at.asc&limit=1000&offset=0 (Caused by NameResolutionError("HTTPSConnection(host='vctzbruocrjiojtmpjlw.supabase.co', port=443): Failed to resolve 'vctzbruocrjiojtmpjlw.supabase.co' ([Errno 11001] getaddrinfo failed)"))

During handling of the above exception, another exception occurred:

Traceback (most recent call last):
  File "C:\Users\gomez\SweatShop\mlb_pipeline\detect_line_movement.py", line 363, in <module>
    main()
    ~~~~^^
  File "C:\Users\gomez\SweatShop\mlb_pipeline\detect_line_movement.py", line 350, in main
    steam = detect_steam(s, args.lookback_hours, now_iso, args.dry_run)
  File "C:\Users\gomez\SweatShop\mlb_pipeline\detect_line_movement.py", line 75, in detect_steam
    r = requests.get(f'{SB}/rest/v1/line_history', headers=H_READ,
        params={'sport': f'eq.{sport}',
    ...<2 lines>...
                'order': 'captured_at.asc', 'limit': 1000, 'offset': off},
        timeout=30)
  File "C:\Users\gomez\AppData\Roaming\Python\Python314\site-packages\requests\api.py", line 73, in get
    return request("get", url, params=params, **kwargs)
  File "C:\Users\gomez\AppData\Roaming\Python\Python314\site-packages\requests\api.py", line 59, in request
    return session.request(method=method, url=url, **kwargs)
           ~~~~~~~~~~~~~~~^^^^^^^^^^^^^^^^^^^^^^^^^^^^^^^^^^
  File "C:\Users\gomez\AppData\Roaming\Python\Python314\site-packages\requests\sessions.py", line 589, in request
    resp = self.send(prep, **send_kwargs)
  File "C:\Users\gomez\AppData\Roaming\Python\Python314\site-packages\requests\sessions.py", line 703, in send
    r = adapter.send(request, **kwargs)
  File "C:\Users\gomez\AppData\Roaming\Python\Python314\site-packages\requests\adapters.py", line 677, in send
    raise ConnectionError(e, request=request)
requests.exceptions.ConnectionError: HTTPSConnectionPool(host='vctzbruocrjiojtmpjlw.supabase.co', port=443): Max retries exceeded with url: /rest/v1/line_history?sport=eq.NHL&captured_at=gte.2026-10-08T09%3A45%3A50.817022%2B00%3A00&select=game_id%2Cmatchup%2Cmarket%2Cbook%2Cside%2Cline%2Cprice%2Ccaptured_at&order=captured_at.asc&limit=1000&offset=0 (Caused by NameResolutionError("HTTPSConnection(host='vctzbruocrjiojtmpjlw.supabase.co', port=443): Failed to resolve 'vctzbruocrjiojtmpjlw.supabase.co' ([Errno 11001] getaddrinfo failed)"))
-- detect_line_movement NBA 
=== detect_line_movement · NBA · lookback 6h ===
Traceback (most recent call last):
  File "C:\Users\gomez\AppData\Roaming\Python\Python314\site-packages\urllib3\connection.py", line 204, in _new_conn
    sock = connection.create_connection(
        (self._dns_host, self.port),
    ...<2 lines>...
        socket_options=self.socket_options,
    )
  File "C:\Users\gomez\AppData\Roaming\Python\Python314\site-packages\urllib3\util\connection.py", line 60, in create_connection
    for res in socket.getaddrinfo(host, port, family, socket.SOCK_STREAM):
               ~~~~~~~~~~~~~~~~~~^^^^^^^^^^^^^^^^^^^^^^^^^^^^^^^^^^^^^^^^
  File "C:\Python314\Lib\socket.py", line 983, in getaddrinfo
    for res in _socket.getaddrinfo(host, port, family, type, proto, flags):
               ~~~~~~~~~~~~~~~~~~~^^^^^^^^^^^^^^^^^^^^^^^^^^^^^^^^^^^^^^^^
socket.gaierror: [Errno 11001] getaddrinfo failed

The above exception was the direct cause of the following exception:

Traceback (most recent call last):
  File "C:\Users\gomez\AppData\Roaming\Python\Python314\site-packages\urllib3\connectionpool.py", line 787, in urlopen
    response = self._make_request(
        conn,
    ...<10 lines>...
        **response_kw,
    )
  File "C:\Users\gomez\AppData\Roaming\Python\Python314\site-packages\urllib3\connectionpool.py", line 488, in _make_request
    raise new_e
  File "C:\Users\gomez\AppData\Roaming\Python\Python314\site-packages\urllib3\connectionpool.py", line 464, in _make_request
    self._validate_conn(conn)
    ~~~~~~~~~~~~~~~~~~~^^^^^^
  File "C:\Users\gomez\AppData\Roaming\Python\Python314\site-packages\urllib3\connectionpool.py", line 1093, in _validate_conn
    conn.connect()
    ~~~~~~~~~~~~^^
  File "C:\Users\gomez\AppData\Roaming\Python\Python314\site-packages\urllib3\connection.py", line 759, in connect
    self.sock = sock = self._new_conn()
                       ~~~~~~~~~~~~~~^^
  File "C:\Users\gomez\AppData\Roaming\Python\Python314\site-packages\urllib3\connection.py", line 211, in _new_conn
    raise NameResolutionError(self.host, self, e) from e
urllib3.exceptions.NameResolutionError: HTTPSConnection(host='vctzbruocrjiojtmpjlw.supabase.co', port=443): Failed to resolve 'vctzbruocrjiojtmpjlw.supabase.co' ([Errno 11001] getaddrinfo failed)

The above exception was the direct cause of the following exception:

Traceback (most recent call last):
  File "C:\Users\gomez\AppData\Roaming\Python\Python314\site-packages\requests\adapters.py", line 644, in send
    resp = conn.urlopen(
        method=request.method,
    ...<9 lines>...
        chunked=chunked,
    )
  File "C:\Users\gomez\AppData\Roaming\Python\Python314\site-packages\urllib3\connectionpool.py", line 841, in urlopen
    retries = retries.increment(
        method, url, error=new_e, _pool=self, _stacktrace=sys.exc_info()[2]
    )
  File "C:\Users\gomez\AppData\Roaming\Python\Python314\site-packages\urllib3\util\retry.py", line 535, in increment
    raise MaxRetryError(_pool, url, reason) from reason  # type: ignore[arg-type]
    ^^^^^^^^^^^^^^^^^^^^^^^^^^^^^^^^^^^^^^^^^^^^^^^^^^^
urllib3.exceptions.MaxRetryError: HTTPSConnectionPool(host='vctzbruocrjiojtmpjlw.supabase.co', port=443): Max retries exceeded with url: /rest/v1/line_history?sport=eq.NBA&captured_at=gte.2026-10-08T09%3A45%3A51.098700%2B00%3A00&select=game_id%2Cmatchup%2Cmarket%2Cbook%2Cside%2Cline%2Cprice%2Ccaptured_at&order=captured_at.asc&limit=1000&offset=0 (Caused by NameResolutionError("HTTPSConnection(host='vctzbruocrjiojtmpjlw.supabase.co', port=443): Failed to resolve 'vctzbruocrjiojtmpjlw.supabase.co' ([Errno 11001] getaddrinfo failed)"))

During handling of the above exception, another exception occurred:

Traceback (most recent call last):
  File "C:\Users\gomez\SweatShop\mlb_pipeline\detect_line_movement.py", line 363, in <module>
    main()
    ~~~~^^
  File "C:\Users\gomez\SweatShop\mlb_pipeline\detect_line_movement.py", line 350, in main
    steam = detect_steam(s, args.lookback_hours, now_iso, args.dry_run)
  File "C:\Users\gomez\SweatShop\mlb_pipeline\detect_line_movement.py", line 75, in detect_steam
    r = requests.get(f'{SB}/rest/v1/line_history', headers=H_READ,
        params={'sport': f'eq.{sport}',
    ...<2 lines>...
                'order': 'captured_at.asc', 'limit': 1000, 'offset': off},
        timeout=30)
  File "C:\Users\gomez\AppData\Roaming\Python\Python314\site-packages\requests\api.py", line 73, in get
    return request("get", url, params=params, **kwargs)
  File "C:\Users\gomez\AppData\Roaming\Python\Python314\site-packages\requests\api.py", line 59, in request
    return session.request(method=method, url=url, **kwargs)
           ~~~~~~~~~~~~~~~^^^^^^^^^^^^^^^^^^^^^^^^^^^^^^^^^^
  File "C:\Users\gomez\AppData\Roaming\Python\Python314\site-packages\requests\sessions.py", line 589, in request
    resp = self.send(prep, **send_kwargs)
  File "C:\Users\gomez\AppData\Roaming\Python\Python314\site-packages\requests\sessions.py", line 703, in send
    r = adapter.send(request, **kwargs)
  File "C:\Users\gomez\AppData\Roaming\Python\Python314\site-packages\requests\adapters.py", line 677, in send
    raise ConnectionError(e, request=request)
requests.exceptions.ConnectionError: HTTPSConnectionPool(host='vctzbruocrjiojtmpjlw.supabase.co', port=443): Max retries exceeded with url: /rest/v1/line_history?sport=eq.NBA&captured_at=gte.2026-10-08T09%3A45%3A51.098700%2B00%3A00&select=game_id%2Cmatchup%2Cmarket%2Cbook%2Cside%2Cline%2Cprice%2Ccaptured_at&order=captured_at.asc&limit=1000&offset=0 (Caused by NameResolutionError("HTTPSConnection(host='vctzbruocrjiojtmpjlw.supabase.co', port=443): Failed to resolve 'vctzbruocrjiojtmpjlw.supabase.co' ([Errno 11001] getaddrinfo failed)"))
-- detect_line_movement NFL 
=== detect_line_movement · NFL · lookback 6h ===
Traceback (most recent call last):
  File "C:\Users\gomez\AppData\Roaming\Python\Python314\site-packages\urllib3\connection.py", line 204, in _new_conn
    sock = connection.create_connection(
        (self._dns_host, self.port),
    ...<2 lines>...
        socket_options=self.socket_options,
    )
  File "C:\Users\gomez\AppData\Roaming\Python\Python314\site-packages\urllib3\util\connection.py", line 60, in create_connection
    for res in socket.getaddrinfo(host, port, family, socket.SOCK_STREAM):
               ~~~~~~~~~~~~~~~~~~^^^^^^^^^^^^^^^^^^^^^^^^^^^^^^^^^^^^^^^^
  File "C:\Python314\Lib\socket.py", line 983, in getaddrinfo
    for res in _socket.getaddrinfo(host, port, family, type, proto, flags):
               ~~~~~~~~~~~~~~~~~~~^^^^^^^^^^^^^^^^^^^^^^^^^^^^^^^^^^^^^^^^
socket.gaierror: [Errno 11001] getaddrinfo failed

The above exception was the direct cause of the following exception:

Traceback (most recent call last):
  File "C:\Users\gomez\AppData\Roaming\Python\Python314\site-packages\urllib3\connectionpool.py", line 787, in urlopen
    response = self._make_request(
        conn,
    ...<10 lines>...
        **response_kw,
    )
  File "C:\Users\gomez\AppData\Roaming\Python\Python314\site-packages\urllib3\connectionpool.py", line 488, in _make_request
    raise new_e
  File "C:\Users\gomez\AppData\Roaming\Python\Python314\site-packages\urllib3\connectionpool.py", line 464, in _make_request
    self._validate_conn(conn)
    ~~~~~~~~~~~~~~~~~~~^^^^^^
  File "C:\Users\gomez\AppData\Roaming\Python\Python314\site-packages\urllib3\connectionpool.py", line 1093, in _validate_conn
    conn.connect()
    ~~~~~~~~~~~~^^
  File "C:\Users\gomez\AppData\Roaming\Python\Python314\site-packages\urllib3\connection.py", line 759, in connect
    self.sock = sock = self._new_conn()
                       ~~~~~~~~~~~~~~^^
  File "C:\Users\gomez\AppData\Roaming\Python\Python314\site-packages\urllib3\connection.py", line 211, in _new_conn
    raise NameResolutionError(self.host, self, e) from e
urllib3.exceptions.NameResolutionError: HTTPSConnection(host='vctzbruocrjiojtmpjlw.supabase.co', port=443): Failed to resolve 'vctzbruocrjiojtmpjlw.supabase.co' ([Errno 11001] getaddrinfo failed)

The above exception was the direct cause of the following exception:

Traceback (most recent call last):
  File "C:\Users\gomez\AppData\Roaming\Python\Python314\site-packages\requests\adapters.py", line 644, in send
    resp = conn.urlopen(
        method=request.method,
    ...<9 lines>...
        chunked=chunked,
    )
  File "C:\Users\gomez\AppData\Roaming\Python\Python314\site-packages\urllib3\connectionpool.py", line 841, in urlopen
    retries = retries.increment(
        method, url, error=new_e, _pool=self, _stacktrace=sys.exc_info()[2]
    )
  File "C:\Users\gomez\AppData\Roaming\Python\Python314\site-packages\urllib3\util\retry.py", line 535, in increment
    raise MaxRetryError(_pool, url, reason) from reason  # type: ignore[arg-type]
    ^^^^^^^^^^^^^^^^^^^^^^^^^^^^^^^^^^^^^^^^^^^^^^^^^^^
urllib3.exceptions.MaxRetryError: HTTPSConnectionPool(host='vctzbruocrjiojtmpjlw.supabase.co', port=443): Max retries exceeded with url: /rest/v1/line_history?sport=eq.NFL&captured_at=gte.2026-10-08T09%3A45%3A51.409582%2B00%3A00&select=game_id%2Cmatchup%2Cmarket%2Cbook%2Cside%2Cline%2Cprice%2Ccaptured_at&order=captured_at.asc&limit=1000&offset=0 (Caused by NameResolutionError("HTTPSConnection(host='vctzbruocrjiojtmpjlw.supabase.co', port=443): Failed to resolve 'vctzbruocrjiojtmpjlw.supabase.co' ([Errno 11001] getaddrinfo failed)"))

During handling of the above exception, another exception occurred:

Traceback (most recent call last):
  File "C:\Users\gomez\SweatShop\mlb_pipeline\detect_line_movement.py", line 363, in <module>
    main()
    ~~~~^^
  File "C:\Users\gomez\SweatShop\mlb_pipeline\detect_line_movement.py", line 350, in main
    steam = detect_steam(s, args.lookback_hours, now_iso, args.dry_run)
  File "C:\Users\gomez\SweatShop\mlb_pipeline\detect_line_movement.py", line 75, in detect_steam
    r = requests.get(f'{SB}/rest/v1/line_history', headers=H_READ,
        params={'sport': f'eq.{sport}',
    ...<2 lines>...
                'order': 'captured_at.asc', 'limit': 1000, 'offset': off},
        timeout=30)
  File "C:\Users\gomez\AppData\Roaming\Python\Python314\site-packages\requests\api.py", line 73, in get
    return request("get", url, params=params, **kwargs)
  File "C:\Users\gomez\AppData\Roaming\Python\Python314\site-packages\requests\api.py", line 59, in request
    return session.request(method=method, url=url, **kwargs)
           ~~~~~~~~~~~~~~~^^^^^^^^^^^^^^^^^^^^^^^^^^^^^^^^^^
  File "C:\Users\gomez\AppData\Roaming\Python\Python314\site-packages\requests\sessions.py", line 589, in request
    resp = self.send(prep, **send_kwargs)
  File "C:\Users\gomez\AppData\Roaming\Python\Python314\site-packages\requests\sessions.py", line 703, in send
    r = adapter.send(request, **kwargs)
  File "C:\Users\gomez\AppData\Roaming\Python\Python314\site-packages\requests\adapters.py", line 677, in send
    raise ConnectionError(e, request=request)
requests.exceptions.ConnectionError: HTTPSConnectionPool(host='vctzbruocrjiojtmpjlw.supabase.co', port=443): Max retries exceeded with url: /rest/v1/line_history?sport=eq.NFL&captured_at=gte.2026-10-08T09%3A45%3A51.409582%2B00%3A00&select=game_id%2Cmatchup%2Cmarket%2Cbook%2Cside%2Cline%2Cprice%2Ccaptured_at&order=captured_at.asc&limit=1000&offset=0 (Caused by NameResolutionError("HTTPSConnection(host='vctzbruocrjiojtmpjlw.supabase.co', port=443): Failed to resolve 'vctzbruocrjiojtmpjlw.supabase.co' ([Errno 11001] getaddrinfo failed)"))
-- detect_line_movement NCAAF 
=== detect_line_movement · NCAAF · lookback 6h ===
Traceback (most recent call last):
  File "C:\Users\gomez\AppData\Roaming\Python\Python314\site-packages\urllib3\connection.py", line 204, in _new_conn
    sock = connection.create_connection(
        (self._dns_host, self.port),
    ...<2 lines>...
        socket_options=self.socket_options,
    )
  File "C:\Users\gomez\AppData\Roaming\Python\Python314\site-packages\urllib3\util\connection.py", line 60, in create_connection
    for res in socket.getaddrinfo(host, port, family, socket.SOCK_STREAM):
               ~~~~~~~~~~~~~~~~~~^^^^^^^^^^^^^^^^^^^^^^^^^^^^^^^^^^^^^^^^
  File "C:\Python314\Lib\socket.py", line 983, in getaddrinfo
    for res in _socket.getaddrinfo(host, port, family, type, proto, flags):
               ~~~~~~~~~~~~~~~~~~~^^^^^^^^^^^^^^^^^^^^^^^^^^^^^^^^^^^^^^^^
socket.gaierror: [Errno 11001] getaddrinfo failed

The above exception was the direct cause of the following exception:

Traceback (most recent call last):
  File "C:\Users\gomez\AppData\Roaming\Python\Python314\site-packages\urllib3\connectionpool.py", line 787, in urlopen
    response = self._make_request(
        conn,
    ...<10 lines>...
        **response_kw,
    )
  File "C:\Users\gomez\AppData\Roaming\Python\Python314\site-packages\urllib3\connectionpool.py", line 488, in _make_request
    raise new_e
  File "C:\Users\gomez\AppData\Roaming\Python\Python314\site-packages\urllib3\connectionpool.py", line 464, in _make_request
    self._validate_conn(conn)
    ~~~~~~~~~~~~~~~~~~~^^^^^^
  File "C:\Users\gomez\AppData\Roaming\Python\Python314\site-packages\urllib3\connectionpool.py", line 1093, in _validate_conn
    conn.connect()
    ~~~~~~~~~~~~^^
  File "C:\Users\gomez\AppData\Roaming\Python\Python314\site-packages\urllib3\connection.py", line 759, in connect
    self.sock = sock = self._new_conn()
                       ~~~~~~~~~~~~~~^^
  File "C:\Users\gomez\AppData\Roaming\Python\Python314\site-packages\urllib3\connection.py", line 211, in _new_conn
    raise NameResolutionError(self.host, self, e) from e
urllib3.exceptions.NameResolutionError: HTTPSConnection(host='vctzbruocrjiojtmpjlw.supabase.co', port=443): Failed to resolve 'vctzbruocrjiojtmpjlw.supabase.co' ([Errno 11001] getaddrinfo failed)

The above exception was the direct cause of the following exception:

Traceback (most recent call last):
  File "C:\Users\gomez\AppData\Roaming\Python\Python314\site-packages\requests\adapters.py", line 644, in send
    resp = conn.urlopen(
        method=request.method,
    ...<9 lines>...
        chunked=chunked,
    )
  File "C:\Users\gomez\AppData\Roaming\Python\Python314\site-packages\urllib3\connectionpool.py", line 841, in urlopen
    retries = retries.increment(
        method, url, error=new_e, _pool=self, _stacktrace=sys.exc_info()[2]
    )
  File "C:\Users\gomez\AppData\Roaming\Python\Python314\site-packages\urllib3\util\retry.py", line 535, in increment
    raise MaxRetryError(_pool, url, reason) from reason  # type: ignore[arg-type]
    ^^^^^^^^^^^^^^^^^^^^^^^^^^^^^^^^^^^^^^^^^^^^^^^^^^^
urllib3.exceptions.MaxRetryError: HTTPSConnectionPool(host='vctzbruocrjiojtmpjlw.supabase.co', port=443): Max retries exceeded with url: /rest/v1/line_history?sport=eq.NCAAF&captured_at=gte.2026-10-08T09%3A45%3A51.874375%2B00%3A00&select=game_id%2Cmatchup%2Cmarket%2Cbook%2Cside%2Cline%2Cprice%2Ccaptured_at&order=captured_at.asc&limit=1000&offset=0 (Caused by NameResolutionError("HTTPSConnection(host='vctzbruocrjiojtmpjlw.supabase.co', port=443): Failed to resolve 'vctzbruocrjiojtmpjlw.supabase.co' ([Errno 11001] getaddrinfo failed)"))

During handling of the above exception, another exception occurred:

Traceback (most recent call last):
  File "C:\Users\gomez\SweatShop\mlb_pipeline\detect_line_movement.py", line 363, in <module>
    main()
    ~~~~^^
  File "C:\Users\gomez\SweatShop\mlb_pipeline\detect_line_movement.py", line 350, in main
    steam = detect_steam(s, args.lookback_hours, now_iso, args.dry_run)
  File "C:\Users\gomez\SweatShop\mlb_pipeline\detect_line_movement.py", line 75, in detect_steam
    r = requests.get(f'{SB}/rest/v1/line_history', headers=H_READ,
        params={'sport': f'eq.{sport}',
    ...<2 lines>...
                'order': 'captured_at.asc', 'limit': 1000, 'offset': off},
        timeout=30)
  File "C:\Users\gomez\AppData\Roaming\Python\Python314\site-packages\requests\api.py", line 73, in get
    return request("get", url, params=params, **kwargs)
  File "C:\Users\gomez\AppData\Roaming\Python\Python314\site-packages\requests\api.py", line 59, in request
    return session.request(method=method, url=url, **kwargs)
           ~~~~~~~~~~~~~~~^^^^^^^^^^^^^^^^^^^^^^^^^^^^^^^^^^
  File "C:\Users\gomez\AppData\Roaming\Python\Python314\site-packages\requests\sessions.py", line 589, in request
    resp = self.send(prep, **send_kwargs)
  File "C:\Users\gomez\AppData\Roaming\Python\Python314\site-packages\requests\sessions.py", line 703, in send
    r = adapter.send(request, **kwargs)
  File "C:\Users\gomez\AppData\Roaming\Python\Python314\site-packages\requests\adapters.py", line 677, in send
    raise ConnectionError(e, request=request)
requests.exceptions.ConnectionError: HTTPSConnectionPool(host='vctzbruocrjiojtmpjlw.supabase.co', port=443): Max retries exceeded with url: /rest/v1/line_history?sport=eq.NCAAF&captured_at=gte.2026-10-08T09%3A45%3A51.874375%2B00%3A00&select=game_id%2Cmatchup%2Cmarket%2Cbook%2Cside%2Cline%2Cprice%2Ccaptured_at&order=captured_at.asc&limit=1000&offset=0 (Caused by NameResolutionError("HTTPSConnection(host='vctzbruocrjiojtmpjlw.supabase.co', port=443): Failed to resolve 'vctzbruocrjiojtmpjlw.supabase.co' ([Errno 11001] getaddrinfo failed)"))
-- detect_line_movement NCAAB 
=== detect_line_movement · NCAAB · lookback 6h ===
Traceback (most recent call last):
  File "C:\Users\gomez\AppData\Roaming\Python\Python314\site-packages\urllib3\connection.py", line 204, in _new_conn
    sock = connection.create_connection(
        (self._dns_host, self.port),
    ...<2 lines>...
        socket_options=self.socket_options,
    )
  File "C:\Users\gomez\AppData\Roaming\Python\Python314\site-packages\urllib3\util\connection.py", line 60, in create_connection
    for res in socket.getaddrinfo(host, port, family, socket.SOCK_STREAM):
               ~~~~~~~~~~~~~~~~~~^^^^^^^^^^^^^^^^^^^^^^^^^^^^^^^^^^^^^^^^
  File "C:\Python314\Lib\socket.py", line 983, in getaddrinfo
    for res in _socket.getaddrinfo(host, port, family, type, proto, flags):
               ~~~~~~~~~~~~~~~~~~~^^^^^^^^^^^^^^^^^^^^^^^^^^^^^^^^^^^^^^^^
socket.gaierror: [Errno 11001] getaddrinfo failed

The above exception was the direct cause of the following exception:

Traceback (most recent call last):
  File "C:\Users\gomez\AppData\Roaming\Python\Python314\site-packages\urllib3\connectionpool.py", line 787, in urlopen
    response = self._make_request(
        conn,
    ...<10 lines>...
        **response_kw,
    )
  File "C:\Users\gomez\AppData\Roaming\Python\Python314\site-packages\urllib3\connectionpool.py", line 488, in _make_request
    raise new_e
  File "C:\Users\gomez\AppData\Roaming\Python\Python314\site-packages\urllib3\connectionpool.py", line 464, in _make_request
    self._validate_conn(conn)
    ~~~~~~~~~~~~~~~~~~~^^^^^^
  File "C:\Users\gomez\AppData\Roaming\Python\Python314\site-packages\urllib3\connectionpool.py", line 1093, in _validate_conn
    conn.connect()
    ~~~~~~~~~~~~^^
  File "C:\Users\gomez\AppData\Roaming\Python\Python314\site-packages\urllib3\connection.py", line 759, in connect
    self.sock = sock = self._new_conn()
                       ~~~~~~~~~~~~~~^^
  File "C:\Users\gomez\AppData\Roaming\Python\Python314\site-packages\urllib3\connection.py", line 211, in _new_conn
    raise NameResolutionError(self.host, self, e) from e
urllib3.exceptions.NameResolutionError: HTTPSConnection(host='vctzbruocrjiojtmpjlw.supabase.co', port=443): Failed to resolve 'vctzbruocrjiojtmpjlw.supabase.co' ([Errno 11001] getaddrinfo failed)

The above exception was the direct cause of the following exception:

Traceback (most recent call last):
  File "C:\Users\gomez\AppData\Roaming\Python\Python314\site-packages\requests\adapters.py", line 644, in send
    resp = conn.urlopen(
        method=request.method,
    ...<9 lines>...
        chunked=chunked,
    )
  File "C:\Users\gomez\AppData\Roaming\Python\Python314\site-packages\urllib3\connectionpool.py", line 841, in urlopen
    retries = retries.increment(
        method, url, error=new_e, _pool=self, _stacktrace=sys.exc_info()[2]
    )
  File "C:\Users\gomez\AppData\Roaming\Python\Python314\site-packages\urllib3\util\retry.py", line 535, in increment
    raise MaxRetryError(_pool, url, reason) from reason  # type: ignore[arg-type]
    ^^^^^^^^^^^^^^^^^^^^^^^^^^^^^^^^^^^^^^^^^^^^^^^^^^^
urllib3.exceptions.MaxRetryError: HTTPSConnectionPool(host='vctzbruocrjiojtmpjlw.supabase.co', port=443): Max retries exceeded with url: /rest/v1/line_history?sport=eq.NCAAB&captured_at=gte.2026-10-08T09%3A45%3A53.841749%2B00%3A00&select=game_id%2Cmatchup%2Cmarket%2Cbook%2Cside%2Cline%2Cprice%2Ccaptured_at&order=captured_at.asc&limit=1000&offset=0 (Caused by NameResolutionError("HTTPSConnection(host='vctzbruocrjiojtmpjlw.supabase.co', port=443): Failed to resolve 'vctzbruocrjiojtmpjlw.supabase.co' ([Errno 11001] getaddrinfo failed)"))

During handling of the above exception, another exception occurred:

Traceback (most recent call last):
  File "C:\Users\gomez\SweatShop\mlb_pipeline\detect_line_movement.py", line 363, in <module>
    main()
    ~~~~^^
  File "C:\Users\gomez\SweatShop\mlb_pipeline\detect_line_movement.py", line 350, in main
    steam = detect_steam(s, args.lookback_hours, now_iso, args.dry_run)
  File "C:\Users\gomez\SweatShop\mlb_pipeline\detect_line_movement.py", line 75, in detect_steam
    r = requests.get(f'{SB}/rest/v1/line_history', headers=H_READ,
        params={'sport': f'eq.{sport}',
    ...<2 lines>...
                'order': 'captured_at.asc', 'limit': 1000, 'offset': off},
        timeout=30)
  File "C:\Users\gomez\AppData\Roaming\Python\Python314\site-packages\requests\api.py", line 73, in get
    return request("get", url, params=params, **kwargs)
  File "C:\Users\gomez\AppData\Roaming\Python\Python314\site-packages\requests\api.py", line 59, in request
    return session.request(method=method, url=url, **kwargs)
           ~~~~~~~~~~~~~~~^^^^^^^^^^^^^^^^^^^^^^^^^^^^^^^^^^
  File "C:\Users\gomez\AppData\Roaming\Python\Python314\site-packages\requests\sessions.py", line 589, in request
    resp = self.send(prep, **send_kwargs)
  File "C:\Users\gomez\AppData\Roaming\Python\Python314\site-packages\requests\sessions.py", line 703, in send
    r = adapter.send(request, **kwargs)
  File "C:\Users\gomez\AppData\Roaming\Python\Python314\site-packages\requests\adapters.py", line 677, in send
    raise ConnectionError(e, request=request)
requests.exceptions.ConnectionError: HTTPSConnectionPool(host='vctzbruocrjiojtmpjlw.supabase.co', port=443): Max retries exceeded with url: /rest/v1/line_history?sport=eq.NCAAB&captured_at=gte.2026-10-08T09%3A45%3A53.841749%2B00%3A00&select=game_id%2Cmatchup%2Cmarket%2Cbook%2Cside%2Cline%2Cprice%2Ccaptured_at&order=captured_at.asc&limit=1000&offset=0 (Caused by NameResolutionError("HTTPSConnection(host='vctzbruocrjiojtmpjlw.supabase.co', port=443): Failed to resolve 'vctzbruocrjiojtmpjlw.supabase.co' ([Errno 11001] getaddrinfo failed)"))
-- classify_line_moves ALL 
=== classify_line_moves · MLB/NFL/NCAAF/NCAAB/NHL/UFC  ===
Traceback (most recent call last):
  File "C:\Users\gomez\AppData\Roaming\Python\Python314\site-packages\urllib3\connection.py", line 204, in _new_conn
    sock = connection.create_connection(
        (self._dns_host, self.port),
    ...<2 lines>...
        socket_options=self.socket_options,
    )
  File "C:\Users\gomez\AppData\Roaming\Python\Python314\site-packages\urllib3\util\connection.py", line 60, in create_connection
    for res in socket.getaddrinfo(host, port, family, socket.SOCK_STREAM):
               ~~~~~~~~~~~~~~~~~~^^^^^^^^^^^^^^^^^^^^^^^^^^^^^^^^^^^^^^^^
  File "C:\Python314\Lib\socket.py", line 983, in getaddrinfo
    for res in _socket.getaddrinfo(host, port, family, type, proto, flags):
               ~~~~~~~~~~~~~~~~~~~^^^^^^^^^^^^^^^^^^^^^^^^^^^^^^^^^^^^^^^^
socket.gaierror: [Errno 11001] getaddrinfo failed

The above exception was the direct cause of the following exception:

Traceback (most recent call last):
  File "C:\Users\gomez\AppData\Roaming\Python\Python314\site-packages\urllib3\connectionpool.py", line 787, in urlopen
    response = self._make_request(
        conn,
    ...<10 lines>...
        **response_kw,
    )
  File "C:\Users\gomez\AppData\Roaming\Python\Python314\site-packages\urllib3\connectionpool.py", line 488, in _make_request
    raise new_e
  File "C:\Users\gomez\AppData\Roaming\Python\Python314\site-packages\urllib3\connectionpool.py", line 464, in _make_request
    self._validate_conn(conn)
    ~~~~~~~~~~~~~~~~~~~^^^^^^
  File "C:\Users\gomez\AppData\Roaming\Python\Python314\site-packages\urllib3\connectionpool.py", line 1093, in _validate_conn
    conn.connect()
    ~~~~~~~~~~~~^^
  File "C:\Users\gomez\AppData\Roaming\Python\Python314\site-packages\urllib3\connection.py", line 759, in connect
    self.sock = sock = self._new_conn()
                       ~~~~~~~~~~~~~~^^
  File "C:\Users\gomez\AppData\Roaming\Python\Python314\site-packages\urllib3\connection.py", line 211, in _new_conn
    raise NameResolutionError(self.host, self, e) from e
urllib3.exceptions.NameResolutionError: HTTPSConnection(host='vctzbruocrjiojtmpjlw.supabase.co', port=443): Failed to resolve 'vctzbruocrjiojtmpjlw.supabase.co' ([Errno 11001] getaddrinfo failed)

The above exception was the direct cause of the following exception:

Traceback (most recent call last):
  File "C:\Users\gomez\AppData\Roaming\Python\Python314\site-packages\requests\adapters.py", line 644, in send
    resp = conn.urlopen(
        method=request.method,
    ...<9 lines>...
        chunked=chunked,
    )
  File "C:\Users\gomez\AppData\Roaming\Python\Python314\site-packages\urllib3\connectionpool.py", line 871, in urlopen
    return self.urlopen(
           ~~~~~~~~~~~~^
        method,
        ^^^^^^^
    ...<13 lines>...
        **response_kw,
        ^^^^^^^^^^^^^^
    )
    ^
  File "C:\Users\gomez\AppData\Roaming\Python\Python314\site-packages\urllib3\connectionpool.py", line 871, in urlopen
    return self.urlopen(
           ~~~~~~~~~~~~^
        method,
        ^^^^^^^
    ...<13 lines>...
        **response_kw,
        ^^^^^^^^^^^^^^
    )
    ^
  File "C:\Users\gomez\AppData\Roaming\Python\Python314\site-packages\urllib3\connectionpool.py", line 871, in urlopen
    return self.urlopen(
           ~~~~~~~~~~~~^
        method,
        ^^^^^^^
    ...<13 lines>...
        **response_kw,
        ^^^^^^^^^^^^^^
    )
    ^
  File "C:\Users\gomez\AppData\Roaming\Python\Python314\site-packages\urllib3\connectionpool.py", line 841, in urlopen
    retries = retries.increment(
        method, url, error=new_e, _pool=self, _stacktrace=sys.exc_info()[2]
    )
  File "C:\Users\gomez\AppData\Roaming\Python\Python314\site-packages\urllib3\util\retry.py", line 535, in increment
    raise MaxRetryError(_pool, url, reason) from reason  # type: ignore[arg-type]
    ^^^^^^^^^^^^^^^^^^^^^^^^^^^^^^^^^^^^^^^^^^^^^^^^^^^
urllib3.exceptions.MaxRetryError: HTTPSConnectionPool(host='vctzbruocrjiojtmpjlw.supabase.co', port=443): Max retries exceeded with url: /rest/v1/line_movement_flags?sport=eq.MLB&first_seen_at=gte.2026-10-07T15:45:54.083075%2B00:00&select=id,game_id,market,side,pattern,detail,first_seen_at,classification (Caused by NameResolutionError("HTTPSConnection(host='vctzbruocrjiojtmpjlw.supabase.co', port=443): Failed to resolve 'vctzbruocrjiojtmpjlw.supabase.co' ([Errno 11001] getaddrinfo failed)"))

During handling of the above exception, another exception occurred:

Traceback (most recent call last):
  File "C:\Users\gomez\SweatShop\mlb_pipeline\classify_line_moves.py", line 601, in <module>
    main()
    ~~~~^^
  File "C:\Users\gomez\SweatShop\mlb_pipeline\classify_line_moves.py", line 595, in main
    w, n = run_sport(s, dry_run=args.dry_run, since_hours=args.since_hours)
           ~~~~~~~~~^^^^^^^^^^^^^^^^^^^^^^^^^^^^^^^^^^^^^^^^^^^^^^^^^^^^^^^
  File "C:\Users\gomez\SweatShop\mlb_pipeline\classify_line_moves.py", line 551, in run_sport
    flags = fetch_flags(sport, since_hours=since_hours)
  File "C:\Users\gomez\SweatShop\mlb_pipeline\classify_line_moves.py", line 75, in fetch_flags
    r = _SESSION.get(
        f'{SB}/rest/v1/line_movement_flags'
        f'?sport=eq.{sport}&first_seen_at=gte.{since}'
        f'&select=id,game_id,market,side,pattern,detail,first_seen_at,classification',
        headers=H_READ, timeout=20)
  File "C:\Users\gomez\AppData\Roaming\Python\Python314\site-packages\requests\sessions.py", line 602, in get
    return self.request("GET", url, **kwargs)
           ~~~~~~~~~~~~^^^^^^^^^^^^^^^^^^^^^^
  File "C:\Users\gomez\AppData\Roaming\Python\Python314\site-packages\requests\sessions.py", line 589, in request
    resp = self.send(prep, **send_kwargs)
  File "C:\Users\gomez\AppData\Roaming\Python\Python314\site-packages\requests\sessions.py", line 703, in send
    r = adapter.send(request, **kwargs)
  File "C:\Users\gomez\AppData\Roaming\Python\Python314\site-packages\requests\adapters.py", line 677, in send
    raise ConnectionError(e, request=request)
requests.exceptions.ConnectionError: HTTPSConnectionPool(host='vctzbruocrjiojtmpjlw.supabase.co', port=443): Max retries exceeded with url: /rest/v1/line_movement_flags?sport=eq.MLB&first_seen_at=gte.2026-10-07T15:45:54.083075%2B00:00&select=id,game_id,market,side,pattern,detail,first_seen_at,classification (Caused by NameResolutionError("HTTPSConnection(host='vctzbruocrjiojtmpjlw.supabase.co', port=443): Failed to resolve 'vctzbruocrjiojtmpjlw.supabase.co' ([Errno 11001] getaddrinfo failed)"))
======== [Thu 10/08/2026 11:45:56.51] FAILED STEPS: nhl_odds_pull.py nba_odds_pull.py nfl_odds_pull.py ncaaf_odds_pull.py ncaab_odds_pull.py detect:NHL detect:NBA detect:NFL detect:NCAAF detect:NCAAB classify ======== 
 
======== [Thu 10/08/2026 11:56:02.42] multisport poller start ======== 
-- nhl_odds_pull.py 
=== NHL odds pull · 2026-10-08 11:56 ET ===
  Odds API ok · quota left 4974091
  events: 15 · rows built: 15
  date span: 2026-10-08 .. 2026-10-10 (3 dates)
  line_history: 740 rows from 15 events
  ✓ upserted 15/15 games into nhl_game_results
-- nba_odds_pull.py 
=== NBA odds pull · 2026-10-08 11:56 ET ===
  Odds API ok · quota left 4974088
  events: 46 · rows built: 46
  date span: 2026-10-20 .. 2026-12-25 (12 dates)
  line_history: 992 rows from 46 events
  ✓ upserted 46/46 games into nba_game_results
-- nfl_odds_pull.py 
=== NFL odds pull · 2026-10-08 ===
  alias map: 32 team-name variants
  americanfootball_nfl: 29 events
    line_history: 1566 rows from 29 events
    ✓ wrote 29 rows to nfl_game_results

=== Summary: 29 games ===
-- ncaaf_odds_pull.py 
=== NCAAF odds pull · 2026-10-08 ===
  alias map: 2871 name variants
  Odds API events: 70
    line_history: 3404 rows from 70 events

✓ wrote 70 rows to ncaaf_game_results
-- ncaab_odds_pull.py 
=== NCAAB odds pull · 2026-10-08 ===
  alias map: 1542 name variants
  Odds API events: 0
  (offseason or no lines posted)
-- detect_line_movement NHL 
=== detect_line_movement · NHL · lookback 6h ===
  wrote 14 flags

TOTAL flags written: 14
-- detect_line_movement NBA 
=== detect_line_movement · NBA · lookback 6h ===

TOTAL flags written: 0
-- detect_line_movement NFL 
=== detect_line_movement · NFL · lookback 6h ===
  wrote 35 flags

TOTAL flags written: 35
-- detect_line_movement NCAAF 
=== detect_line_movement · NCAAF · lookback 6h ===
  wrote 65 flags

TOTAL flags written: 65
-- detect_line_movement NCAAB 
=== detect_line_movement · NCAAB · lookback 6h ===

TOTAL flags written: 0
-- classify_line_moves ALL 
=== classify_line_moves · MLB/NFL/NCAAF/NCAAB/NHL/UFC  ===
  MLB: 18 flags in last 24h
  MLB: classifications → PATTERN_ONLY=13, NEUTRAL=3, CONSENSUS_CONFIRMED=2
  NFL: 79 flags in last 24h
  NFL: classifications → PATTERN_ONLY=78, CONSENSUS_CONFIRMED=1
  NCAAF: 193 flags in last 24h
  NCAAF: classifications → NEUTRAL=27, PATTERN_ONLY=129, CONSENSUS_CONFIRMED=3, CONSENSUS_LEAN=14, SHARP_MOVE_LEAN=11, SHARP_MOVE_CONFIRMED=2, PUBLIC_MOVE_LEAN=7
  NCAAB: 0 flags in last 24h
  NHL: 49 flags in last 24h
  NHL: classifications → CONSENSUS_LEAN=14, PATTERN_ONLY=13, NEUTRAL=19, SHARP_MOVE_LEAN=2, PUBLIC_MOVE_LEAN=1
  UFC: 0 flags in last 24h

  ✓ 339/339 flags classified
======== [Thu 10/08/2026 12:02:43.77] all steps ok ======== 
 
======== [Thu 10/08/2026 12:26:02.45] multisport poller start ======== 
-- nhl_odds_pull.py 
=== NHL odds pull · 2026-10-08 12:26 ET ===
  Odds API ok · quota left 4974052
  events: 15 · rows built: 15
  date span: 2026-10-08 .. 2026-10-10 (3 dates)
  line_history: 740 rows from 15 events
  ✓ upserted 15/15 games into nhl_game_results
-- nba_odds_pull.py 
=== NBA odds pull · 2026-10-08 12:26 ET ===
  Odds API ok · quota left 4974049
  events: 46 · rows built: 46
  date span: 2026-10-20 .. 2026-12-25 (12 dates)
  line_history: 992 rows from 46 events
  ✓ upserted 46/46 games into nba_game_results
-- nfl_odds_pull.py 
=== NFL odds pull · 2026-10-08 ===
  alias map: 32 team-name variants
  americanfootball_nfl: 29 events
    line_history: 1566 rows from 29 events
    ✓ wrote 29 rows to nfl_game_results

=== Summary: 29 games ===
-- ncaaf_odds_pull.py 
=== NCAAF odds pull · 2026-10-08 ===
  alias map: 2871 name variants
  Odds API events: 70
    line_history: 3404 rows from 70 events

✓ wrote 70 rows to ncaaf_game_results
-- ncaab_odds_pull.py 
=== NCAAB odds pull · 2026-10-08 ===
  alias map: 1542 name variants
  Odds API events: 0
  (offseason or no lines posted)
-- detect_line_movement NHL 
=== detect_line_movement · NHL · lookback 6h ===
  wrote 16 flags

TOTAL flags written: 16
-- detect_line_movement NBA 
=== detect_line_movement · NBA · lookback 6h ===

TOTAL flags written: 0
-- detect_line_movement NFL 
=== detect_line_movement · NFL · lookback 6h ===
  wrote 47 flags

TOTAL flags written: 47
-- detect_line_movement NCAAF 
=== detect_line_movement · NCAAF · lookback 6h ===
  wrote 77 flags

TOTAL flags written: 77
-- detect_line_movement NCAAB 
=== detect_line_movement · NCAAB · lookback 6h ===

TOTAL flags written: 0
-- classify_line_moves ALL 
=== classify_line_moves · MLB/NFL/NCAAF/NCAAB/NHL/UFC  ===
  MLB: 18 flags in last 24h
  MLB: classifications → PATTERN_ONLY=13, NEUTRAL=3, CONSENSUS_CONFIRMED=2
  NFL: 82 flags in last 24h
  NFL: classifications → PATTERN_ONLY=81, CONSENSUS_CONFIRMED=1
  NCAAF: 198 flags in last 24h
  NCAAF: classifications → PATTERN_ONLY=129, SHARP_MOVE_LEAN=12, SHARP_MOVE_CONFIRMED=2, NEUTRAL=29, PUBLIC_MOVE_LEAN=9, CONSENSUS_CONFIRMED=3, CONSENSUS_LEAN=14
  NCAAB: 0 flags in last 24h
  NHL: 51 flags in last 24h
  NHL: classifications → PATTERN_ONLY=15, CONSENSUS_LEAN=14, NEUTRAL=19, SHARP_MOVE_LEAN=2, PUBLIC_MOVE_LEAN=1
  UFC: 0 flags in last 24h

  ✓ 349/349 flags classified
======== [Thu 10/08/2026 12:32:56.23] all steps ok ======== 
 
======== [Thu 10/08/2026 12:56:02.81] multisport poller start ======== 
-- nhl_odds_pull.py 
=== NHL odds pull · 2026-10-08 12:56 ET ===
  Odds API ok · quota left 4974013
  events: 15 · rows built: 15
  date span: 2026-10-08 .. 2026-10-10 (3 dates)
  line_history: 742 rows from 15 events
  ✓ upserted 15/15 games into nhl_game_results
-- nba_odds_pull.py 
=== NBA odds pull · 2026-10-08 12:56 ET ===
  Odds API ok · quota left 4974010
  events: 46 · rows built: 46
  date span: 2026-10-20 .. 2026-12-25 (12 dates)
  line_history: 992 rows from 46 events
  ✓ upserted 46/46 games into nba_game_results
-- nfl_odds_pull.py 
=== NFL odds pull · 2026-10-08 ===
  alias map: 32 team-name variants
  americanfootball_nfl: 29 events
    line_history: 1568 rows from 29 events
    ✓ wrote 29 rows to nfl_game_results

=== Summary: 29 games ===
-- ncaaf_odds_pull.py 
=== NCAAF odds pull · 2026-10-08 ===
  alias map: 2871 name variants
  Odds API events: 70
    line_history: 3398 rows from 70 events

✓ wrote 70 rows to ncaaf_game_results
-- ncaab_odds_pull.py 
=== NCAAB odds pull · 2026-10-08 ===
  alias map: 1542 name variants
  Odds API events: 0
  (offseason or no lines posted)
-- detect_line_movement NHL 
=== detect_line_movement · NHL · lookback 6h ===
  wrote 17 flags

TOTAL flags written: 17
-- detect_line_movement NBA 
=== detect_line_movement · NBA · lookback 6h ===
  wrote 3 flags

TOTAL flags written: 3
-- detect_line_movement NFL 
=== detect_line_movement · NFL · lookback 6h ===
  wrote 48 flags

TOTAL flags written: 48
-- detect_line_movement NCAAF 
=== detect_line_movement · NCAAF · lookback 6h ===
  wrote 83 flags

TOTAL flags written: 83
-- detect_line_movement NCAAB 
=== detect_line_movement · NCAAB · lookback 6h ===

TOTAL flags written: 0
-- classify_line_moves ALL 
=== classify_line_moves · MLB/NFL/NCAAF/NCAAB/NHL/UFC  ===
  MLB: 18 flags in last 24h
  MLB: classifications → PATTERN_ONLY=13, NEUTRAL=3, CONSENSUS_CONFIRMED=2
  NFL: 83 flags in last 24h
  NFL: classifications → PATTERN_ONLY=82, CONSENSUS_CONFIRMED=1
  NCAAF: 200 flags in last 24h
  NCAAF: classifications → NEUTRAL=29, SHARP_MOVE_LEAN=13, PATTERN_ONLY=129, CONSENSUS_CONFIRMED=4, CONSENSUS_LEAN=14, PUBLIC_MOVE_LEAN=9, SHARP_MOVE_CONFIRMED=2
  NCAAB: 0 flags in last 24h
  NHL: 51 flags in last 24h
  NHL: classifications → PATTERN_ONLY=15, CONSENSUS_LEAN=14, NEUTRAL=19, PUBLIC_MOVE_LEAN=1, SHARP_MOVE_LEAN=2
  UFC: 0 flags in last 24h

  ✓ 352/352 flags classified
======== [Thu 10/08/2026 13:01:03.34] all steps ok ======== 
 
======== [Thu 10/08/2026 15:06:48.91] multisport poller start ======== 
-- nhl_odds_pull.py 
=== NHL odds pull · 2026-10-08 15:06 ET ===
Traceback (most recent call last):
  File "C:\Users\gomez\AppData\Roaming\Python\Python314\site-packages\urllib3\connection.py", line 204, in _new_conn
    sock = connection.create_connection(
        (self._dns_host, self.port),
    ...<2 lines>...
        socket_options=self.socket_options,
    )
  File "C:\Users\gomez\AppData\Roaming\Python\Python314\site-packages\urllib3\util\connection.py", line 60, in create_connection
    for res in socket.getaddrinfo(host, port, family, socket.SOCK_STREAM):
               ~~~~~~~~~~~~~~~~~~^^^^^^^^^^^^^^^^^^^^^^^^^^^^^^^^^^^^^^^^
  File "C:\Python314\Lib\socket.py", line 983, in getaddrinfo
    for res in _socket.getaddrinfo(host, port, family, type, proto, flags):
               ~~~~~~~~~~~~~~~~~~~^^^^^^^^^^^^^^^^^^^^^^^^^^^^^^^^^^^^^^^^
socket.gaierror: [Errno 11001] getaddrinfo failed

The above exception was the direct cause of the following exception:

Traceback (most recent call last):
  File "C:\Users\gomez\AppData\Roaming\Python\Python314\site-packages\urllib3\connectionpool.py", line 787, in urlopen
    response = self._make_request(
        conn,
    ...<10 lines>...
        **response_kw,
    )
  File "C:\Users\gomez\AppData\Roaming\Python\Python314\site-packages\urllib3\connectionpool.py", line 488, in _make_request
    raise new_e
  File "C:\Users\gomez\AppData\Roaming\Python\Python314\site-packages\urllib3\connectionpool.py", line 464, in _make_request
    self._validate_conn(conn)
    ~~~~~~~~~~~~~~~~~~~^^^^^^
  File "C:\Users\gomez\AppData\Roaming\Python\Python314\site-packages\urllib3\connectionpool.py", line 1093, in _validate_conn
    conn.connect()
    ~~~~~~~~~~~~^^
  File "C:\Users\gomez\AppData\Roaming\Python\Python314\site-packages\urllib3\connection.py", line 759, in connect
    self.sock = sock = self._new_conn()
                       ~~~~~~~~~~~~~~^^
  File "C:\Users\gomez\AppData\Roaming\Python\Python314\site-packages\urllib3\connection.py", line 211, in _new_conn
    raise NameResolutionError(self.host, self, e) from e
urllib3.exceptions.NameResolutionError: HTTPSConnection(host='api.the-odds-api.com', port=443): Failed to resolve 'api.the-odds-api.com' ([Errno 11001] getaddrinfo failed)

The above exception was the direct cause of the following exception:

Traceback (most recent call last):
  File "C:\Users\gomez\AppData\Roaming\Python\Python314\site-packages\requests\adapters.py", line 644, in send
    resp = conn.urlopen(
        method=request.method,
    ...<9 lines>...
        chunked=chunked,
    )
  File "C:\Users\gomez\AppData\Roaming\Python\Python314\site-packages\urllib3\connectionpool.py", line 841, in urlopen
    retries = retries.increment(
        method, url, error=new_e, _pool=self, _stacktrace=sys.exc_info()[2]
    )
  File "C:\Users\gomez\AppData\Roaming\Python\Python314\site-packages\urllib3\util\retry.py", line 535, in increment
    raise MaxRetryError(_pool, url, reason) from reason  # type: ignore[arg-type]
    ^^^^^^^^^^^^^^^^^^^^^^^^^^^^^^^^^^^^^^^^^^^^^^^^^^^
urllib3.exceptions.MaxRetryError: HTTPSConnectionPool(host='api.the-odds-api.com', port=443): Max retries exceeded with url: /v4/sports/icehockey_nhl/odds?apiKey=7526d2360f9203e651b629baf56fb235&regions=us&markets=h2h%2Cspreads%2Ctotals&oddsFormat=american (Caused by NameResolutionError("HTTPSConnection(host='api.the-odds-api.com', port=443): Failed to resolve 'api.the-odds-api.com' ([Errno 11001] getaddrinfo failed)"))

During handling of the above exception, another exception occurred:

Traceback (most recent call last):
  File "C:\Users\gomez\SweatShop\mlb_pipeline\nhl_odds_pull.py", line 60, in <module>
    main()
    ~~~~^^
  File "C:\Users\gomez\SweatShop\mlb_pipeline\nhl_odds_pull.py", line 56, in main
    PULLER.run(dry_run=ap.parse_args().dry_run)
    ~~~~~~~~~~^^^^^^^^^^^^^^^^^^^^^^^^^^^^^^^^^
  File "C:\Users\gomez\SweatShop\mlb_pipeline\odds_pull_core.py", line 460, in run
    events = self.fetch()
  File "C:\Users\gomez\SweatShop\mlb_pipeline\odds_pull_core.py", line 309, in fetch
    r = requests.get(
        f'{ODDS_API_BASE}/{self.odds_sport}/odds',
        params={'apiKey': ODDS_KEY, 'regions': 'us',
                'markets': 'h2h,spreads,totals', 'oddsFormat': 'american'},
        timeout=40)
  File "C:\Users\gomez\AppData\Roaming\Python\Python314\site-packages\requests\api.py", line 73, in get
    return request("get", url, params=params, **kwargs)
  File "C:\Users\gomez\AppData\Roaming\Python\Python314\site-packages\requests\api.py", line 59, in request
    return session.request(method=method, url=url, **kwargs)
           ~~~~~~~~~~~~~~~^^^^^^^^^^^^^^^^^^^^^^^^^^^^^^^^^^
  File "C:\Users\gomez\AppData\Roaming\Python\Python314\site-packages\requests\sessions.py", line 589, in request
    resp = self.send(prep, **send_kwargs)
  File "C:\Users\gomez\AppData\Roaming\Python\Python314\site-packages\requests\sessions.py", line 703, in send
    r = adapter.send(request, **kwargs)
  File "C:\Users\gomez\AppData\Roaming\Python\Python314\site-packages\requests\adapters.py", line 677, in send
    raise ConnectionError(e, request=request)
requests.exceptions.ConnectionError: HTTPSConnectionPool(host='api.the-odds-api.com', port=443): Max retries exceeded with url: /v4/sports/icehockey_nhl/odds?apiKey=7526d2360f9203e651b629baf56fb235&regions=us&markets=h2h%2Cspreads%2Ctotals&oddsFormat=american (Caused by NameResolutionError("HTTPSConnection(host='api.the-odds-api.com', port=443): Failed to resolve 'api.the-odds-api.com' ([Errno 11001] getaddrinfo failed)"))
-- nba_odds_pull.py 
=== NBA odds pull · 2026-10-08 15:06 ET ===
Traceback (most recent call last):
  File "C:\Users\gomez\AppData\Roaming\Python\Python314\site-packages\urllib3\connection.py", line 204, in _new_conn
    sock = connection.create_connection(
        (self._dns_host, self.port),
    ...<2 lines>...
        socket_options=self.socket_options,
    )
  File "C:\Users\gomez\AppData\Roaming\Python\Python314\site-packages\urllib3\util\connection.py", line 60, in create_connection
    for res in socket.getaddrinfo(host, port, family, socket.SOCK_STREAM):
               ~~~~~~~~~~~~~~~~~~^^^^^^^^^^^^^^^^^^^^^^^^^^^^^^^^^^^^^^^^
  File "C:\Python314\Lib\socket.py", line 983, in getaddrinfo
    for res in _socket.getaddrinfo(host, port, family, type, proto, flags):
               ~~~~~~~~~~~~~~~~~~~^^^^^^^^^^^^^^^^^^^^^^^^^^^^^^^^^^^^^^^^
socket.gaierror: [Errno 11001] getaddrinfo failed

The above exception was the direct cause of the following exception:

Traceback (most recent call last):
  File "C:\Users\gomez\AppData\Roaming\Python\Python314\site-packages\urllib3\connectionpool.py", line 787, in urlopen
    response = self._make_request(
        conn,
    ...<10 lines>...
        **response_kw,
    )
  File "C:\Users\gomez\AppData\Roaming\Python\Python314\site-packages\urllib3\connectionpool.py", line 488, in _make_request
    raise new_e
  File "C:\Users\gomez\AppData\Roaming\Python\Python314\site-packages\urllib3\connectionpool.py", line 464, in _make_request
    self._validate_conn(conn)
    ~~~~~~~~~~~~~~~~~~~^^^^^^
  File "C:\Users\gomez\AppData\Roaming\Python\Python314\site-packages\urllib3\connectionpool.py", line 1093, in _validate_conn
    conn.connect()
    ~~~~~~~~~~~~^^
  File "C:\Users\gomez\AppData\Roaming\Python\Python314\site-packages\urllib3\connection.py", line 759, in connect
    self.sock = sock = self._new_conn()
                       ~~~~~~~~~~~~~~^^
  File "C:\Users\gomez\AppData\Roaming\Python\Python314\site-packages\urllib3\connection.py", line 211, in _new_conn
    raise NameResolutionError(self.host, self, e) from e
urllib3.exceptions.NameResolutionError: HTTPSConnection(host='api.the-odds-api.com', port=443): Failed to resolve 'api.the-odds-api.com' ([Errno 11001] getaddrinfo failed)

The above exception was the direct cause of the following exception:

Traceback (most recent call last):
  File "C:\Users\gomez\AppData\Roaming\Python\Python314\site-packages\requests\adapters.py", line 644, in send
    resp = conn.urlopen(
        method=request.method,
    ...<9 lines>...
        chunked=chunked,
    )
  File "C:\Users\gomez\AppData\Roaming\Python\Python314\site-packages\urllib3\connectionpool.py", line 841, in urlopen
    retries = retries.increment(
        method, url, error=new_e, _pool=self, _stacktrace=sys.exc_info()[2]
    )
  File "C:\Users\gomez\AppData\Roaming\Python\Python314\site-packages\urllib3\util\retry.py", line 535, in increment
    raise MaxRetryError(_pool, url, reason) from reason  # type: ignore[arg-type]
    ^^^^^^^^^^^^^^^^^^^^^^^^^^^^^^^^^^^^^^^^^^^^^^^^^^^
urllib3.exceptions.MaxRetryError: HTTPSConnectionPool(host='api.the-odds-api.com', port=443): Max retries exceeded with url: /v4/sports/basketball_nba/odds?apiKey=7526d2360f9203e651b629baf56fb235&regions=us&markets=h2h%2Cspreads%2Ctotals&oddsFormat=american (Caused by NameResolutionError("HTTPSConnection(host='api.the-odds-api.com', port=443): Failed to resolve 'api.the-odds-api.com' ([Errno 11001] getaddrinfo failed)"))

During handling of the above exception, another exception occurred:

Traceback (most recent call last):
  File "C:\Users\gomez\SweatShop\mlb_pipeline\nba_odds_pull.py", line 43, in <module>
    main()
    ~~~~^^
  File "C:\Users\gomez\SweatShop\mlb_pipeline\nba_odds_pull.py", line 39, in main
    PULLER.run(dry_run=ap.parse_args().dry_run)
    ~~~~~~~~~~^^^^^^^^^^^^^^^^^^^^^^^^^^^^^^^^^
  File "C:\Users\gomez\SweatShop\mlb_pipeline\odds_pull_core.py", line 460, in run
    events = self.fetch()
  File "C:\Users\gomez\SweatShop\mlb_pipeline\odds_pull_core.py", line 309, in fetch
    r = requests.get(
        f'{ODDS_API_BASE}/{self.odds_sport}/odds',
        params={'apiKey': ODDS_KEY, 'regions': 'us',
                'markets': 'h2h,spreads,totals', 'oddsFormat': 'american'},
        timeout=40)
  File "C:\Users\gomez\AppData\Roaming\Python\Python314\site-packages\requests\api.py", line 73, in get
    return request("get", url, params=params, **kwargs)
  File "C:\Users\gomez\AppData\Roaming\Python\Python314\site-packages\requests\api.py", line 59, in request
    return session.request(method=method, url=url, **kwargs)
           ~~~~~~~~~~~~~~~^^^^^^^^^^^^^^^^^^^^^^^^^^^^^^^^^^
  File "C:\Users\gomez\AppData\Roaming\Python\Python314\site-packages\requests\sessions.py", line 589, in request
    resp = self.send(prep, **send_kwargs)
  File "C:\Users\gomez\AppData\Roaming\Python\Python314\site-packages\requests\sessions.py", line 703, in send
    r = adapter.send(request, **kwargs)
  File "C:\Users\gomez\AppData\Roaming\Python\Python314\site-packages\requests\adapters.py", line 677, in send
    raise ConnectionError(e, request=request)
requests.exceptions.ConnectionError: HTTPSConnectionPool(host='api.the-odds-api.com', port=443): Max retries exceeded with url: /v4/sports/basketball_nba/odds?apiKey=7526d2360f9203e651b629baf56fb235&regions=us&markets=h2h%2Cspreads%2Ctotals&oddsFormat=american (Caused by NameResolutionError("HTTPSConnection(host='api.the-odds-api.com', port=443): Failed to resolve 'api.the-odds-api.com' ([Errno 11001] getaddrinfo failed)"))
-- nfl_odds_pull.py 
=== NFL odds pull · 2026-10-08 ===
Traceback (most recent call last):
  File "C:\Users\gomez\AppData\Roaming\Python\Python314\site-packages\urllib3\connection.py", line 204, in _new_conn
    sock = connection.create_connection(
        (self._dns_host, self.port),
    ...<2 lines>...
        socket_options=self.socket_options,
    )
  File "C:\Users\gomez\AppData\Roaming\Python\Python314\site-packages\urllib3\util\connection.py", line 60, in create_connection
    for res in socket.getaddrinfo(host, port, family, socket.SOCK_STREAM):
               ~~~~~~~~~~~~~~~~~~^^^^^^^^^^^^^^^^^^^^^^^^^^^^^^^^^^^^^^^^
  File "C:\Python314\Lib\socket.py", line 983, in getaddrinfo
    for res in _socket.getaddrinfo(host, port, family, type, proto, flags):
               ~~~~~~~~~~~~~~~~~~~^^^^^^^^^^^^^^^^^^^^^^^^^^^^^^^^^^^^^^^^
socket.gaierror: [Errno 11001] getaddrinfo failed

The above exception was the direct cause of the following exception:

Traceback (most recent call last):
  File "C:\Users\gomez\AppData\Roaming\Python\Python314\site-packages\urllib3\connectionpool.py", line 787, in urlopen
    response = self._make_request(
        conn,
    ...<10 lines>...
        **response_kw,
    )
  File "C:\Users\gomez\AppData\Roaming\Python\Python314\site-packages\urllib3\connectionpool.py", line 488, in _make_request
    raise new_e
  File "C:\Users\gomez\AppData\Roaming\Python\Python314\site-packages\urllib3\connectionpool.py", line 464, in _make_request
    self._validate_conn(conn)
    ~~~~~~~~~~~~~~~~~~~^^^^^^
  File "C:\Users\gomez\AppData\Roaming\Python\Python314\site-packages\urllib3\connectionpool.py", line 1093, in _validate_conn
    conn.connect()
    ~~~~~~~~~~~~^^
  File "C:\Users\gomez\AppData\Roaming\Python\Python314\site-packages\urllib3\connection.py", line 759, in connect
    self.sock = sock = self._new_conn()
                       ~~~~~~~~~~~~~~^^
  File "C:\Users\gomez\AppData\Roaming\Python\Python314\site-packages\urllib3\connection.py", line 211, in _new_conn
    raise NameResolutionError(self.host, self, e) from e
urllib3.exceptions.NameResolutionError: HTTPSConnection(host='vctzbruocrjiojtmpjlw.supabase.co', port=443): Failed to resolve 'vctzbruocrjiojtmpjlw.supabase.co' ([Errno 11001] getaddrinfo failed)

The above exception was the direct cause of the following exception:

Traceback (most recent call last):
  File "C:\Users\gomez\AppData\Roaming\Python\Python314\site-packages\requests\adapters.py", line 644, in send
    resp = conn.urlopen(
        method=request.method,
    ...<9 lines>...
        chunked=chunked,
    )
  File "C:\Users\gomez\AppData\Roaming\Python\Python314\site-packages\urllib3\connectionpool.py", line 841, in urlopen
    retries = retries.increment(
        method, url, error=new_e, _pool=self, _stacktrace=sys.exc_info()[2]
    )
  File "C:\Users\gomez\AppData\Roaming\Python\Python314\site-packages\urllib3\util\retry.py", line 535, in increment
    raise MaxRetryError(_pool, url, reason) from reason  # type: ignore[arg-type]
    ^^^^^^^^^^^^^^^^^^^^^^^^^^^^^^^^^^^^^^^^^^^^^^^^^^^
urllib3.exceptions.MaxRetryError: HTTPSConnectionPool(host='vctzbruocrjiojtmpjlw.supabase.co', port=443): Max retries exceeded with url: /rest/v1/nfl_team_aliases?select=canonical_name,odds_api_name,full_name (Caused by NameResolutionError("HTTPSConnection(host='vctzbruocrjiojtmpjlw.supabase.co', port=443): Failed to resolve 'vctzbruocrjiojtmpjlw.supabase.co' ([Errno 11001] getaddrinfo failed)"))

During handling of the above exception, another exception occurred:

Traceback (most recent call last):
  File "C:\Users\gomez\SweatShop\mlb_pipeline\nfl_odds_pull.py", line 413, in <module>
    main()
    ~~~~^^
  File "C:\Users\gomez\SweatShop\mlb_pipeline\nfl_odds_pull.py", line 409, in main
    run(preseason=args.preseason, dry_run=args.dry_run)
    ~~~^^^^^^^^^^^^^^^^^^^^^^^^^^^^^^^^^^^^^^^^^^^^^^^^
  File "C:\Users\gomez\SweatShop\mlb_pipeline\nfl_odds_pull.py", line 357, in run
    aliases = load_alias_map()
  File "C:\Users\gomez\SweatShop\mlb_pipeline\nfl_odds_pull.py", line 68, in load_alias_map
    r = requests.get(
        f'{SB}/rest/v1/nfl_team_aliases?select=canonical_name,odds_api_name,full_name',
        headers=H_READ, timeout=15,
    )
  File "C:\Users\gomez\AppData\Roaming\Python\Python314\site-packages\requests\api.py", line 73, in get
    return request("get", url, params=params, **kwargs)
  File "C:\Users\gomez\AppData\Roaming\Python\Python314\site-packages\requests\api.py", line 59, in request
    return session.request(method=method, url=url, **kwargs)
           ~~~~~~~~~~~~~~~^^^^^^^^^^^^^^^^^^^^^^^^^^^^^^^^^^
  File "C:\Users\gomez\AppData\Roaming\Python\Python314\site-packages\requests\sessions.py", line 589, in request
    resp = self.send(prep, **send_kwargs)
  File "C:\Users\gomez\AppData\Roaming\Python\Python314\site-packages\requests\sessions.py", line 703, in send
    r = adapter.send(request, **kwargs)
  File "C:\Users\gomez\AppData\Roaming\Python\Python314\site-packages\requests\adapters.py", line 677, in send
    raise ConnectionError(e, request=request)
requests.exceptions.ConnectionError: HTTPSConnectionPool(host='vctzbruocrjiojtmpjlw.supabase.co', port=443): Max retries exceeded with url: /rest/v1/nfl_team_aliases?select=canonical_name,odds_api_name,full_name (Caused by NameResolutionError("HTTPSConnection(host='vctzbruocrjiojtmpjlw.supabase.co', port=443): Failed to resolve 'vctzbruocrjiojtmpjlw.supabase.co' ([Errno 11001] getaddrinfo failed)"))
-- ncaaf_odds_pull.py 
=== NCAAF odds pull · 2026-10-08 ===
Traceback (most recent call last):
  File "C:\Users\gomez\AppData\Roaming\Python\Python314\site-packages\urllib3\connection.py", line 204, in _new_conn
    sock = connection.create_connection(
        (self._dns_host, self.port),
    ...<2 lines>...
        socket_options=self.socket_options,
    )
  File "C:\Users\gomez\AppData\Roaming\Python\Python314\site-packages\urllib3\util\connection.py", line 60, in create_connection
    for res in socket.getaddrinfo(host, port, family, socket.SOCK_STREAM):
               ~~~~~~~~~~~~~~~~~~^^^^^^^^^^^^^^^^^^^^^^^^^^^^^^^^^^^^^^^^
  File "C:\Python314\Lib\socket.py", line 983, in getaddrinfo
    for res in _socket.getaddrinfo(host, port, family, type, proto, flags):
               ~~~~~~~~~~~~~~~~~~~^^^^^^^^^^^^^^^^^^^^^^^^^^^^^^^^^^^^^^^^
socket.gaierror: [Errno 11001] getaddrinfo failed

The above exception was the direct cause of the following exception:

Traceback (most recent call last):
  File "C:\Users\gomez\AppData\Roaming\Python\Python314\site-packages\urllib3\connectionpool.py", line 787, in urlopen
    response = self._make_request(
        conn,
    ...<10 lines>...
        **response_kw,
    )
  File "C:\Users\gomez\AppData\Roaming\Python\Python314\site-packages\urllib3\connectionpool.py", line 488, in _make_request
    raise new_e
  File "C:\Users\gomez\AppData\Roaming\Python\Python314\site-packages\urllib3\connectionpool.py", line 464, in _make_request
    self._validate_conn(conn)
    ~~~~~~~~~~~~~~~~~~~^^^^^^
  File "C:\Users\gomez\AppData\Roaming\Python\Python314\site-packages\urllib3\connectionpool.py", line 1093, in _validate_conn
    conn.connect()
    ~~~~~~~~~~~~^^
  File "C:\Users\gomez\AppData\Roaming\Python\Python314\site-packages\urllib3\connection.py", line 759, in connect
    self.sock = sock = self._new_conn()
                       ~~~~~~~~~~~~~~^^
  File "C:\Users\gomez\AppData\Roaming\Python\Python314\site-packages\urllib3\connection.py", line 211, in _new_conn
    raise NameResolutionError(self.host, self, e) from e
urllib3.exceptions.NameResolutionError: HTTPSConnection(host='vctzbruocrjiojtmpjlw.supabase.co', port=443): Failed to resolve 'vctzbruocrjiojtmpjlw.supabase.co' ([Errno 11001] getaddrinfo failed)

The above exception was the direct cause of the following exception:

Traceback (most recent call last):
  File "C:\Users\gomez\AppData\Roaming\Python\Python314\site-packages\requests\adapters.py", line 644, in send
    resp = conn.urlopen(
        method=request.method,
    ...<9 lines>...
        chunked=chunked,
    )
  File "C:\Users\gomez\AppData\Roaming\Python\Python314\site-packages\urllib3\connectionpool.py", line 841, in urlopen
    retries = retries.increment(
        method, url, error=new_e, _pool=self, _stacktrace=sys.exc_info()[2]
    )
  File "C:\Users\gomez\AppData\Roaming\Python\Python314\site-packages\urllib3\util\retry.py", line 535, in increment
    raise MaxRetryError(_pool, url, reason) from reason  # type: ignore[arg-type]
    ^^^^^^^^^^^^^^^^^^^^^^^^^^^^^^^^^^^^^^^^^^^^^^^^^^^
urllib3.exceptions.MaxRetryError: HTTPSConnectionPool(host='vctzbruocrjiojtmpjlw.supabase.co', port=443): Max retries exceeded with url: /rest/v1/ncaaf_team_aliases?select=canonical_name,full_name,alt_names (Caused by NameResolutionError("HTTPSConnection(host='vctzbruocrjiojtmpjlw.supabase.co', port=443): Failed to resolve 'vctzbruocrjiojtmpjlw.supabase.co' ([Errno 11001] getaddrinfo failed)"))

During handling of the above exception, another exception occurred:

Traceback (most recent call last):
  File "C:\Users\gomez\SweatShop\mlb_pipeline\ncaaf_odds_pull.py", line 451, in <module>
    main()
    ~~~~^^
  File "C:\Users\gomez\SweatShop\mlb_pipeline\ncaaf_odds_pull.py", line 447, in main
    run(dry_run=args.dry_run)
    ~~~^^^^^^^^^^^^^^^^^^^^^^
  File "C:\Users\gomez\SweatShop\mlb_pipeline\ncaaf_odds_pull.py", line 410, in run
    aliases = load_alias_map()
  File "C:\Users\gomez\SweatShop\mlb_pipeline\ncaaf_odds_pull.py", line 83, in load_alias_map
    r = requests.get(
        f'{SB}/rest/v1/ncaaf_team_aliases?select=canonical_name,full_name,alt_names',
        headers=H_READ, timeout=15,
    )
  File "C:\Users\gomez\AppData\Roaming\Python\Python314\site-packages\requests\api.py", line 73, in get
    return request("get", url, params=params, **kwargs)
  File "C:\Users\gomez\AppData\Roaming\Python\Python314\site-packages\requests\api.py", line 59, in request
    return session.request(method=method, url=url, **kwargs)
           ~~~~~~~~~~~~~~~^^^^^^^^^^^^^^^^^^^^^^^^^^^^^^^^^^
  File "C:\Users\gomez\AppData\Roaming\Python\Python314\site-packages\requests\sessions.py", line 589, in request
    resp = self.send(prep, **send_kwargs)
  File "C:\Users\gomez\AppData\Roaming\Python\Python314\site-packages\requests\sessions.py", line 703, in send
    r = adapter.send(request, **kwargs)
  File "C:\Users\gomez\AppData\Roaming\Python\Python314\site-packages\requests\adapters.py", line 677, in send
    raise ConnectionError(e, request=request)
requests.exceptions.ConnectionError: HTTPSConnectionPool(host='vctzbruocrjiojtmpjlw.supabase.co', port=443): Max retries exceeded with url: /rest/v1/ncaaf_team_aliases?select=canonical_name,full_name,alt_names (Caused by NameResolutionError("HTTPSConnection(host='vctzbruocrjiojtmpjlw.supabase.co', port=443): Failed to resolve 'vctzbruocrjiojtmpjlw.supabase.co' ([Errno 11001] getaddrinfo failed)"))
-- ncaab_odds_pull.py 
=== NCAAB odds pull · 2026-10-08 ===
Traceback (most recent call last):
  File "C:\Users\gomez\AppData\Roaming\Python\Python314\site-packages\urllib3\connection.py", line 204, in _new_conn
    sock = connection.create_connection(
        (self._dns_host, self.port),
    ...<2 lines>...
        socket_options=self.socket_options,
    )
  File "C:\Users\gomez\AppData\Roaming\Python\Python314\site-packages\urllib3\util\connection.py", line 60, in create_connection
    for res in socket.getaddrinfo(host, port, family, socket.SOCK_STREAM):
               ~~~~~~~~~~~~~~~~~~^^^^^^^^^^^^^^^^^^^^^^^^^^^^^^^^^^^^^^^^
  File "C:\Python314\Lib\socket.py", line 983, in getaddrinfo
    for res in _socket.getaddrinfo(host, port, family, type, proto, flags):
               ~~~~~~~~~~~~~~~~~~~^^^^^^^^^^^^^^^^^^^^^^^^^^^^^^^^^^^^^^^^
socket.gaierror: [Errno 11001] getaddrinfo failed

The above exception was the direct cause of the following exception:

Traceback (most recent call last):
  File "C:\Users\gomez\AppData\Roaming\Python\Python314\site-packages\urllib3\connectionpool.py", line 787, in urlopen
    response = self._make_request(
        conn,
    ...<10 lines>...
        **response_kw,
    )
  File "C:\Users\gomez\AppData\Roaming\Python\Python314\site-packages\urllib3\connectionpool.py", line 488, in _make_request
    raise new_e
  File "C:\Users\gomez\AppData\Roaming\Python\Python314\site-packages\urllib3\connectionpool.py", line 464, in _make_request
    self._validate_conn(conn)
    ~~~~~~~~~~~~~~~~~~~^^^^^^
  File "C:\Users\gomez\AppData\Roaming\Python\Python314\site-packages\urllib3\connectionpool.py", line 1093, in _validate_conn
    conn.connect()
    ~~~~~~~~~~~~^^
  File "C:\Users\gomez\AppData\Roaming\Python\Python314\site-packages\urllib3\connection.py", line 759, in connect
    self.sock = sock = self._new_conn()
                       ~~~~~~~~~~~~~~^^
  File "C:\Users\gomez\AppData\Roaming\Python\Python314\site-packages\urllib3\connection.py", line 211, in _new_conn
    raise NameResolutionError(self.host, self, e) from e
urllib3.exceptions.NameResolutionError: HTTPSConnection(host='vctzbruocrjiojtmpjlw.supabase.co', port=443): Failed to resolve 'vctzbruocrjiojtmpjlw.supabase.co' ([Errno 11001] getaddrinfo failed)

The above exception was the direct cause of the following exception:

Traceback (most recent call last):
  File "C:\Users\gomez\AppData\Roaming\Python\Python314\site-packages\requests\adapters.py", line 644, in send
    resp = conn.urlopen(
        method=request.method,
    ...<9 lines>...
        chunked=chunked,
    )
  File "C:\Users\gomez\AppData\Roaming\Python\Python314\site-packages\urllib3\connectionpool.py", line 841, in urlopen
    retries = retries.increment(
        method, url, error=new_e, _pool=self, _stacktrace=sys.exc_info()[2]
    )
  File "C:\Users\gomez\AppData\Roaming\Python\Python314\site-packages\urllib3\util\retry.py", line 535, in increment
    raise MaxRetryError(_pool, url, reason) from reason  # type: ignore[arg-type]
    ^^^^^^^^^^^^^^^^^^^^^^^^^^^^^^^^^^^^^^^^^^^^^^^^^^^
urllib3.exceptions.MaxRetryError: HTTPSConnectionPool(host='vctzbruocrjiojtmpjlw.supabase.co', port=443): Max retries exceeded with url: /rest/v1/ncaab_team_aliases?select=canonical_name,odds_api_name,alt_names (Caused by NameResolutionError("HTTPSConnection(host='vctzbruocrjiojtmpjlw.supabase.co', port=443): Failed to resolve 'vctzbruocrjiojtmpjlw.supabase.co' ([Errno 11001] getaddrinfo failed)"))

During handling of the above exception, another exception occurred:

Traceback (most recent call last):
  File "C:\Users\gomez\SweatShop\mlb_pipeline\ncaab_odds_pull.py", line 334, in <module>
    main()
    ~~~~^^
  File "C:\Users\gomez\SweatShop\mlb_pipeline\ncaab_odds_pull.py", line 330, in main
    run(dry_run=args.dry_run)
    ~~~^^^^^^^^^^^^^^^^^^^^^^
  File "C:\Users\gomez\SweatShop\mlb_pipeline\ncaab_odds_pull.py", line 293, in run
    aliases = load_alias_map()
  File "C:\Users\gomez\SweatShop\mlb_pipeline\ncaab_odds_pull.py", line 60, in load_alias_map
    r = requests.get(
        f'{SB}/rest/v1/ncaab_team_aliases?select=canonical_name,odds_api_name,alt_names',
        headers=H_READ, timeout=15,
    )
  File "C:\Users\gomez\AppData\Roaming\Python\Python314\site-packages\requests\api.py", line 73, in get
    return request("get", url, params=params, **kwargs)
  File "C:\Users\gomez\AppData\Roaming\Python\Python314\site-packages\requests\api.py", line 59, in request
    return session.request(method=method, url=url, **kwargs)
           ~~~~~~~~~~~~~~~^^^^^^^^^^^^^^^^^^^^^^^^^^^^^^^^^^
  File "C:\Users\gomez\AppData\Roaming\Python\Python314\site-packages\requests\sessions.py", line 589, in request
    resp = self.send(prep, **send_kwargs)
  File "C:\Users\gomez\AppData\Roaming\Python\Python314\site-packages\requests\sessions.py", line 703, in send
    r = adapter.send(request, **kwargs)
  File "C:\Users\gomez\AppData\Roaming\Python\Python314\site-packages\requests\adapters.py", line 677, in send
    raise ConnectionError(e, request=request)
requests.exceptions.ConnectionError: HTTPSConnectionPool(host='vctzbruocrjiojtmpjlw.supabase.co', port=443): Max retries exceeded with url: /rest/v1/ncaab_team_aliases?select=canonical_name,odds_api_name,alt_names (Caused by NameResolutionError("HTTPSConnection(host='vctzbruocrjiojtmpjlw.supabase.co', port=443): Failed to resolve 'vctzbruocrjiojtmpjlw.supabase.co' ([Errno 11001] getaddrinfo failed)"))
-- detect_line_movement NHL 
=== detect_line_movement · NHL · lookback 6h ===
Traceback (most recent call last):
  File "C:\Users\gomez\AppData\Roaming\Python\Python314\site-packages\urllib3\connection.py", line 204, in _new_conn
    sock = connection.create_connection(
        (self._dns_host, self.port),
    ...<2 lines>...
        socket_options=self.socket_options,
    )
  File "C:\Users\gomez\AppData\Roaming\Python\Python314\site-packages\urllib3\util\connection.py", line 60, in create_connection
    for res in socket.getaddrinfo(host, port, family, socket.SOCK_STREAM):
               ~~~~~~~~~~~~~~~~~~^^^^^^^^^^^^^^^^^^^^^^^^^^^^^^^^^^^^^^^^
  File "C:\Python314\Lib\socket.py", line 983, in getaddrinfo
    for res in _socket.getaddrinfo(host, port, family, type, proto, flags):
               ~~~~~~~~~~~~~~~~~~~^^^^^^^^^^^^^^^^^^^^^^^^^^^^^^^^^^^^^^^^
socket.gaierror: [Errno 11001] getaddrinfo failed

The above exception was the direct cause of the following exception:

Traceback (most recent call last):
  File "C:\Users\gomez\AppData\Roaming\Python\Python314\site-packages\urllib3\connectionpool.py", line 787, in urlopen
    response = self._make_request(
        conn,
    ...<10 lines>...
        **response_kw,
    )
  File "C:\Users\gomez\AppData\Roaming\Python\Python314\site-packages\urllib3\connectionpool.py", line 488, in _make_request
    raise new_e
  File "C:\Users\gomez\AppData\Roaming\Python\Python314\site-packages\urllib3\connectionpool.py", line 464, in _make_request
    self._validate_conn(conn)
    ~~~~~~~~~~~~~~~~~~~^^^^^^
  File "C:\Users\gomez\AppData\Roaming\Python\Python314\site-packages\urllib3\connectionpool.py", line 1093, in _validate_conn
    conn.connect()
    ~~~~~~~~~~~~^^
  File "C:\Users\gomez\AppData\Roaming\Python\Python314\site-packages\urllib3\connection.py", line 759, in connect
    self.sock = sock = self._new_conn()
                       ~~~~~~~~~~~~~~^^
  File "C:\Users\gomez\AppData\Roaming\Python\Python314\site-packages\urllib3\connection.py", line 211, in _new_conn
    raise NameResolutionError(self.host, self, e) from e
urllib3.exceptions.NameResolutionError: HTTPSConnection(host='vctzbruocrjiojtmpjlw.supabase.co', port=443): Failed to resolve 'vctzbruocrjiojtmpjlw.supabase.co' ([Errno 11001] getaddrinfo failed)

The above exception was the direct cause of the following exception:

Traceback (most recent call last):
  File "C:\Users\gomez\AppData\Roaming\Python\Python314\site-packages\requests\adapters.py", line 644, in send
    resp = conn.urlopen(
        method=request.method,
    ...<9 lines>...
        chunked=chunked,
    )
  File "C:\Users\gomez\AppData\Roaming\Python\Python314\site-packages\urllib3\connectionpool.py", line 841, in urlopen
    retries = retries.increment(
        method, url, error=new_e, _pool=self, _stacktrace=sys.exc_info()[2]
    )
  File "C:\Users\gomez\AppData\Roaming\Python\Python314\site-packages\urllib3\util\retry.py", line 535, in increment
    raise MaxRetryError(_pool, url, reason) from reason  # type: ignore[arg-type]
    ^^^^^^^^^^^^^^^^^^^^^^^^^^^^^^^^^^^^^^^^^^^^^^^^^^^
urllib3.exceptions.MaxRetryError: HTTPSConnectionPool(host='vctzbruocrjiojtmpjlw.supabase.co', port=443): Max retries exceeded with url: /rest/v1/line_history?sport=eq.NHL&captured_at=gte.2026-10-08T13%3A06%3A51.176161%2B00%3A00&select=game_id%2Cmatchup%2Cmarket%2Cbook%2Cside%2Cline%2Cprice%2Ccaptured_at&order=captured_at.asc&limit=1000&offset=0 (Caused by NameResolutionError("HTTPSConnection(host='vctzbruocrjiojtmpjlw.supabase.co', port=443): Failed to resolve 'vctzbruocrjiojtmpjlw.supabase.co' ([Errno 11001] getaddrinfo failed)"))

During handling of the above exception, another exception occurred:

Traceback (most recent call last):
  File "C:\Users\gomez\SweatShop\mlb_pipeline\detect_line_movement.py", line 363, in <module>
    main()
    ~~~~^^
  File "C:\Users\gomez\SweatShop\mlb_pipeline\detect_line_movement.py", line 350, in main
    steam = detect_steam(s, args.lookback_hours, now_iso, args.dry_run)
  File "C:\Users\gomez\SweatShop\mlb_pipeline\detect_line_movement.py", line 75, in detect_steam
    r = requests.get(f'{SB}/rest/v1/line_history', headers=H_READ,
        params={'sport': f'eq.{sport}',
    ...<2 lines>...
                'order': 'captured_at.asc', 'limit': 1000, 'offset': off},
        timeout=30)
  File "C:\Users\gomez\AppData\Roaming\Python\Python314\site-packages\requests\api.py", line 73, in get
    return request("get", url, params=params, **kwargs)
  File "C:\Users\gomez\AppData\Roaming\Python\Python314\site-packages\requests\api.py", line 59, in request
    return session.request(method=method, url=url, **kwargs)
           ~~~~~~~~~~~~~~~^^^^^^^^^^^^^^^^^^^^^^^^^^^^^^^^^^
  File "C:\Users\gomez\AppData\Roaming\Python\Python314\site-packages\requests\sessions.py", line 589, in request
    resp = self.send(prep, **send_kwargs)
  File "C:\Users\gomez\AppData\Roaming\Python\Python314\site-packages\requests\sessions.py", line 703, in send
    r = adapter.send(request, **kwargs)
  File "C:\Users\gomez\AppData\Roaming\Python\Python314\site-packages\requests\adapters.py", line 677, in send
    raise ConnectionError(e, request=request)
requests.exceptions.ConnectionError: HTTPSConnectionPool(host='vctzbruocrjiojtmpjlw.supabase.co', port=443): Max retries exceeded with url: /rest/v1/line_history?sport=eq.NHL&captured_at=gte.2026-10-08T13%3A06%3A51.176161%2B00%3A00&select=game_id%2Cmatchup%2Cmarket%2Cbook%2Cside%2Cline%2Cprice%2Ccaptured_at&order=captured_at.asc&limit=1000&offset=0 (Caused by NameResolutionError("HTTPSConnection(host='vctzbruocrjiojtmpjlw.supabase.co', port=443): Failed to resolve 'vctzbruocrjiojtmpjlw.supabase.co' ([Errno 11001] getaddrinfo failed)"))
-- detect_line_movement NBA 
=== detect_line_movement · NBA · lookback 6h ===
Traceback (most recent call last):
  File "C:\Users\gomez\AppData\Roaming\Python\Python314\site-packages\urllib3\connection.py", line 204, in _new_conn
    sock = connection.create_connection(
        (self._dns_host, self.port),
    ...<2 lines>...
        socket_options=self.socket_options,
    )
  File "C:\Users\gomez\AppData\Roaming\Python\Python314\site-packages\urllib3\util\connection.py", line 60, in create_connection
    for res in socket.getaddrinfo(host, port, family, socket.SOCK_STREAM):
               ~~~~~~~~~~~~~~~~~~^^^^^^^^^^^^^^^^^^^^^^^^^^^^^^^^^^^^^^^^
  File "C:\Python314\Lib\socket.py", line 983, in getaddrinfo
    for res in _socket.getaddrinfo(host, port, family, type, proto, flags):
               ~~~~~~~~~~~~~~~~~~~^^^^^^^^^^^^^^^^^^^^^^^^^^^^^^^^^^^^^^^^
socket.gaierror: [Errno 11001] getaddrinfo failed

The above exception was the direct cause of the following exception:

Traceback (most recent call last):
  File "C:\Users\gomez\AppData\Roaming\Python\Python314\site-packages\urllib3\connectionpool.py", line 787, in urlopen
    response = self._make_request(
        conn,
    ...<10 lines>...
        **response_kw,
    )
  File "C:\Users\gomez\AppData\Roaming\Python\Python314\site-packages\urllib3\connectionpool.py", line 488, in _make_request
    raise new_e
  File "C:\Users\gomez\AppData\Roaming\Python\Python314\site-packages\urllib3\connectionpool.py", line 464, in _make_request
    self._validate_conn(conn)
    ~~~~~~~~~~~~~~~~~~~^^^^^^
  File "C:\Users\gomez\AppData\Roaming\Python\Python314\site-packages\urllib3\connectionpool.py", line 1093, in _validate_conn
    conn.connect()
    ~~~~~~~~~~~~^^
  File "C:\Users\gomez\AppData\Roaming\Python\Python314\site-packages\urllib3\connection.py", line 759, in connect
    self.sock = sock = self._new_conn()
                       ~~~~~~~~~~~~~~^^
  File "C:\Users\gomez\AppData\Roaming\Python\Python314\site-packages\urllib3\connection.py", line 211, in _new_conn
    raise NameResolutionError(self.host, self, e) from e
urllib3.exceptions.NameResolutionError: HTTPSConnection(host='vctzbruocrjiojtmpjlw.supabase.co', port=443): Failed to resolve 'vctzbruocrjiojtmpjlw.supabase.co' ([Errno 11001] getaddrinfo failed)

The above exception was the direct cause of the following exception:

Traceback (most recent call last):
  File "C:\Users\gomez\AppData\Roaming\Python\Python314\site-packages\requests\adapters.py", line 644, in send
    resp = conn.urlopen(
        method=request.method,
    ...<9 lines>...
        chunked=chunked,
    )
  File "C:\Users\gomez\AppData\Roaming\Python\Python314\site-packages\urllib3\connectionpool.py", line 841, in urlopen
    retries = retries.increment(
        method, url, error=new_e, _pool=self, _stacktrace=sys.exc_info()[2]
    )
  File "C:\Users\gomez\AppData\Roaming\Python\Python314\site-packages\urllib3\util\retry.py", line 535, in increment
    raise MaxRetryError(_pool, url, reason) from reason  # type: ignore[arg-type]
    ^^^^^^^^^^^^^^^^^^^^^^^^^^^^^^^^^^^^^^^^^^^^^^^^^^^
urllib3.exceptions.MaxRetryError: HTTPSConnectionPool(host='vctzbruocrjiojtmpjlw.supabase.co', port=443): Max retries exceeded with url: /rest/v1/line_history?sport=eq.NBA&captured_at=gte.2026-10-08T13%3A06%3A51.538275%2B00%3A00&select=game_id%2Cmatchup%2Cmarket%2Cbook%2Cside%2Cline%2Cprice%2Ccaptured_at&order=captured_at.asc&limit=1000&offset=0 (Caused by NameResolutionError("HTTPSConnection(host='vctzbruocrjiojtmpjlw.supabase.co', port=443): Failed to resolve 'vctzbruocrjiojtmpjlw.supabase.co' ([Errno 11001] getaddrinfo failed)"))

During handling of the above exception, another exception occurred:

Traceback (most recent call last):
  File "C:\Users\gomez\SweatShop\mlb_pipeline\detect_line_movement.py", line 363, in <module>
    main()
    ~~~~^^
  File "C:\Users\gomez\SweatShop\mlb_pipeline\detect_line_movement.py", line 350, in main
    steam = detect_steam(s, args.lookback_hours, now_iso, args.dry_run)
  File "C:\Users\gomez\SweatShop\mlb_pipeline\detect_line_movement.py", line 75, in detect_steam
    r = requests.get(f'{SB}/rest/v1/line_history', headers=H_READ,
        params={'sport': f'eq.{sport}',
    ...<2 lines>...
                'order': 'captured_at.asc', 'limit': 1000, 'offset': off},
        timeout=30)
  File "C:\Users\gomez\AppData\Roaming\Python\Python314\site-packages\requests\api.py", line 73, in get
    return request("get", url, params=params, **kwargs)
  File "C:\Users\gomez\AppData\Roaming\Python\Python314\site-packages\requests\api.py", line 59, in request
    return session.request(method=method, url=url, **kwargs)
           ~~~~~~~~~~~~~~~^^^^^^^^^^^^^^^^^^^^^^^^^^^^^^^^^^
  File "C:\Users\gomez\AppData\Roaming\Python\Python314\site-packages\requests\sessions.py", line 589, in request
    resp = self.send(prep, **send_kwargs)
  File "C:\Users\gomez\AppData\Roaming\Python\Python314\site-packages\requests\sessions.py", line 703, in send
    r = adapter.send(request, **kwargs)
  File "C:\Users\gomez\AppData\Roaming\Python\Python314\site-packages\requests\adapters.py", line 677, in send
    raise ConnectionError(e, request=request)
requests.exceptions.ConnectionError: HTTPSConnectionPool(host='vctzbruocrjiojtmpjlw.supabase.co', port=443): Max retries exceeded with url: /rest/v1/line_history?sport=eq.NBA&captured_at=gte.2026-10-08T13%3A06%3A51.538275%2B00%3A00&select=game_id%2Cmatchup%2Cmarket%2Cbook%2Cside%2Cline%2Cprice%2Ccaptured_at&order=captured_at.asc&limit=1000&offset=0 (Caused by NameResolutionError("HTTPSConnection(host='vctzbruocrjiojtmpjlw.supabase.co', port=443): Failed to resolve 'vctzbruocrjiojtmpjlw.supabase.co' ([Errno 11001] getaddrinfo failed)"))
-- detect_line_movement NFL 
=== detect_line_movement · NFL · lookback 6h ===
Traceback (most recent call last):
  File "C:\Users\gomez\AppData\Roaming\Python\Python314\site-packages\urllib3\connection.py", line 204, in _new_conn
    sock = connection.create_connection(
        (self._dns_host, self.port),
    ...<2 lines>...
        socket_options=self.socket_options,
    )
  File "C:\Users\gomez\AppData\Roaming\Python\Python314\site-packages\urllib3\util\connection.py", line 60, in create_connection
    for res in socket.getaddrinfo(host, port, family, socket.SOCK_STREAM):
               ~~~~~~~~~~~~~~~~~~^^^^^^^^^^^^^^^^^^^^^^^^^^^^^^^^^^^^^^^^
  File "C:\Python314\Lib\socket.py", line 983, in getaddrinfo
    for res in _socket.getaddrinfo(host, port, family, type, proto, flags):
               ~~~~~~~~~~~~~~~~~~~^^^^^^^^^^^^^^^^^^^^^^^^^^^^^^^^^^^^^^^^
socket.gaierror: [Errno 11001] getaddrinfo failed

The above exception was the direct cause of the following exception:

Traceback (most recent call last):
  File "C:\Users\gomez\AppData\Roaming\Python\Python314\site-packages\urllib3\connectionpool.py", line 787, in urlopen
    response = self._make_request(
        conn,
    ...<10 lines>...
        **response_kw,
    )
  File "C:\Users\gomez\AppData\Roaming\Python\Python314\site-packages\urllib3\connectionpool.py", line 488, in _make_request
    raise new_e
  File "C:\Users\gomez\AppData\Roaming\Python\Python314\site-packages\urllib3\connectionpool.py", line 464, in _make_request
    self._validate_conn(conn)
    ~~~~~~~~~~~~~~~~~~~^^^^^^
  File "C:\Users\gomez\AppData\Roaming\Python\Python314\site-packages\urllib3\connectionpool.py", line 1093, in _validate_conn
    conn.connect()
    ~~~~~~~~~~~~^^
  File "C:\Users\gomez\AppData\Roaming\Python\Python314\site-packages\urllib3\connection.py", line 759, in connect
    self.sock = sock = self._new_conn()
                       ~~~~~~~~~~~~~~^^
  File "C:\Users\gomez\AppData\Roaming\Python\Python314\site-packages\urllib3\connection.py", line 211, in _new_conn
    raise NameResolutionError(self.host, self, e) from e
urllib3.exceptions.NameResolutionError: HTTPSConnection(host='vctzbruocrjiojtmpjlw.supabase.co', port=443): Failed to resolve 'vctzbruocrjiojtmpjlw.supabase.co' ([Errno 11001] getaddrinfo failed)

The above exception was the direct cause of the following exception:

Traceback (most recent call last):
  File "C:\Users\gomez\AppData\Roaming\Python\Python314\site-packages\requests\adapters.py", line 644, in send
    resp = conn.urlopen(
        method=request.method,
    ...<9 lines>...
        chunked=chunked,
    )
  File "C:\Users\gomez\AppData\Roaming\Python\Python314\site-packages\urllib3\connectionpool.py", line 841, in urlopen
    retries = retries.increment(
        method, url, error=new_e, _pool=self, _stacktrace=sys.exc_info()[2]
    )
  File "C:\Users\gomez\AppData\Roaming\Python\Python314\site-packages\urllib3\util\retry.py", line 535, in increment
    raise MaxRetryError(_pool, url, reason) from reason  # type: ignore[arg-type]
    ^^^^^^^^^^^^^^^^^^^^^^^^^^^^^^^^^^^^^^^^^^^^^^^^^^^
urllib3.exceptions.MaxRetryError: HTTPSConnectionPool(host='vctzbruocrjiojtmpjlw.supabase.co', port=443): Max retries exceeded with url: /rest/v1/line_history?sport=eq.NFL&captured_at=gte.2026-10-08T13%3A06%3A51.826104%2B00%3A00&select=game_id%2Cmatchup%2Cmarket%2Cbook%2Cside%2Cline%2Cprice%2Ccaptured_at&order=captured_at.asc&limit=1000&offset=0 (Caused by NameResolutionError("HTTPSConnection(host='vctzbruocrjiojtmpjlw.supabase.co', port=443): Failed to resolve 'vctzbruocrjiojtmpjlw.supabase.co' ([Errno 11001] getaddrinfo failed)"))

During handling of the above exception, another exception occurred:

Traceback (most recent call last):
  File "C:\Users\gomez\SweatShop\mlb_pipeline\detect_line_movement.py", line 363, in <module>
    main()
    ~~~~^^
  File "C:\Users\gomez\SweatShop\mlb_pipeline\detect_line_movement.py", line 350, in main
    steam = detect_steam(s, args.lookback_hours, now_iso, args.dry_run)
  File "C:\Users\gomez\SweatShop\mlb_pipeline\detect_line_movement.py", line 75, in detect_steam
    r = requests.get(f'{SB}/rest/v1/line_history', headers=H_READ,
        params={'sport': f'eq.{sport}',
    ...<2 lines>...
                'order': 'captured_at.asc', 'limit': 1000, 'offset': off},
        timeout=30)
  File "C:\Users\gomez\AppData\Roaming\Python\Python314\site-packages\requests\api.py", line 73, in get
    return request("get", url, params=params, **kwargs)
  File "C:\Users\gomez\AppData\Roaming\Python\Python314\site-packages\requests\api.py", line 59, in request
    return session.request(method=method, url=url, **kwargs)
           ~~~~~~~~~~~~~~~^^^^^^^^^^^^^^^^^^^^^^^^^^^^^^^^^^
  File "C:\Users\gomez\AppData\Roaming\Python\Python314\site-packages\requests\sessions.py", line 589, in request
    resp = self.send(prep, **send_kwargs)
  File "C:\Users\gomez\AppData\Roaming\Python\Python314\site-packages\requests\sessions.py", line 703, in send
    r = adapter.send(request, **kwargs)
  File "C:\Users\gomez\AppData\Roaming\Python\Python314\site-packages\requests\adapters.py", line 677, in send
    raise ConnectionError(e, request=request)
requests.exceptions.ConnectionError: HTTPSConnectionPool(host='vctzbruocrjiojtmpjlw.supabase.co', port=443): Max retries exceeded with url: /rest/v1/line_history?sport=eq.NFL&captured_at=gte.2026-10-08T13%3A06%3A51.826104%2B00%3A00&select=game_id%2Cmatchup%2Cmarket%2Cbook%2Cside%2Cline%2Cprice%2Ccaptured_at&order=captured_at.asc&limit=1000&offset=0 (Caused by NameResolutionError("HTTPSConnection(host='vctzbruocrjiojtmpjlw.supabase.co', port=443): Failed to resolve 'vctzbruocrjiojtmpjlw.supabase.co' ([Errno 11001] getaddrinfo failed)"))
-- detect_line_movement NCAAF 
=== detect_line_movement · NCAAF · lookback 6h ===
Traceback (most recent call last):
  File "C:\Users\gomez\AppData\Roaming\Python\Python314\site-packages\urllib3\connection.py", line 204, in _new_conn
    sock = connection.create_connection(
        (self._dns_host, self.port),
    ...<2 lines>...
        socket_options=self.socket_options,
    )
  File "C:\Users\gomez\AppData\Roaming\Python\Python314\site-packages\urllib3\util\connection.py", line 60, in create_connection
    for res in socket.getaddrinfo(host, port, family, socket.SOCK_STREAM):
               ~~~~~~~~~~~~~~~~~~^^^^^^^^^^^^^^^^^^^^^^^^^^^^^^^^^^^^^^^^
  File "C:\Python314\Lib\socket.py", line 983, in getaddrinfo
    for res in _socket.getaddrinfo(host, port, family, type, proto, flags):
               ~~~~~~~~~~~~~~~~~~~^^^^^^^^^^^^^^^^^^^^^^^^^^^^^^^^^^^^^^^^
socket.gaierror: [Errno 11001] getaddrinfo failed

The above exception was the direct cause of the following exception:

Traceback (most recent call last):
  File "C:\Users\gomez\AppData\Roaming\Python\Python314\site-packages\urllib3\connectionpool.py", line 787, in urlopen
    response = self._make_request(
        conn,
    ...<10 lines>...
        **response_kw,
    )
  File "C:\Users\gomez\AppData\Roaming\Python\Python314\site-packages\urllib3\connectionpool.py", line 488, in _make_request
    raise new_e
  File "C:\Users\gomez\AppData\Roaming\Python\Python314\site-packages\urllib3\connectionpool.py", line 464, in _make_request
    self._validate_conn(conn)
    ~~~~~~~~~~~~~~~~~~~^^^^^^
  File "C:\Users\gomez\AppData\Roaming\Python\Python314\site-packages\urllib3\connectionpool.py", line 1093, in _validate_conn
    conn.connect()
    ~~~~~~~~~~~~^^
  File "C:\Users\gomez\AppData\Roaming\Python\Python314\site-packages\urllib3\connection.py", line 759, in connect
    self.sock = sock = self._new_conn()
                       ~~~~~~~~~~~~~~^^
  File "C:\Users\gomez\AppData\Roaming\Python\Python314\site-packages\urllib3\connection.py", line 211, in _new_conn
    raise NameResolutionError(self.host, self, e) from e
urllib3.exceptions.NameResolutionError: HTTPSConnection(host='vctzbruocrjiojtmpjlw.supabase.co', port=443): Failed to resolve 'vctzbruocrjiojtmpjlw.supabase.co' ([Errno 11001] getaddrinfo failed)

The above exception was the direct cause of the following exception:

Traceback (most recent call last):
  File "C:\Users\gomez\AppData\Roaming\Python\Python314\site-packages\requests\adapters.py", line 644, in send
    resp = conn.urlopen(
        method=request.method,
    ...<9 lines>...
        chunked=chunked,
    )
  File "C:\Users\gomez\AppData\Roaming\Python\Python314\site-packages\urllib3\connectionpool.py", line 841, in urlopen
    retries = retries.increment(
        method, url, error=new_e, _pool=self, _stacktrace=sys.exc_info()[2]
    )
  File "C:\Users\gomez\AppData\Roaming\Python\Python314\site-packages\urllib3\util\retry.py", line 535, in increment
    raise MaxRetryError(_pool, url, reason) from reason  # type: ignore[arg-type]
    ^^^^^^^^^^^^^^^^^^^^^^^^^^^^^^^^^^^^^^^^^^^^^^^^^^^
urllib3.exceptions.MaxRetryError: HTTPSConnectionPool(host='vctzbruocrjiojtmpjlw.supabase.co', port=443): Max retries exceeded with url: /rest/v1/line_history?sport=eq.NCAAF&captured_at=gte.2026-10-08T13%3A06%3A52.151024%2B00%3A00&select=game_id%2Cmatchup%2Cmarket%2Cbook%2Cside%2Cline%2Cprice%2Ccaptured_at&order=captured_at.asc&limit=1000&offset=0 (Caused by NameResolutionError("HTTPSConnection(host='vctzbruocrjiojtmpjlw.supabase.co', port=443): Failed to resolve 'vctzbruocrjiojtmpjlw.supabase.co' ([Errno 11001] getaddrinfo failed)"))

During handling of the above exception, another exception occurred:

Traceback (most recent call last):
  File "C:\Users\gomez\SweatShop\mlb_pipeline\detect_line_movement.py", line 363, in <module>
    main()
    ~~~~^^
  File "C:\Users\gomez\SweatShop\mlb_pipeline\detect_line_movement.py", line 350, in main
    steam = detect_steam(s, args.lookback_hours, now_iso, args.dry_run)
  File "C:\Users\gomez\SweatShop\mlb_pipeline\detect_line_movement.py", line 75, in detect_steam
    r = requests.get(f'{SB}/rest/v1/line_history', headers=H_READ,
        params={'sport': f'eq.{sport}',
    ...<2 lines>...
                'order': 'captured_at.asc', 'limit': 1000, 'offset': off},
        timeout=30)
  File "C:\Users\gomez\AppData\Roaming\Python\Python314\site-packages\requests\api.py", line 73, in get
    return request("get", url, params=params, **kwargs)
  File "C:\Users\gomez\AppData\Roaming\Python\Python314\site-packages\requests\api.py", line 59, in request
    return session.request(method=method, url=url, **kwargs)
           ~~~~~~~~~~~~~~~^^^^^^^^^^^^^^^^^^^^^^^^^^^^^^^^^^
  File "C:\Users\gomez\AppData\Roaming\Python\Python314\site-packages\requests\sessions.py", line 589, in request
    resp = self.send(prep, **send_kwargs)
  File "C:\Users\gomez\AppData\Roaming\Python\Python314\site-packages\requests\sessions.py", line 703, in send
    r = adapter.send(request, **kwargs)
  File "C:\Users\gomez\AppData\Roaming\Python\Python314\site-packages\requests\adapters.py", line 677, in send
    raise ConnectionError(e, request=request)
requests.exceptions.ConnectionError: HTTPSConnectionPool(host='vctzbruocrjiojtmpjlw.supabase.co', port=443): Max retries exceeded with url: /rest/v1/line_history?sport=eq.NCAAF&captured_at=gte.2026-10-08T13%3A06%3A52.151024%2B00%3A00&select=game_id%2Cmatchup%2Cmarket%2Cbook%2Cside%2Cline%2Cprice%2Ccaptured_at&order=captured_at.asc&limit=1000&offset=0 (Caused by NameResolutionError("HTTPSConnection(host='vctzbruocrjiojtmpjlw.supabase.co', port=443): Failed to resolve 'vctzbruocrjiojtmpjlw.supabase.co' ([Errno 11001] getaddrinfo failed)"))
-- detect_line_movement NCAAB 
=== detect_line_movement · NCAAB · lookback 6h ===
Traceback (most recent call last):
  File "C:\Users\gomez\AppData\Roaming\Python\Python314\site-packages\urllib3\connection.py", line 204, in _new_conn
    sock = connection.create_connection(
        (self._dns_host, self.port),
    ...<2 lines>...
        socket_options=self.socket_options,
    )
  File "C:\Users\gomez\AppData\Roaming\Python\Python314\site-packages\urllib3\util\connection.py", line 60, in create_connection
    for res in socket.getaddrinfo(host, port, family, socket.SOCK_STREAM):
               ~~~~~~~~~~~~~~~~~~^^^^^^^^^^^^^^^^^^^^^^^^^^^^^^^^^^^^^^^^
  File "C:\Python314\Lib\socket.py", line 983, in getaddrinfo
    for res in _socket.getaddrinfo(host, port, family, type, proto, flags):
               ~~~~~~~~~~~~~~~~~~~^^^^^^^^^^^^^^^^^^^^^^^^^^^^^^^^^^^^^^^^
socket.gaierror: [Errno 11001] getaddrinfo failed

The above exception was the direct cause of the following exception:

Traceback (most recent call last):
  File "C:\Users\gomez\AppData\Roaming\Python\Python314\site-packages\urllib3\connectionpool.py", line 787, in urlopen
    response = self._make_request(
        conn,
    ...<10 lines>...
        **response_kw,
    )
  File "C:\Users\gomez\AppData\Roaming\Python\Python314\site-packages\urllib3\connectionpool.py", line 488, in _make_request
    raise new_e
  File "C:\Users\gomez\AppData\Roaming\Python\Python314\site-packages\urllib3\connectionpool.py", line 464, in _make_request
    self._validate_conn(conn)
    ~~~~~~~~~~~~~~~~~~~^^^^^^
  File "C:\Users\gomez\AppData\Roaming\Python\Python314\site-packages\urllib3\connectionpool.py", line 1093, in _validate_conn
    conn.connect()
    ~~~~~~~~~~~~^^
  File "C:\Users\gomez\AppData\Roaming\Python\Python314\site-packages\urllib3\connection.py", line 759, in connect
    self.sock = sock = self._new_conn()
                       ~~~~~~~~~~~~~~^^
  File "C:\Users\gomez\AppData\Roaming\Python\Python314\site-packages\urllib3\connection.py", line 211, in _new_conn
    raise NameResolutionError(self.host, self, e) from e
urllib3.exceptions.NameResolutionError: HTTPSConnection(host='vctzbruocrjiojtmpjlw.supabase.co', port=443): Failed to resolve 'vctzbruocrjiojtmpjlw.supabase.co' ([Errno 11001] getaddrinfo failed)

The above exception was the direct cause of the following exception:

Traceback (most recent call last):
  File "C:\Users\gomez\AppData\Roaming\Python\Python314\site-packages\requests\adapters.py", line 644, in send
    resp = conn.urlopen(
        method=request.method,
    ...<9 lines>...
        chunked=chunked,
    )
  File "C:\Users\gomez\AppData\Roaming\Python\Python314\site-packages\urllib3\connectionpool.py", line 841, in urlopen
    retries = retries.increment(
        method, url, error=new_e, _pool=self, _stacktrace=sys.exc_info()[2]
    )
  File "C:\Users\gomez\AppData\Roaming\Python\Python314\site-packages\urllib3\util\retry.py", line 535, in increment
    raise MaxRetryError(_pool, url, reason) from reason  # type: ignore[arg-type]
    ^^^^^^^^^^^^^^^^^^^^^^^^^^^^^^^^^^^^^^^^^^^^^^^^^^^
urllib3.exceptions.MaxRetryError: HTTPSConnectionPool(host='vctzbruocrjiojtmpjlw.supabase.co', port=443): Max retries exceeded with url: /rest/v1/line_history?sport=eq.NCAAB&captured_at=gte.2026-10-08T13%3A06%3A52.449194%2B00%3A00&select=game_id%2Cmatchup%2Cmarket%2Cbook%2Cside%2Cline%2Cprice%2Ccaptured_at&order=captured_at.asc&limit=1000&offset=0 (Caused by NameResolutionError("HTTPSConnection(host='vctzbruocrjiojtmpjlw.supabase.co', port=443): Failed to resolve 'vctzbruocrjiojtmpjlw.supabase.co' ([Errno 11001] getaddrinfo failed)"))

During handling of the above exception, another exception occurred:

Traceback (most recent call last):
  File "C:\Users\gomez\SweatShop\mlb_pipeline\detect_line_movement.py", line 363, in <module>
    main()
    ~~~~^^
  File "C:\Users\gomez\SweatShop\mlb_pipeline\detect_line_movement.py", line 350, in main
    steam = detect_steam(s, args.lookback_hours, now_iso, args.dry_run)
  File "C:\Users\gomez\SweatShop\mlb_pipeline\detect_line_movement.py", line 75, in detect_steam
    r = requests.get(f'{SB}/rest/v1/line_history', headers=H_READ,
        params={'sport': f'eq.{sport}',
    ...<2 lines>...
                'order': 'captured_at.asc', 'limit': 1000, 'offset': off},
        timeout=30)
  File "C:\Users\gomez\AppData\Roaming\Python\Python314\site-packages\requests\api.py", line 73, in get
    return request("get", url, params=params, **kwargs)
  File "C:\Users\gomez\AppData\Roaming\Python\Python314\site-packages\requests\api.py", line 59, in request
    return session.request(method=method, url=url, **kwargs)
           ~~~~~~~~~~~~~~~^^^^^^^^^^^^^^^^^^^^^^^^^^^^^^^^^^
  File "C:\Users\gomez\AppData\Roaming\Python\Python314\site-packages\requests\sessions.py", line 589, in request
    resp = self.send(prep, **send_kwargs)
  File "C:\Users\gomez\AppData\Roaming\Python\Python314\site-packages\requests\sessions.py", line 703, in send
    r = adapter.send(request, **kwargs)
  File "C:\Users\gomez\AppData\Roaming\Python\Python314\site-packages\requests\adapters.py", line 677, in send
    raise ConnectionError(e, request=request)
requests.exceptions.ConnectionError: HTTPSConnectionPool(host='vctzbruocrjiojtmpjlw.supabase.co', port=443): Max retries exceeded with url: /rest/v1/line_history?sport=eq.NCAAB&captured_at=gte.2026-10-08T13%3A06%3A52.449194%2B00%3A00&select=game_id%2Cmatchup%2Cmarket%2Cbook%2Cside%2Cline%2Cprice%2Ccaptured_at&order=captured_at.asc&limit=1000&offset=0 (Caused by NameResolutionError("HTTPSConnection(host='vctzbruocrjiojtmpjlw.supabase.co', port=443): Failed to resolve 'vctzbruocrjiojtmpjlw.supabase.co' ([Errno 11001] getaddrinfo failed)"))
-- classify_line_moves ALL 
=== classify_line_moves · MLB/NFL/NCAAF/NCAAB/NHL/UFC  ===
Traceback (most recent call last):
  File "C:\Users\gomez\AppData\Roaming\Python\Python314\site-packages\urllib3\connection.py", line 204, in _new_conn
    sock = connection.create_connection(
        (self._dns_host, self.port),
    ...<2 lines>...
        socket_options=self.socket_options,
    )
  File "C:\Users\gomez\AppData\Roaming\Python\Python314\site-packages\urllib3\util\connection.py", line 60, in create_connection
    for res in socket.getaddrinfo(host, port, family, socket.SOCK_STREAM):
               ~~~~~~~~~~~~~~~~~~^^^^^^^^^^^^^^^^^^^^^^^^^^^^^^^^^^^^^^^^
  File "C:\Python314\Lib\socket.py", line 983, in getaddrinfo
    for res in _socket.getaddrinfo(host, port, family, type, proto, flags):
               ~~~~~~~~~~~~~~~~~~~^^^^^^^^^^^^^^^^^^^^^^^^^^^^^^^^^^^^^^^^
socket.gaierror: [Errno 11001] getaddrinfo failed

The above exception was the direct cause of the following exception:

Traceback (most recent call last):
  File "C:\Users\gomez\AppData\Roaming\Python\Python314\site-packages\urllib3\connectionpool.py", line 787, in urlopen
    response = self._make_request(
        conn,
    ...<10 lines>...
        **response_kw,
    )
  File "C:\Users\gomez\AppData\Roaming\Python\Python314\site-packages\urllib3\connectionpool.py", line 488, in _make_request
    raise new_e
  File "C:\Users\gomez\AppData\Roaming\Python\Python314\site-packages\urllib3\connectionpool.py", line 464, in _make_request
    self._validate_conn(conn)
    ~~~~~~~~~~~~~~~~~~~^^^^^^
  File "C:\Users\gomez\AppData\Roaming\Python\Python314\site-packages\urllib3\connectionpool.py", line 1093, in _validate_conn
    conn.connect()
    ~~~~~~~~~~~~^^
  File "C:\Users\gomez\AppData\Roaming\Python\Python314\site-packages\urllib3\connection.py", line 759, in connect
    self.sock = sock = self._new_conn()
                       ~~~~~~~~~~~~~~^^
  File "C:\Users\gomez\AppData\Roaming\Python\Python314\site-packages\urllib3\connection.py", line 211, in _new_conn
    raise NameResolutionError(self.host, self, e) from e
urllib3.exceptions.NameResolutionError: HTTPSConnection(host='vctzbruocrjiojtmpjlw.supabase.co', port=443): Failed to resolve 'vctzbruocrjiojtmpjlw.supabase.co' ([Errno 11001] getaddrinfo failed)

The above exception was the direct cause of the following exception:

Traceback (most recent call last):
  File "C:\Users\gomez\AppData\Roaming\Python\Python314\site-packages\requests\adapters.py", line 644, in send
    resp = conn.urlopen(
        method=request.method,
    ...<9 lines>...
        chunked=chunked,
    )
  File "C:\Users\gomez\AppData\Roaming\Python\Python314\site-packages\urllib3\connectionpool.py", line 871, in urlopen
    return self.urlopen(
           ~~~~~~~~~~~~^
        method,
        ^^^^^^^
    ...<13 lines>...
        **response_kw,
        ^^^^^^^^^^^^^^
    )
    ^
  File "C:\Users\gomez\AppData\Roaming\Python\Python314\site-packages\urllib3\connectionpool.py", line 871, in urlopen
    return self.urlopen(
           ~~~~~~~~~~~~^
        method,
        ^^^^^^^
    ...<13 lines>...
        **response_kw,
        ^^^^^^^^^^^^^^
    )
    ^
  File "C:\Users\gomez\AppData\Roaming\Python\Python314\site-packages\urllib3\connectionpool.py", line 871, in urlopen
    return self.urlopen(
           ~~~~~~~~~~~~^
        method,
        ^^^^^^^
    ...<13 lines>...
        **response_kw,
        ^^^^^^^^^^^^^^
    )
    ^
  File "C:\Users\gomez\AppData\Roaming\Python\Python314\site-packages\urllib3\connectionpool.py", line 841, in urlopen
    retries = retries.increment(
        method, url, error=new_e, _pool=self, _stacktrace=sys.exc_info()[2]
    )
  File "C:\Users\gomez\AppData\Roaming\Python\Python314\site-packages\urllib3\util\retry.py", line 535, in increment
    raise MaxRetryError(_pool, url, reason) from reason  # type: ignore[arg-type]
    ^^^^^^^^^^^^^^^^^^^^^^^^^^^^^^^^^^^^^^^^^^^^^^^^^^^
urllib3.exceptions.MaxRetryError: HTTPSConnectionPool(host='vctzbruocrjiojtmpjlw.supabase.co', port=443): Max retries exceeded with url: /rest/v1/line_movement_flags?sport=eq.MLB&first_seen_at=gte.2026-10-07T19:06:52.761261%2B00:00&select=id,game_id,market,side,pattern,detail,first_seen_at,classification (Caused by NameResolutionError("HTTPSConnection(host='vctzbruocrjiojtmpjlw.supabase.co', port=443): Failed to resolve 'vctzbruocrjiojtmpjlw.supabase.co' ([Errno 11001] getaddrinfo failed)"))

During handling of the above exception, another exception occurred:

Traceback (most recent call last):
  File "C:\Users\gomez\SweatShop\mlb_pipeline\classify_line_moves.py", line 601, in <module>
    main()
    ~~~~^^
  File "C:\Users\gomez\SweatShop\mlb_pipeline\classify_line_moves.py", line 595, in main
    w, n = run_sport(s, dry_run=args.dry_run, since_hours=args.since_hours)
           ~~~~~~~~~^^^^^^^^^^^^^^^^^^^^^^^^^^^^^^^^^^^^^^^^^^^^^^^^^^^^^^^
  File "C:\Users\gomez\SweatShop\mlb_pipeline\classify_line_moves.py", line 551, in run_sport
    flags = fetch_flags(sport, since_hours=since_hours)
  File "C:\Users\gomez\SweatShop\mlb_pipeline\classify_line_moves.py", line 75, in fetch_flags
    r = _SESSION.get(
        f'{SB}/rest/v1/line_movement_flags'
        f'?sport=eq.{sport}&first_seen_at=gte.{since}'
        f'&select=id,game_id,market,side,pattern,detail,first_seen_at,classification',
        headers=H_READ, timeout=20)
  File "C:\Users\gomez\AppData\Roaming\Python\Python314\site-packages\requests\sessions.py", line 602, in get
    return self.request("GET", url, **kwargs)
           ~~~~~~~~~~~~^^^^^^^^^^^^^^^^^^^^^^
  File "C:\Users\gomez\AppData\Roaming\Python\Python314\site-packages\requests\sessions.py", line 589, in request
    resp = self.send(prep, **send_kwargs)
  File "C:\Users\gomez\AppData\Roaming\Python\Python314\site-packages\requests\sessions.py", line 703, in send
    r = adapter.send(request, **kwargs)
  File "C:\Users\gomez\AppData\Roaming\Python\Python314\site-packages\requests\adapters.py", line 677, in send
    raise ConnectionError(e, request=request)
requests.exceptions.ConnectionError: HTTPSConnectionPool(host='vctzbruocrjiojtmpjlw.supabase.co', port=443): Max retries exceeded with url: /rest/v1/line_movement_flags?sport=eq.MLB&first_seen_at=gte.2026-10-07T19:06:52.761261%2B00:00&select=id,game_id,market,side,pattern,detail,first_seen_at,classification (Caused by NameResolutionError("HTTPSConnection(host='vctzbruocrjiojtmpjlw.supabase.co', port=443): Failed to resolve 'vctzbruocrjiojtmpjlw.supabase.co' ([Errno 11001] getaddrinfo failed)"))
======== [Thu 10/08/2026 15:06:55.20] FAILED STEPS: nhl_odds_pull.py nba_odds_pull.py nfl_odds_pull.py ncaaf_odds_pull.py ncaab_odds_pull.py detect:NHL detect:NBA detect:NFL detect:NCAAF detect:NCAAB classify ======== 
 
======== [Thu 10/08/2026 15:32:45.29] multisport poller start ======== 
-- nhl_odds_pull.py 
=== NHL odds pull · 2026-10-08 15:32 ET ===
  Odds API ok · quota left 4973400
  events: 15 · rows built: 15
  date span: 2026-10-08 .. 2026-10-10 (3 dates)
  line_history: 854 rows from 15 events
  ✓ upserted 15/15 games into nhl_game_results
-- nba_odds_pull.py 
=== NBA odds pull · 2026-10-08 15:33 ET ===
  Odds API ok · quota left 4973391
  events: 46 · rows built: 46
  date span: 2026-10-20 .. 2026-12-25 (12 dates)
  line_history: 998 rows from 46 events
  ✓ upserted 46/46 games into nba_game_results
-- nfl_odds_pull.py 
=== NFL odds pull · 2026-10-08 ===
  alias map: 32 team-name variants
  americanfootball_nfl: 29 events
    line_history: 1568 rows from 29 events
    ✓ wrote 29 rows to nfl_game_results

=== Summary: 29 games ===
-- ncaaf_odds_pull.py 
=== NCAAF odds pull · 2026-10-08 ===
  alias map: 2871 name variants
  Odds API events: 73
    line_history: 3530 rows from 73 events

✓ wrote 73 rows to ncaaf_game_results
-- ncaab_odds_pull.py 
=== NCAAB odds pull · 2026-10-08 ===
  alias map: 1542 name variants
  Odds API events: 0
  (offseason or no lines posted)
-- detect_line_movement NHL 
=== detect_line_movement · NHL · lookback 6h ===
  wrote 21 flags

TOTAL flags written: 21
-- detect_line_movement NBA 
=== detect_line_movement · NBA · lookback 6h ===
  wrote 2 flags

TOTAL flags written: 2
-- detect_line_movement NFL 
=== detect_line_movement · NFL · lookback 6h ===
  wrote 41 flags

TOTAL flags written: 41
-- detect_line_movement NCAAF 
=== detect_line_movement · NCAAF · lookback 6h ===
  wrote 72 flags

TOTAL flags written: 72
-- detect_line_movement NCAAB 
=== detect_line_movement · NCAAB · lookback 6h ===

TOTAL flags written: 0
-- classify_line_moves ALL 
=== classify_line_moves · MLB/NFL/NCAAF/NCAAB/NHL/UFC  ===
  MLB: 15 flags in last 24h
  MLB: classifications → PATTERN_ONLY=7, SHARP_MOVE_LEAN=1, SHARP_MOVE_CONFIRMED=1, NEUTRAL=3, CONSENSUS_LEAN=1, CONSENSUS_CONFIRMED=2
  NFL: 85 flags in last 24h
  NFL: classifications → PATTERN_ONLY=84, CONSENSUS_CONFIRMED=1
  NCAAF: 212 flags in last 24h
  NCAAF: classifications → NEUTRAL=35, PATTERN_ONLY=132, CONSENSUS_LEAN=19, SHARP_MOVE_LEAN=11, PUBLIC_MOVE_LEAN=7, CONSENSUS_CONFIRMED=5, PUBLIC_MOVE_CONFIRMED=1, SHARP_MOVE_CONFIRMED=2
  NCAAB: 0 flags in last 24h
  NHL: 55 flags in last 24h
  NHL: classifications → PATTERN_ONLY=17, NEUTRAL=21, CONSENSUS_LEAN=16, SHARP_MOVE_LEAN=1
  UFC: 0 flags in last 24h

  ✓ 367/367 flags classified
======== [Thu 10/08/2026 15:38:40.77] all steps ok ======== 
 
======== [Thu 10/08/2026 15:56:02.14] multisport poller start ======== 
-- nhl_odds_pull.py 
=== NHL odds pull · 2026-10-08 15:56 ET ===
  Odds API ok · quota left 4973375
  events: 15 · rows built: 15
  date span: 2026-10-08 .. 2026-10-10 (3 dates)
  line_history: 854 rows from 15 events
  ✓ upserted 15/15 games into nhl_game_results
-- nba_odds_pull.py 
=== NBA odds pull · 2026-10-08 15:56 ET ===
  Odds API ok · quota left 4973372
  events: 46 · rows built: 46
  date span: 2026-10-20 .. 2026-12-25 (12 dates)
  line_history: 998 rows from 46 events
  ✓ upserted 46/46 games into nba_game_results
-- nfl_odds_pull.py 
=== NFL odds pull · 2026-10-08 ===
  alias map: 32 team-name variants
  americanfootball_nfl: 29 events
    line_history: 1570 rows from 29 events
    ✓ wrote 29 rows to nfl_game_results

=== Summary: 29 games ===
-- ncaaf_odds_pull.py 
=== NCAAF odds pull · 2026-10-08 ===
  alias map: 2871 name variants
  Odds API events: 73
    line_history: 3646 rows from 73 events

✓ wrote 73 rows to ncaaf_game_results
-- ncaab_odds_pull.py 
=== NCAAB odds pull · 2026-10-08 ===
  alias map: 1542 name variants
  Odds API events: 0
  (offseason or no lines posted)
-- detect_line_movement NHL 
=== detect_line_movement · NHL · lookback 6h ===
  wrote 21 flags

TOTAL flags written: 21
-- detect_line_movement NBA 
=== detect_line_movement · NBA · lookback 6h ===
  wrote 2 flags

TOTAL flags written: 2
-- detect_line_movement NFL 
=== detect_line_movement · NFL · lookback 6h ===
  wrote 43 flags

TOTAL flags written: 43
-- detect_line_movement NCAAF 
=== detect_line_movement · NCAAF · lookback 6h ===
  wrote 72 flags

TOTAL flags written: 72
-- detect_line_movement NCAAB 
=== detect_line_movement · NCAAB · lookback 6h ===

TOTAL flags written: 0
-- classify_line_moves ALL 
=== classify_line_moves · MLB/NFL/NCAAF/NCAAB/NHL/UFC  ===
  MLB: 14 flags in last 24h
  MLB: classifications → PATTERN_ONLY=6, SHARP_MOVE_LEAN=1, SHARP_MOVE_CONFIRMED=1, NEUTRAL=3, CONSENSUS_LEAN=1, CONSENSUS_CONFIRMED=2
  NFL: 87 flags in last 24h
  NFL: classifications → PATTERN_ONLY=86, CONSENSUS_CONFIRMED=1
  NCAAF: 213 flags in last 24h
  NCAAF: classifications → PATTERN_ONLY=133, NEUTRAL=35, CONSENSUS_LEAN=19, SHARP_MOVE_LEAN=11, PUBLIC_MOVE_LEAN=7, CONSENSUS_CONFIRMED=5, PUBLIC_MOVE_CONFIRMED=1, SHARP_MOVE_CONFIRMED=2
  NCAAB: 0 flags in last 24h
  NHL: 55 flags in last 24h
  NHL: classifications → PATTERN_ONLY=17, NEUTRAL=21, CONSENSUS_LEAN=16, SHARP_MOVE_LEAN=1
  UFC: 0 flags in last 24h

  ✓ 369/369 flags classified
======== [Thu 10/08/2026 16:00:08.90] all steps ok ======== 
 
======== [Thu 10/08/2026 16:26:01.87] multisport poller start ======== 
-- nhl_odds_pull.py 
=== NHL odds pull · 2026-10-08 16:26 ET ===
  Odds API ok · quota left 4973274
  events: 15 · rows built: 15
  date span: 2026-10-08 .. 2026-10-10 (3 dates)
  line_history: 878 rows from 15 events
  ✓ upserted 15/15 games into nhl_game_results
-- nba_odds_pull.py 
=== NBA odds pull · 2026-10-08 16:26 ET ===
  Odds API ok · quota left 4973271
  events: 46 · rows built: 46
  date span: 2026-10-20 .. 2026-12-25 (12 dates)
  line_history: 998 rows from 46 events
  ✓ upserted 46/46 games into nba_game_results
-- nfl_odds_pull.py 
=== NFL odds pull · 2026-10-08 ===
  alias map: 32 team-name variants
  americanfootball_nfl: 29 events
    line_history: 1570 rows from 29 events
    ✓ wrote 29 rows to nfl_game_results

=== Summary: 29 games ===
-- ncaaf_odds_pull.py 
=== NCAAF odds pull · 2026-10-08 ===
  alias map: 2871 name variants
  Odds API events: 73
    line_history: 3806 rows from 73 events

✓ wrote 73 rows to ncaaf_game_results
-- ncaab_odds_pull.py 
=== NCAAB odds pull · 2026-10-08 ===
  alias map: 1542 name variants
  Odds API events: 0
  (offseason or no lines posted)
-- detect_line_movement NHL 
=== detect_line_movement · NHL · lookback 6h ===
  wrote 20 flags

TOTAL flags written: 20
-- detect_line_movement NBA 
=== detect_line_movement · NBA · lookback 6h ===
  wrote 2 flags

TOTAL flags written: 2
-- detect_line_movement NFL 
=== detect_line_movement · NFL · lookback 6h ===
  wrote 43 flags

TOTAL flags written: 43
-- detect_line_movement NCAAF 
=== detect_line_movement · NCAAF · lookback 6h ===
  wrote 70 flags

TOTAL flags written: 70
-- detect_line_movement NCAAB 
=== detect_line_movement · NCAAB · lookback 6h ===

TOTAL flags written: 0
-- classify_line_moves ALL 
=== classify_line_moves · MLB/NFL/NCAAF/NCAAB/NHL/UFC  ===
  MLB: 14 flags in last 24h
  MLB: classifications → PATTERN_ONLY=6, SHARP_MOVE_LEAN=1, SHARP_MOVE_CONFIRMED=1, NEUTRAL=3, CONSENSUS_LEAN=1, CONSENSUS_CONFIRMED=2
  NFL: 87 flags in last 24h
  NFL: classifications → PATTERN_ONLY=86, CONSENSUS_CONFIRMED=1
  NCAAF: 208 flags in last 24h
  NCAAF: classifications → PATTERN_ONLY=131, SHARP_MOVE_LEAN=11, NEUTRAL=34, CONSENSUS_LEAN=18, PUBLIC_MOVE_LEAN=6, CONSENSUS_CONFIRMED=5, PUBLIC_MOVE_CONFIRMED=1, SHARP_MOVE_CONFIRMED=2
  NCAAB: 0 flags in last 24h
  NHL: 55 flags in last 24h
  NHL: classifications → PATTERN_ONLY=17, NEUTRAL=21, CONSENSUS_LEAN=16, SHARP_MOVE_LEAN=1
  UFC: 0 flags in last 24h

  ✓ 364/364 flags classified
======== [Thu 10/08/2026 16:29:51.82] all steps ok ======== 
 
======== [Thu 10/08/2026 16:56:01.88] multisport poller start ======== 
-- nhl_odds_pull.py 
=== NHL odds pull · 2026-10-08 16:56 ET ===
  Odds API ok · quota left 4973217
  events: 15 · rows built: 15
  date span: 2026-10-08 .. 2026-10-10 (3 dates)
  line_history: 878 rows from 15 events
  ✓ upserted 15/15 games into nhl_game_results
-- nba_odds_pull.py 
=== NBA odds pull · 2026-10-08 16:56 ET ===
  Odds API ok · quota left 4973214
  events: 46 · rows built: 46
  date span: 2026-10-20 .. 2026-12-25 (12 dates)
  line_history: 998 rows from 46 events
  ✓ upserted 46/46 games into nba_game_results
-- nfl_odds_pull.py 
=== NFL odds pull · 2026-10-08 ===
  alias map: 32 team-name variants
  americanfootball_nfl: 29 events
    line_history: 1570 rows from 29 events
    ✓ wrote 29 rows to nfl_game_results

=== Summary: 29 games ===
-- ncaaf_odds_pull.py 
=== NCAAF odds pull · 2026-10-08 ===
  alias map: 2871 name variants
  Odds API events: 73
    line_history: 3806 rows from 73 events

✓ wrote 73 rows to ncaaf_game_results
-- ncaab_odds_pull.py 
=== NCAAB odds pull · 2026-10-08 ===
  alias map: 1542 name variants
  Odds API events: 0
  (offseason or no lines posted)
-- detect_line_movement NHL 
=== detect_line_movement · NHL · lookback 6h ===
  wrote 22 flags

TOTAL flags written: 22
-- detect_line_movement NBA 
=== detect_line_movement · NBA · lookback 6h ===
  wrote 6 flags

TOTAL flags written: 6
-- detect_line_movement NFL 
=== detect_line_movement · NFL · lookback 6h ===
  wrote 47 flags

TOTAL flags written: 47
-- detect_line_movement NCAAF 
=== detect_line_movement · NCAAF · lookback 6h ===
  wrote 70 flags

TOTAL flags written: 70
-- detect_line_movement NCAAB 
=== detect_line_movement · NCAAB · lookback 6h ===

TOTAL flags written: 0
-- classify_line_moves ALL 
=== classify_line_moves · MLB/NFL/NCAAF/NCAAB/NHL/UFC  ===
  MLB: 14 flags in last 24h
  MLB: classifications → PATTERN_ONLY=6, SHARP_MOVE_LEAN=1, SHARP_MOVE_CONFIRMED=1, NEUTRAL=3, CONSENSUS_LEAN=1, CONSENSUS_CONFIRMED=2
  NFL: 87 flags in last 24h
  NFL: classifications → PATTERN_ONLY=86, CONSENSUS_CONFIRMED=1
  NCAAF: 207 flags in last 24h
  NCAAF: classifications → NEUTRAL=33, CONSENSUS_LEAN=18, SHARP_MOVE_LEAN=11, PATTERN_ONLY=131, PUBLIC_MOVE_LEAN=6, CONSENSUS_CONFIRMED=5, PUBLIC_MOVE_CONFIRMED=1, SHARP_MOVE_CONFIRMED=2
  NCAAB: 0 flags in last 24h
  NHL: 55 flags in last 24h
  NHL: classifications → PATTERN_ONLY=17, NEUTRAL=21, CONSENSUS_LEAN=16, SHARP_MOVE_LEAN=1
  UFC: 0 flags in last 24h

  ✓ 363/363 flags classified
======== [Thu 10/08/2026 16:59:44.29] all steps ok ======== 
 
======== [Thu 10/08/2026 17:26:01.91] multisport poller start ======== 
-- nhl_odds_pull.py 
=== NHL odds pull · 2026-10-08 17:26 ET ===
  Odds API ok · quota left 4973111
  events: 15 · rows built: 15
  date span: 2026-10-08 .. 2026-10-10 (3 dates)
  line_history: 878 rows from 15 events
  ✓ upserted 15/15 games into nhl_game_results
-- nba_odds_pull.py 
=== NBA odds pull · 2026-10-08 17:26 ET ===
  Odds API ok · quota left 4973108
  events: 46 · rows built: 46
  date span: 2026-10-20 .. 2026-12-25 (12 dates)
  line_history: 998 rows from 46 events
  ✓ upserted 46/46 games into nba_game_results
-- nfl_odds_pull.py 
=== NFL odds pull · 2026-10-08 ===
  alias map: 32 team-name variants
  americanfootball_nfl: 29 events
    line_history: 1568 rows from 29 events
    ✓ wrote 29 rows to nfl_game_results

=== Summary: 29 games ===
-- ncaaf_odds_pull.py 
=== NCAAF odds pull · 2026-10-08 ===
  alias map: 2871 name variants
  Odds API events: 73
    line_history: 3806 rows from 73 events

✓ wrote 73 rows to ncaaf_game_results
-- ncaab_odds_pull.py 
=== NCAAB odds pull · 2026-10-08 ===
  alias map: 1542 name variants
  Odds API events: 0
  (offseason or no lines posted)
-- detect_line_movement NHL 
=== detect_line_movement · NHL · lookback 6h ===
  wrote 20 flags

TOTAL flags written: 20
-- detect_line_movement NBA 
=== detect_line_movement · NBA · lookback 6h ===
  wrote 6 flags

TOTAL flags written: 6
-- detect_line_movement NFL 
=== detect_line_movement · NFL · lookback 6h ===
  wrote 47 flags

TOTAL flags written: 47
-- detect_line_movement NCAAF 
=== detect_line_movement · NCAAF · lookback 6h ===
  wrote 70 flags

TOTAL flags written: 70
-- detect_line_movement NCAAB 
=== detect_line_movement · NCAAB · lookback 6h ===

TOTAL flags written: 0
-- classify_line_moves ALL 
=== classify_line_moves · MLB/NFL/NCAAF/NCAAB/NHL/UFC  ===
  MLB: 14 flags in last 24h
  MLB: classifications → PATTERN_ONLY=6, SHARP_MOVE_LEAN=1, SHARP_MOVE_CONFIRMED=1, NEUTRAL=3, CONSENSUS_LEAN=1, CONSENSUS_CONFIRMED=2
  NFL: 88 flags in last 24h
  NFL: classifications → PATTERN_ONLY=87, CONSENSUS_CONFIRMED=1
  NCAAF: 205 flags in last 24h
  NCAAF: classifications → NEUTRAL=33, CONSENSUS_LEAN=17, PATTERN_ONLY=131, SHARP_MOVE_LEAN=11, PUBLIC_MOVE_LEAN=5, CONSENSUS_CONFIRMED=5, PUBLIC_MOVE_CONFIRMED=1, SHARP_MOVE_CONFIRMED=2
  NCAAB: 0 flags in last 24h
  NHL: 52 flags in last 24h
  NHL: classifications → PATTERN_ONLY=16, NEUTRAL=20, CONSENSUS_LEAN=15, SHARP_MOVE_LEAN=1
  UFC: 0 flags in last 24h

  ✓ 359/359 flags classified
======== [Thu 10/08/2026 17:29:49.40] all steps ok ======== 
 
======== [Thu 10/08/2026 17:56:02.33] multisport poller start ======== 
-- nhl_odds_pull.py 
=== NHL odds pull · 2026-10-08 17:56 ET ===
  Odds API ok · quota left 4973016
  events: 15 · rows built: 15
  date span: 2026-10-08 .. 2026-10-10 (3 dates)
  line_history: 878 rows from 15 events
  ✓ upserted 15/15 games into nhl_game_results
-- nba_odds_pull.py 
=== NBA odds pull · 2026-10-08 17:56 ET ===
  Odds API ok · quota left 4973013
  events: 46 · rows built: 46
  date span: 2026-10-20 .. 2026-12-25 (12 dates)
  line_history: 1070 rows from 46 events
  ✓ upserted 46/46 games into nba_game_results
-- nfl_odds_pull.py 
=== NFL odds pull · 2026-10-08 ===
  alias map: 32 team-name variants
  americanfootball_nfl: 29 events
    line_history: 1570 rows from 29 events
    ✓ wrote 29 rows to nfl_game_results

=== Summary: 29 games ===
-- ncaaf_odds_pull.py 
=== NCAAF odds pull · 2026-10-08 ===
  alias map: 2871 name variants
  Odds API events: 73
    line_history: 3800 rows from 73 events

✓ wrote 73 rows to ncaaf_game_results
-- ncaab_odds_pull.py 
=== NCAAB odds pull · 2026-10-08 ===
  alias map: 1542 name variants
  Odds API events: 0
  (offseason or no lines posted)
-- detect_line_movement NHL 
=== detect_line_movement · NHL · lookback 6h ===
  wrote 22 flags

TOTAL flags written: 22
-- detect_line_movement NBA 
=== detect_line_movement · NBA · lookback 6h ===
  wrote 6 flags

TOTAL flags written: 6
-- detect_line_movement NFL 
=== detect_line_movement · NFL · lookback 6h ===
  wrote 44 flags

TOTAL flags written: 44
-- detect_line_movement NCAAF 
=== detect_line_movement · NCAAF · lookback 6h ===
  wrote 73 flags

TOTAL flags written: 73
-- detect_line_movement NCAAB 
=== detect_line_movement · NCAAB · lookback 6h ===

TOTAL flags written: 0
-- classify_line_moves ALL 
=== classify_line_moves · MLB/NFL/NCAAF/NCAAB/NHL/UFC  ===
  MLB: 12 flags in last 24h
  MLB: classifications → PATTERN_ONLY=6, SHARP_MOVE_LEAN=1, SHARP_MOVE_CONFIRMED=1, CONSENSUS_LEAN=1, NEUTRAL=2, CONSENSUS_CONFIRMED=1
  NFL: 88 flags in last 24h
  NFL: classifications → PATTERN_ONLY=87, CONSENSUS_CONFIRMED=1
  NCAAF: 206 flags in last 24h
  NCAAF: classifications → PATTERN_ONLY=132, NEUTRAL=33, CONSENSUS_LEAN=17, SHARP_MOVE_LEAN=11, PUBLIC_MOVE_LEAN=5, CONSENSUS_CONFIRMED=5, PUBLIC_MOVE_CONFIRMED=1, SHARP_MOVE_CONFIRMED=2
  NCAAB: 0 flags in last 24h
  NHL: 54 flags in last 24h
  NHL: classifications → PATTERN_ONLY=18, NEUTRAL=20, CONSENSUS_LEAN=15, SHARP_MOVE_LEAN=1
  UFC: 0 flags in last 24h

  ✓ 360/360 flags classified
======== [Thu 10/08/2026 18:00:11.18] all steps ok ======== 
 
======== [Thu 10/08/2026 18:26:02.31] multisport poller start ======== 
-- nhl_odds_pull.py 
=== NHL odds pull · 2026-10-08 18:26 ET ===
  Odds API ok · quota left 4972921
  events: 15 · rows built: 15
  date span: 2026-10-08 .. 2026-10-10 (3 dates)
  line_history: 878 rows from 15 events
  ✓ upserted 15/15 games into nhl_game_results
-- nba_odds_pull.py 
=== NBA odds pull · 2026-10-08 18:26 ET ===
  Odds API ok · quota left 4972918
  events: 46 · rows built: 46
  date span: 2026-10-20 .. 2026-12-25 (12 dates)
  line_history: 1070 rows from 46 events
  ✓ upserted 46/46 games into nba_game_results
-- nfl_odds_pull.py 
=== NFL odds pull · 2026-10-08 ===
  alias map: 32 team-name variants
  americanfootball_nfl: 29 events
    line_history: 1568 rows from 29 events
    ✓ wrote 29 rows to nfl_game_results

=== Summary: 29 games ===
-- ncaaf_odds_pull.py 
=== NCAAF odds pull · 2026-10-08 ===
  alias map: 2871 name variants
  Odds API events: 73
    line_history: 3800 rows from 73 events

✓ wrote 73 rows to ncaaf_game_results
-- ncaab_odds_pull.py 
=== NCAAB odds pull · 2026-10-08 ===
  alias map: 1542 name variants
  Odds API events: 0
  (offseason or no lines posted)
-- detect_line_movement NHL 
=== detect_line_movement · NHL · lookback 6h ===
  wrote 22 flags

TOTAL flags written: 22
-- detect_line_movement NBA 
=== detect_line_movement · NBA · lookback 6h ===
  wrote 5 flags

TOTAL flags written: 5
-- detect_line_movement NFL 
=== detect_line_movement · NFL · lookback 6h ===
  wrote 39 flags

TOTAL flags written: 39
-- detect_line_movement NCAAF 
=== detect_line_movement · NCAAF · lookback 6h ===
  wrote 73 flags

TOTAL flags written: 73
-- detect_line_movement NCAAB 
=== detect_line_movement · NCAAB · lookback 6h ===

TOTAL flags written: 0
-- classify_line_moves ALL 
=== classify_line_moves · MLB/NFL/NCAAF/NCAAB/NHL/UFC  ===
  MLB: 12 flags in last 24h
  MLB: classifications → PATTERN_ONLY=6, SHARP_MOVE_LEAN=1, SHARP_MOVE_CONFIRMED=1, CONSENSUS_LEAN=1, NEUTRAL=2, CONSENSUS_CONFIRMED=1
  NFL: 86 flags in last 24h
  NFL: classifications → PATTERN_ONLY=85, CONSENSUS_CONFIRMED=1
  NCAAF: 206 flags in last 24h
  NCAAF: classifications → PATTERN_ONLY=132, NEUTRAL=32, CONSENSUS_LEAN=17, SHARP_MOVE_LEAN=11, PUBLIC_MOVE_LEAN=5, CONSENSUS_CONFIRMED=6, PUBLIC_MOVE_CONFIRMED=1, SHARP_MOVE_CONFIRMED=2
  NCAAB: 0 flags in last 24h
  NHL: 53 flags in last 24h
  NHL: classifications → PATTERN_ONLY=18, NEUTRAL=20, CONSENSUS_LEAN=14, SHARP_MOVE_LEAN=1
  UFC: 0 flags in last 24h

  ✓ 357/357 flags classified
======== [Thu 10/08/2026 18:29:47.11] all steps ok ======== 
 
======== [Thu 10/08/2026 18:56:02.03] multisport poller start ======== 
-- nhl_odds_pull.py 
=== NHL odds pull · 2026-10-08 18:56 ET ===
  Odds API ok · quota left 4972201
  events: 15 · rows built: 15
  date span: 2026-10-08 .. 2026-10-10 (3 dates)
  line_history: 878 rows from 15 events
  ✓ upserted 15/15 games into nhl_game_results
-- nba_odds_pull.py 
=== NBA odds pull · 2026-10-08 18:56 ET ===
  Odds API ok · quota left 4972198
  events: 46 · rows built: 46
  date span: 2026-10-20 .. 2026-12-25 (12 dates)
  line_history: 1070 rows from 46 events
  ✓ upserted 46/46 games into nba_game_results
-- nfl_odds_pull.py 
=== NFL odds pull · 2026-10-08 ===
  alias map: 32 team-name variants
  americanfootball_nfl: 29 events
    line_history: 1568 rows from 29 events
    ✓ wrote 29 rows to nfl_game_results

=== Summary: 29 games ===
-- ncaaf_odds_pull.py 
=== NCAAF odds pull · 2026-10-08 ===
  alias map: 2871 name variants
  Odds API events: 73
    line_history: 3792 rows from 73 events

✓ wrote 73 rows to ncaaf_game_results
-- ncaab_odds_pull.py 
=== NCAAB odds pull · 2026-10-08 ===
  alias map: 1542 name variants
  Odds API events: 0
  (offseason or no lines posted)
-- detect_line_movement NHL 
=== detect_line_movement · NHL · lookback 6h ===
  wrote 19 flags

TOTAL flags written: 19
-- detect_line_movement NBA 
=== detect_line_movement · NBA · lookback 6h ===
  wrote 5 flags

TOTAL flags written: 5
-- detect_line_movement NFL 
=== detect_line_movement · NFL · lookback 6h ===
  wrote 32 flags

TOTAL flags written: 32
-- detect_line_movement NCAAF 
=== detect_line_movement · NCAAF · lookback 6h ===
  wrote 43 flags

TOTAL flags written: 43
-- detect_line_movement NCAAB 
=== detect_line_movement · NCAAB · lookback 6h ===

TOTAL flags written: 0
-- classify_line_moves ALL 
=== classify_line_moves · MLB/NFL/NCAAF/NCAAB/NHL/UFC  ===
  MLB: 12 flags in last 24h
  MLB: classifications → PATTERN_ONLY=6, SHARP_MOVE_LEAN=1, SHARP_MOVE_CONFIRMED=1, CONSENSUS_LEAN=1, NEUTRAL=2, CONSENSUS_CONFIRMED=1
  NFL: 87 flags in last 24h
  NFL: classifications → PATTERN_ONLY=86, CONSENSUS_CONFIRMED=1
  NCAAF: 204 flags in last 24h
  NCAAF: classifications → PATTERN_ONLY=134, SHARP_MOVE_LEAN=10, NEUTRAL=30, CONSENSUS_LEAN=16, PUBLIC_MOVE_LEAN=5, CONSENSUS_CONFIRMED=6, PUBLIC_MOVE_CONFIRMED=1, SHARP_MOVE_CONFIRMED=2
  NCAAB: 0 flags in last 24h
  NHL: 50 flags in last 24h
  NHL: classifications → PATTERN_ONLY=18, NEUTRAL=18, CONSENSUS_LEAN=13, SHARP_MOVE_LEAN=1
  UFC: 0 flags in last 24h

  ✓ 353/353 flags classified
======== [Thu 10/08/2026 19:00:46.62] all steps ok ======== 
 
======== [Thu 10/08/2026 19:26:02.02] multisport poller start ======== 
-- nhl_odds_pull.py 
=== NHL odds pull · 2026-10-08 19:26 ET ===
  Odds API ok · quota left 4971418
  skipped 6 in-progress game(s) — live prices must not overwrite the close
  events: 15 · rows built: 9
  date span: 2026-10-08 .. 2026-10-10 (3 dates)
  line_history: 512 rows from 9 events
  ✓ upserted 9/9 games into nhl_game_results
-- nba_odds_pull.py 
=== NBA odds pull · 2026-10-08 19:26 ET ===
  Odds API ok · quota left 4971415
  events: 46 · rows built: 46
  date span: 2026-10-20 .. 2026-12-25 (12 dates)
  line_history: 1070 rows from 46 events
  ✓ upserted 46/46 games into nba_game_results
-- nfl_odds_pull.py 
=== NFL odds pull · 2026-10-08 ===
  alias map: 32 team-name variants
  americanfootball_nfl: 29 events
    line_history: 1568 rows from 29 events
    ✓ wrote 29 rows to nfl_game_results

=== Summary: 29 games ===
-- ncaaf_odds_pull.py 
=== NCAAF odds pull · 2026-10-08 ===
  alias map: 2871 name variants
  Odds API events: 73
    line_history: 3664 rows from 71 events

✓ wrote 71 rows to ncaaf_game_results
-- ncaab_odds_pull.py 
=== NCAAB odds pull · 2026-10-08 ===
  alias map: 1542 name variants
  Odds API events: 0
  (offseason or no lines posted)
-- detect_line_movement NHL 
=== detect_line_movement · NHL · lookback 6h ===
  wrote 18 flags

TOTAL flags written: 18
-- detect_line_movement NBA 
=== detect_line_movement · NBA · lookback 6h ===
  wrote 5 flags

TOTAL flags written: 5
-- detect_line_movement NFL 
=== detect_line_movement · NFL · lookback 6h ===
  wrote 31 flags

TOTAL flags written: 31
-- detect_line_movement NCAAF 
=== detect_line_movement · NCAAF · lookback 6h ===
  wrote 43 flags

TOTAL flags written: 43
-- detect_line_movement NCAAB 
=== detect_line_movement · NCAAB · lookback 6h ===

TOTAL flags written: 0
-- classify_line_moves ALL 
=== classify_line_moves · MLB/NFL/NCAAF/NCAAB/NHL/UFC  ===
  MLB: 12 flags in last 24h
  MLB: classifications → PATTERN_ONLY=6, SHARP_MOVE_LEAN=1, SHARP_MOVE_CONFIRMED=1, CONSENSUS_LEAN=1, NEUTRAL=2, CONSENSUS_CONFIRMED=1
  NFL: 87 flags in last 24h
  NFL: classifications → PATTERN_ONLY=86, CONSENSUS_CONFIRMED=1
  NCAAF: 204 flags in last 24h
  NCAAF: classifications → PATTERN_ONLY=134, NEUTRAL=30, SHARP_MOVE_LEAN=10, CONSENSUS_LEAN=16, PUBLIC_MOVE_LEAN=5, CONSENSUS_CONFIRMED=6, PUBLIC_MOVE_CONFIRMED=1, SHARP_MOVE_CONFIRMED=2
  NCAAB: 0 flags in last 24h
  NHL: 50 flags in last 24h
  NHL: classifications → PATTERN_ONLY=23, NEUTRAL=15, CONSENSUS_CONFIRMED=6, CONSENSUS_LEAN=6
  UFC: 0 flags in last 24h

  ✓ 353/353 flags classified
======== [Thu 10/08/2026 19:29:59.74] all steps ok ======== 
 
======== [Thu 10/08/2026 19:56:02.01] multisport poller start ======== 
-- nhl_odds_pull.py 
=== NHL odds pull · 2026-10-08 19:56 ET ===
  Odds API ok · quota left 4971303
  skipped 7 in-progress game(s) — live prices must not overwrite the close
  events: 15 · rows built: 8
  date span: 2026-10-08 .. 2026-10-10 (3 dates)
  line_history: 448 rows from 8 events
  ✓ upserted 8/8 games into nhl_game_results
-- nba_odds_pull.py 
=== NBA odds pull · 2026-10-08 19:56 ET ===
  Odds API ok · quota left 4971300
  events: 46 · rows built: 46
  date span: 2026-10-20 .. 2026-12-25 (12 dates)
  line_history: 1070 rows from 46 events
  ✓ upserted 46/46 games into nba_game_results
-- nfl_odds_pull.py 
=== NFL odds pull · 2026-10-08 ===
  alias map: 32 team-name variants
  americanfootball_nfl: 29 events
    line_history: 1570 rows from 29 events
    ✓ wrote 29 rows to nfl_game_results

=== Summary: 29 games ===
-- ncaaf_odds_pull.py 
=== NCAAF odds pull · 2026-10-08 ===
  alias map: 2871 name variants
  Odds API events: 73
    line_history: 3532 rows from 69 events

✓ wrote 69 rows to ncaaf_game_results
-- ncaab_odds_pull.py 
=== NCAAB odds pull · 2026-10-08 ===
  alias map: 1542 name variants
  Odds API events: 0
  (offseason or no lines posted)
-- detect_line_movement NHL 
=== detect_line_movement · NHL · lookback 6h ===
  wrote 19 flags

TOTAL flags written: 19
-- detect_line_movement NBA 
=== detect_line_movement · NBA · lookback 6h ===
  wrote 5 flags

TOTAL flags written: 5
-- detect_line_movement NFL 
=== detect_line_movement · NFL · lookback 6h ===
  wrote 32 flags

TOTAL flags written: 32
-- detect_line_movement NCAAF 
=== detect_line_movement · NCAAF · lookback 6h ===
  wrote 43 flags

TOTAL flags written: 43
-- detect_line_movement NCAAB 
=== detect_line_movement · NCAAB · lookback 6h ===

TOTAL flags written: 0
-- classify_line_moves ALL 
=== classify_line_moves · MLB/NFL/NCAAF/NCAAB/NHL/UFC  ===
  MLB: 12 flags in last 24h
  MLB: classifications → PATTERN_ONLY=7, SHARP_MOVE_CONFIRMED=2, CONSENSUS_LEAN=1, NEUTRAL=1, CONSENSUS_CONFIRMED=1
  NFL: 88 flags in last 24h
  NFL: classifications → PATTERN_ONLY=87, SHARP_MOVE_CONFIRMED=1
  NCAAF: 192 flags in last 24h
  NCAAF: classifications → PATTERN_ONLY=119, NEUTRAL=28, SHARP_MOVE_LEAN=10, PUBLIC_MOVE_LEAN=8, CONSENSUS_LEAN=16, SHARP_MOVE_CONFIRMED=5, CONSENSUS_CONFIRMED=6
  NCAAB: 0 flags in last 24h
  NHL: 45 flags in last 24h
  NHL: classifications → PATTERN_ONLY=24, CONSENSUS_CONFIRMED=6, SHARP_MOVE_CONFIRMED=2, NEUTRAL=10, SHARP_MOVE_LEAN=1, CONSENSUS_LEAN=2
  UFC: 0 flags in last 24h

  ✓ 337/337 flags classified
======== [Thu 10/08/2026 19:59:53.05] all steps ok ======== 
 
======== [Thu 10/08/2026 20:26:02.02] multisport poller start ======== 
-- nhl_odds_pull.py 
=== NHL odds pull · 2026-10-08 20:26 ET ===
  Odds API ok · quota left 4971279
  skipped 8 in-progress game(s) — live prices must not overwrite the close
  events: 15 · rows built: 7
  date span: 2026-10-08 .. 2026-10-10 (3 dates)
  line_history: 390 rows from 7 events
  ✓ upserted 7/7 games into nhl_game_results
-- nba_odds_pull.py 
=== NBA odds pull · 2026-10-08 20:26 ET ===
  Odds API ok · quota left 4971276
  events: 46 · rows built: 46
  date span: 2026-10-20 .. 2026-12-25 (12 dates)
  line_history: 1070 rows from 46 events
  ✓ upserted 46/46 games into nba_game_results
-- nfl_odds_pull.py 
=== NFL odds pull · 2026-10-08 ===
  alias map: 32 team-name variants
  americanfootball_nfl: 29 events
    line_history: 1470 rows from 28 events
    ✓ wrote 28 rows to nfl_game_results

=== Summary: 28 games ===
-- ncaaf_odds_pull.py 
=== NCAAF odds pull · 2026-10-08 ===
  alias map: 2871 name variants
  Odds API events: 73
    line_history: 3526 rows from 69 events

✓ wrote 69 rows to ncaaf_game_results
-- ncaab_odds_pull.py 
=== NCAAB odds pull · 2026-10-08 ===
  alias map: 1542 name variants
  Odds API events: 0
  (offseason or no lines posted)
-- detect_line_movement NHL 
=== detect_line_movement · NHL · lookback 6h ===
  wrote 17 flags

TOTAL flags written: 17
-- detect_line_movement NBA 
=== detect_line_movement · NBA · lookback 6h ===
  wrote 6 flags

TOTAL flags written: 6
-- detect_line_movement NFL 
=== detect_line_movement · NFL · lookback 6h ===
  wrote 33 flags

TOTAL flags written: 33
-- detect_line_movement NCAAF 
=== detect_line_movement · NCAAF · lookback 6h ===
  wrote 30 flags

TOTAL flags written: 30
-- detect_line_movement NCAAB 
=== detect_line_movement · NCAAB · lookback 6h ===

TOTAL flags written: 0
-- classify_line_moves ALL 
=== classify_line_moves · MLB/NFL/NCAAF/NCAAB/NHL/UFC  ===
  MLB: 10 flags in last 24h
  MLB: classifications → PATTERN_ONLY=6, SHARP_MOVE_CONFIRMED=2, CONSENSUS_LEAN=1, NEUTRAL=1
  NFL: 88 flags in last 24h
  NFL: classifications → PATTERN_ONLY=87, SHARP_MOVE_CONFIRMED=1
  NCAAF: 184 flags in last 24h
  NCAAF: classifications → PATTERN_ONLY=115, NEUTRAL=25, SHARP_MOVE_LEAN=10, PUBLIC_MOVE_LEAN=8, CONSENSUS_LEAN=15, SHARP_MOVE_CONFIRMED=5, CONSENSUS_CONFIRMED=6
  NCAAB: 0 flags in last 24h
  NHL: 45 flags in last 24h
  NHL: classifications → PATTERN_ONLY=24, CONSENSUS_CONFIRMED=6, SHARP_MOVE_CONFIRMED=2, NEUTRAL=10, SHARP_MOVE_LEAN=1, CONSENSUS_LEAN=2
  UFC: 0 flags in last 24h

  ✓ 327/327 flags classified
======== [Thu 10/08/2026 20:29:50.00] all steps ok ======== 
 
======== [Thu 10/08/2026 20:56:02.05] multisport poller start ======== 
-- nhl_odds_pull.py 
=== NHL odds pull · 2026-10-08 20:56 ET ===
  Odds API ok · quota left 4971121
  skipped 8 in-progress game(s) — live prices must not overwrite the close
  events: 15 · rows built: 7
  date span: 2026-10-08 .. 2026-10-10 (3 dates)
  line_history: 390 rows from 7 events
  ✓ upserted 7/7 games into nhl_game_results
-- nba_odds_pull.py 
=== NBA odds pull · 2026-10-08 20:56 ET ===
  Odds API ok · quota left 4971118
  events: 46 · rows built: 46
  date span: 2026-10-20 .. 2026-12-25 (12 dates)
  line_history: 1070 rows from 46 events
  ✓ upserted 46/46 games into nba_game_results
-- nfl_odds_pull.py 
=== NFL odds pull · 2026-10-08 ===
  alias map: 32 team-name variants
  americanfootball_nfl: 27 events
    line_history: 1422 rows from 26 events
    ✓ wrote 26 rows to nfl_game_results

=== Summary: 26 games ===
-- ncaaf_odds_pull.py 
=== NCAAF odds pull · 2026-10-08 ===
  alias map: 2871 name variants
  Odds API events: 73
    line_history: 3548 rows from 69 events

✓ wrote 69 rows to ncaaf_game_results
-- ncaab_odds_pull.py 
=== NCAAB odds pull · 2026-10-08 ===
  alias map: 1542 name variants
  Odds API events: 0
  (offseason or no lines posted)
-- detect_line_movement NHL 
=== detect_line_movement · NHL · lookback 6h ===
  wrote 20 flags

TOTAL flags written: 20
-- detect_line_movement NBA 
=== detect_line_movement · NBA · lookback 6h ===
  wrote 5 flags

TOTAL flags written: 5
-- detect_line_movement NFL 
=== detect_line_movement · NFL · lookback 6h ===
  wrote 24 flags

TOTAL flags written: 24
-- detect_line_movement NCAAF 
=== detect_line_movement · NCAAF · lookback 6h ===
  wrote 30 flags

TOTAL flags written: 30
-- detect_line_movement NCAAB 
=== detect_line_movement · NCAAB · lookback 6h ===

TOTAL flags written: 0
-- classify_line_moves ALL 
=== classify_line_moves · MLB/NFL/NCAAF/NCAAB/NHL/UFC  ===
  MLB: 10 flags in last 24h
  MLB: classifications → PATTERN_ONLY=6, SHARP_MOVE_CONFIRMED=2, CONSENSUS_LEAN=1, NEUTRAL=1
  NFL: 87 flags in last 24h
  NFL: classifications → PATTERN_ONLY=86, SHARP_MOVE_CONFIRMED=1
  NCAAF: 180 flags in last 24h
  NCAAF: classifications → PATTERN_ONLY=113, NEUTRAL=24, SHARP_MOVE_LEAN=10, PUBLIC_MOVE_LEAN=8, CONSENSUS_LEAN=14, SHARP_MOVE_CONFIRMED=5, CONSENSUS_CONFIRMED=6
  NCAAB: 0 flags in last 24h
  NHL: 45 flags in last 24h
  NHL: classifications → PATTERN_ONLY=24, CONSENSUS_CONFIRMED=6, SHARP_MOVE_CONFIRMED=2, NEUTRAL=10, SHARP_MOVE_LEAN=1, CONSENSUS_LEAN=2
  UFC: 0 flags in last 24h

  ✓ 322/322 flags classified
======== [Thu 10/08/2026 20:59:46.40] all steps ok ======== 
 
======== [Thu 10/08/2026 21:26:02.05] multisport poller start ======== 
-- nhl_odds_pull.py 
=== NHL odds pull · 2026-10-08 21:26 ET ===
  Odds API ok · quota left 4971085
  skipped 9 in-progress game(s) — live prices must not overwrite the close
  events: 15 · rows built: 6
  date span: 2026-10-08 .. 2026-10-10 (3 dates)
  line_history: 326 rows from 6 events
  ✓ upserted 6/6 games into nhl_game_results
-- nba_odds_pull.py 
=== NBA odds pull · 2026-10-08 21:26 ET ===
  Odds API ok · quota left 4971082
  events: 46 · rows built: 46
  date span: 2026-10-20 .. 2026-12-25 (12 dates)
  line_history: 1070 rows from 46 events
  ✓ upserted 46/46 games into nba_game_results
-- nfl_odds_pull.py 
=== NFL odds pull · 2026-10-08 ===
  alias map: 32 team-name variants
  americanfootball_nfl: 27 events
    line_history: 1422 rows from 26 events
    ✓ wrote 26 rows to nfl_game_results

=== Summary: 26 games ===
-- ncaaf_odds_pull.py 
=== NCAAF odds pull · 2026-10-08 ===
  alias map: 2871 name variants
  Odds API events: 73
    line_history: 3548 rows from 69 events

✓ wrote 69 rows to ncaaf_game_results
-- ncaab_odds_pull.py 
=== NCAAB odds pull · 2026-10-08 ===
  alias map: 1542 name variants
  Odds API events: 0
  (offseason or no lines posted)
-- detect_line_movement NHL 
=== detect_line_movement · NHL · lookback 6h ===
  wrote 20 flags

TOTAL flags written: 20
-- detect_line_movement NBA 
=== detect_line_movement · NBA · lookback 6h ===
  wrote 5 flags

TOTAL flags written: 5
-- detect_line_movement NFL 
=== detect_line_movement · NFL · lookback 6h ===
  wrote 24 flags

TOTAL flags written: 24
-- detect_line_movement NCAAF 
=== detect_line_movement · NCAAF · lookback 6h ===
  wrote 30 flags

TOTAL flags written: 30
-- detect_line_movement NCAAB 
=== detect_line_movement · NCAAB · lookback 6h ===

TOTAL flags written: 0
-- classify_line_moves ALL 
=== classify_line_moves · MLB/NFL/NCAAF/NCAAB/NHL/UFC  ===
  MLB: 7 flags in last 24h
  MLB: classifications → PATTERN_ONLY=4, SHARP_MOVE_CONFIRMED=2, CONSENSUS_LEAN=1
  NFL: 87 flags in last 24h
  NFL: classifications → PATTERN_ONLY=86, SHARP_MOVE_CONFIRMED=1
  NCAAF: 177 flags in last 24h
  NCAAF: classifications → PATTERN_ONLY=110, NEUTRAL=24, SHARP_MOVE_LEAN=10, PUBLIC_MOVE_LEAN=8, CONSENSUS_LEAN=14, SHARP_MOVE_CONFIRMED=5, CONSENSUS_CONFIRMED=6
  NCAAB: 0 flags in last 24h
  NHL: 43 flags in last 24h
  NHL: classifications → PATTERN_ONLY=24, CONSENSUS_CONFIRMED=6, SHARP_MOVE_CONFIRMED=2, NEUTRAL=9, SHARP_MOVE_LEAN=1, CONSENSUS_LEAN=1
  UFC: 0 flags in last 24h

  ✓ 314/314 flags classified
======== [Thu 10/08/2026 21:29:37.59] all steps ok ======== 
 
======== [Thu 10/08/2026 21:56:02.05] multisport poller start ======== 
-- nhl_odds_pull.py 
=== NHL odds pull · 2026-10-08 21:56 ET ===
  Odds API ok · quota left 4970987
  skipped 5 in-progress game(s) — live prices must not overwrite the close
  events: 11 · rows built: 6
  date span: 2026-10-08 .. 2026-10-10 (3 dates)
  line_history: 326 rows from 6 events
  ✓ upserted 6/6 games into nhl_game_results
-- nba_odds_pull.py 
=== NBA odds pull · 2026-10-08 21:56 ET ===
  Odds API ok · quota left 4970984
  events: 46 · rows built: 46
  date span: 2026-10-20 .. 2026-12-25 (12 dates)
  line_history: 1070 rows from 46 events
  ✓ upserted 46/46 games into nba_game_results
-- nfl_odds_pull.py 
=== NFL odds pull · 2026-10-08 ===
  alias map: 32 team-name variants
  americanfootball_nfl: 27 events
    line_history: 1422 rows from 26 events
    ✓ wrote 26 rows to nfl_game_results

=== Summary: 26 games ===
-- ncaaf_odds_pull.py 
=== NCAAF odds pull · 2026-10-08 ===
  alias map: 2871 name variants
  Odds API events: 73
    line_history: 3548 rows from 69 events

✓ wrote 69 rows to ncaaf_game_results
-- ncaab_odds_pull.py 
=== NCAAB odds pull · 2026-10-08 ===
  alias map: 1542 name variants
  Odds API events: 0
  (offseason or no lines posted)
-- detect_line_movement NHL 
=== detect_line_movement · NHL · lookback 6h ===
  wrote 20 flags

TOTAL flags written: 20
-- detect_line_movement NBA 
=== detect_line_movement · NBA · lookback 6h ===
  wrote 2 flags

TOTAL flags written: 2
-- detect_line_movement NFL 
=== detect_line_movement · NFL · lookback 6h ===
  wrote 24 flags

TOTAL flags written: 24
-- detect_line_movement NCAAF 
=== detect_line_movement · NCAAF · lookback 6h ===
  wrote 47 flags

TOTAL flags written: 47
-- detect_line_movement NCAAB 
=== detect_line_movement · NCAAB · lookback 6h ===

TOTAL flags written: 0
-- classify_line_moves ALL 
=== classify_line_moves · MLB/NFL/NCAAF/NCAAB/NHL/UFC  ===
  MLB: 7 flags in last 24h
  MLB: classifications → PATTERN_ONLY=4, SHARP_MOVE_CONFIRMED=2, CONSENSUS_LEAN=1
  NFL: 83 flags in last 24h
  NFL: classifications → PATTERN_ONLY=82, SHARP_MOVE_CONFIRMED=1
  NCAAF: 178 flags in last 24h
  NCAAF: classifications → PUBLIC_MOVE_LEAN=10, PATTERN_ONLY=110, NEUTRAL=23, SHARP_MOVE_LEAN=11, CONSENSUS_LEAN=13, SHARP_MOVE_CONFIRMED=5, CONSENSUS_CONFIRMED=6
  NCAAB: 0 flags in last 24h
  NHL: 41 flags in last 24h
  NHL: classifications → PATTERN_ONLY=24, CONSENSUS_CONFIRMED=6, SHARP_MOVE_CONFIRMED=2, NEUTRAL=8, SHARP_MOVE_LEAN=1
  UFC: 0 flags in last 24h

  ✓ 309/309 flags classified
======== [Thu 10/08/2026 21:59:29.76] all steps ok ======== 
 
======== [Thu 10/08/2026 22:26:02.07] multisport poller start ======== 
-- nhl_odds_pull.py 
=== NHL odds pull · 2026-10-08 22:26 ET ===
  Odds API ok · quota left 4970969
  skipped 3 in-progress game(s) — live prices must not overwrite the close
  events: 8 · rows built: 5
  date span: 2026-10-09 .. 2026-10-10 (2 dates)
  line_history: 262 rows from 5 events
  ✓ upserted 5/5 games into nhl_game_results
-- nba_odds_pull.py 
=== NBA odds pull · 2026-10-08 22:26 ET ===
  Odds API ok · quota left 4970966
  events: 46 · rows built: 46
  date span: 2026-10-20 .. 2026-12-25 (12 dates)
  line_history: 1070 rows from 46 events
  ✓ upserted 46/46 games into nba_game_results
-- nfl_odds_pull.py 
=== NFL odds pull · 2026-10-08 ===
  alias map: 32 team-name variants
  americanfootball_nfl: 27 events
    line_history: 1422 rows from 26 events
    ✓ wrote 26 rows to nfl_game_results

=== Summary: 26 games ===
-- ncaaf_odds_pull.py 
=== NCAAF odds pull · 2026-10-08 ===
  alias map: 2871 name variants
  Odds API events: 71
    line_history: 3546 rows from 69 events

✓ wrote 69 rows to ncaaf_game_results
-- ncaab_odds_pull.py 
=== NCAAB odds pull · 2026-10-08 ===
  alias map: 1542 name variants
  Odds API events: 0
  (offseason or no lines posted)
-- detect_line_movement NHL 
=== detect_line_movement · NHL · lookback 6h ===
  wrote 19 flags

TOTAL flags written: 19
-- detect_line_movement NBA 
=== detect_line_movement · NBA · lookback 6h ===
  wrote 1 flags

TOTAL flags written: 1
-- detect_line_movement NFL 
=== detect_line_movement · NFL · lookback 6h ===
  wrote 19 flags

TOTAL flags written: 19
-- detect_line_movement NCAAF 
=== detect_line_movement · NCAAF · lookback 6h ===
  wrote 31 flags

TOTAL flags written: 31
-- detect_line_movement NCAAB 
=== detect_line_movement · NCAAB · lookback 6h ===

TOTAL flags written: 0
-- classify_line_moves ALL 
=== classify_line_moves · MLB/NFL/NCAAF/NCAAB/NHL/UFC  ===
  MLB: 7 flags in last 24h
  MLB: classifications → PATTERN_ONLY=4, SHARP_MOVE_CONFIRMED=2, CONSENSUS_LEAN=1
  NFL: 83 flags in last 24h
  NFL: classifications → PATTERN_ONLY=82, SHARP_MOVE_CONFIRMED=1
  NCAAF: 178 flags in last 24h
  NCAAF: classifications → PATTERN_ONLY=112, PUBLIC_MOVE_LEAN=10, NEUTRAL=22, SHARP_MOVE_LEAN=11, CONSENSUS_LEAN=12, SHARP_MOVE_CONFIRMED=5, CONSENSUS_CONFIRMED=6
  NCAAB: 0 flags in last 24h
  NHL: 41 flags in last 24h
  NHL: classifications → PATTERN_ONLY=24, CONSENSUS_CONFIRMED=6, SHARP_MOVE_CONFIRMED=2, NEUTRAL=8, SHARP_MOVE_LEAN=1
  UFC: 0 flags in last 24h

  ✓ 309/309 flags classified
======== [Thu 10/08/2026 22:29:39.79] all steps ok ======== 
 
======== [Thu 10/08/2026 22:56:02.12] multisport poller start ======== 
-- nhl_odds_pull.py 
=== NHL odds pull · 2026-10-08 22:56 ET ===
  Odds API ok · quota left 4970945
  skipped 3 in-progress game(s) — live prices must not overwrite the close
  events: 8 · rows built: 5
  date span: 2026-10-09 .. 2026-10-10 (2 dates)
  line_history: 262 rows from 5 events
  ✓ upserted 5/5 games into nhl_game_results
-- nba_odds_pull.py 
=== NBA odds pull · 2026-10-08 22:56 ET ===
  Odds API ok · quota left 4970942
  events: 46 · rows built: 46
  date span: 2026-10-20 .. 2026-12-25 (12 dates)
  line_history: 1070 rows from 46 events
  ✓ upserted 46/46 games into nba_game_results
-- nfl_odds_pull.py 
=== NFL odds pull · 2026-10-08 ===
  alias map: 32 team-name variants
  americanfootball_nfl: 27 events
    line_history: 1422 rows from 26 events
    ✓ wrote 26 rows to nfl_game_results

=== Summary: 26 games ===
-- ncaaf_odds_pull.py 
=== NCAAF odds pull · 2026-10-08 ===
  alias map: 2871 name variants
  Odds API events: 71
    line_history: 3548 rows from 69 events

✓ wrote 69 rows to ncaaf_game_results
-- ncaab_odds_pull.py 
=== NCAAB odds pull · 2026-10-08 ===
  alias map: 1542 name variants
  Odds API events: 0
  (offseason or no lines posted)
-- detect_line_movement NHL 
=== detect_line_movement · NHL · lookback 6h ===
  wrote 18 flags

TOTAL flags written: 18
-- detect_line_movement NBA 
=== detect_line_movement · NBA · lookback 6h ===
  wrote 1 flags

TOTAL flags written: 1
-- detect_line_movement NFL 
=== detect_line_movement · NFL · lookback 6h ===
  wrote 17 flags

TOTAL flags written: 17
-- detect_line_movement NCAAF 
=== detect_line_movement · NCAAF · lookback 6h ===
  wrote 34 flags

TOTAL flags written: 34
-- detect_line_movement NCAAB 
=== detect_line_movement · NCAAB · lookback 6h ===

TOTAL flags written: 0
-- classify_line_moves ALL 
=== classify_line_moves · MLB/NFL/NCAAF/NCAAB/NHL/UFC  ===
  MLB: 7 flags in last 24h
  MLB: classifications → PATTERN_ONLY=4, SHARP_MOVE_CONFIRMED=2, CONSENSUS_LEAN=1
  NFL: 81 flags in last 24h
  NFL: classifications → PATTERN_ONLY=80, SHARP_MOVE_CONFIRMED=1
  NCAAF: 181 flags in last 24h
  NCAAF: classifications → PATTERN_ONLY=114, PUBLIC_MOVE_LEAN=10, NEUTRAL=22, SHARP_MOVE_LEAN=11, CONSENSUS_LEAN=13, SHARP_MOVE_CONFIRMED=5, CONSENSUS_CONFIRMED=6
  NCAAB: 0 flags in last 24h
  NHL: 41 flags in last 24h
  NHL: classifications → PATTERN_ONLY=24, CONSENSUS_CONFIRMED=6, SHARP_MOVE_CONFIRMED=2, NEUTRAL=8, SHARP_MOVE_LEAN=1
  UFC: 0 flags in last 24h

  ✓ 310/310 flags classified
======== [Thu 10/08/2026 22:59:25.13] all steps ok ======== 
 
======== [Thu 10/08/2026 23:26:02.16] multisport poller start ======== 
-- nhl_odds_pull.py 
=== NHL odds pull · 2026-10-08 23:26 ET ===
  Odds API ok · quota left 4970921
  skipped 2 in-progress game(s) — live prices must not overwrite the close
  events: 7 · rows built: 5
  date span: 2026-10-09 .. 2026-10-10 (2 dates)
  line_history: 262 rows from 5 events
  ✓ upserted 5/5 games into nhl_game_results
-- nba_odds_pull.py 
=== NBA odds pull · 2026-10-08 23:26 ET ===
  Odds API ok · quota left 4970918
  events: 46 · rows built: 46
  date span: 2026-10-20 .. 2026-12-25 (12 dates)
  line_history: 1082 rows from 46 events
  ✓ upserted 46/46 games into nba_game_results
-- nfl_odds_pull.py 
=== NFL odds pull · 2026-10-08 ===
  alias map: 32 team-name variants
  americanfootball_nfl: 27 events
    line_history: 1422 rows from 26 events
    ✓ wrote 26 rows to nfl_game_results

=== Summary: 26 games ===
-- ncaaf_odds_pull.py 
=== NCAAF odds pull · 2026-10-08 ===
  alias map: 2871 name variants
  Odds API events: 69
    line_history: 3548 rows from 69 events

✓ wrote 69 rows to ncaaf_game_results
-- ncaab_odds_pull.py 
=== NCAAB odds pull · 2026-10-08 ===
  alias map: 1542 name variants
  Odds API events: 0
  (offseason or no lines posted)
-- detect_line_movement NHL 
=== detect_line_movement · NHL · lookback 6h ===
  wrote 17 flags

TOTAL flags written: 17
-- detect_line_movement NBA 
=== detect_line_movement · NBA · lookback 6h ===

TOTAL flags written: 0
-- detect_line_movement NFL 
=== detect_line_movement · NFL · lookback 6h ===
  wrote 18 flags

TOTAL flags written: 18
-- detect_line_movement NCAAF 
=== detect_line_movement · NCAAF · lookback 6h ===
  wrote 34 flags

TOTAL flags written: 34
-- detect_line_movement NCAAB 
=== detect_line_movement · NCAAB · lookback 6h ===

TOTAL flags written: 0
-- classify_line_moves ALL 
=== classify_line_moves · MLB/NFL/NCAAF/NCAAB/NHL/UFC  ===
  MLB: 7 flags in last 24h
  MLB: classifications → PATTERN_ONLY=4, SHARP_MOVE_CONFIRMED=2, CONSENSUS_LEAN=1
  NFL: 81 flags in last 24h
  NFL: classifications → PATTERN_ONLY=80, SHARP_MOVE_CONFIRMED=1
  NCAAF: 183 flags in last 24h
  NCAAF: classifications → PATTERN_ONLY=115, PUBLIC_MOVE_LEAN=10, NEUTRAL=22, SHARP_MOVE_LEAN=11, CONSENSUS_LEAN=14, SHARP_MOVE_CONFIRMED=5, CONSENSUS_CONFIRMED=6
  NCAAB: 0 flags in last 24h
  NHL: 41 flags in last 24h
  NHL: classifications → PATTERN_ONLY=24, CONSENSUS_CONFIRMED=6, SHARP_MOVE_CONFIRMED=2, NEUTRAL=8, SHARP_MOVE_LEAN=1
  UFC: 0 flags in last 24h

  ✓ 312/312 flags classified
======== [Thu 10/08/2026 23:29:21.23] all steps ok ======== 
 
======== [Thu 10/08/2026 23:56:02.14] multisport poller start ======== 
-- nhl_odds_pull.py 
=== NHL odds pull · 2026-10-08 23:56 ET ===
  Odds API ok · quota left 4970891
  skipped 2 in-progress game(s) — live prices must not overwrite the close
  events: 7 · rows built: 5
  date span: 2026-10-09 .. 2026-10-10 (2 dates)
  line_history: 262 rows from 5 events
  ✓ upserted 5/5 games into nhl_game_results
-- nba_odds_pull.py 
=== NBA odds pull · 2026-10-08 23:56 ET ===
  Odds API ok · quota left 4970888
  events: 46 · rows built: 46
  date span: 2026-10-20 .. 2026-12-25 (12 dates)
  line_history: 1082 rows from 46 events
  ✓ upserted 46/46 games into nba_game_results
-- nfl_odds_pull.py 
=== NFL odds pull · 2026-10-08 ===
  alias map: 32 team-name variants
  americanfootball_nfl: 26 events
    line_history: 1422 rows from 26 events
    ✓ wrote 26 rows to nfl_game_results

=== Summary: 26 games ===
-- ncaaf_odds_pull.py 
=== NCAAF odds pull · 2026-10-08 ===
  alias map: 2871 name variants
  Odds API events: 69
    line_history: 3548 rows from 69 events

✓ wrote 69 rows to ncaaf_game_results
-- ncaab_odds_pull.py 
=== NCAAB odds pull · 2026-10-08 ===
  alias map: 1542 name variants
  Odds API events: 0
  (offseason or no lines posted)
-- detect_line_movement NHL 
=== detect_line_movement · NHL · lookback 6h ===
  wrote 18 flags

TOTAL flags written: 18
-- detect_line_movement NBA 
=== detect_line_movement · NBA · lookback 6h ===
  wrote 1 flags

TOTAL flags written: 1
-- detect_line_movement NFL 
=== detect_line_movement · NFL · lookback 6h ===
  wrote 14 flags

TOTAL flags written: 14
-- detect_line_movement NCAAF 
=== detect_line_movement · NCAAF · lookback 6h ===
  wrote 37 flags

TOTAL flags written: 37
-- detect_line_movement NCAAB 
=== detect_line_movement · NCAAB · lookback 6h ===

TOTAL flags written: 0
-- classify_line_moves ALL 
=== classify_line_moves · MLB/NFL/NCAAF/NCAAB/NHL/UFC  ===
  MLB: 7 flags in last 24h
  MLB: classifications → PATTERN_ONLY=4, SHARP_MOVE_CONFIRMED=2, CONSENSUS_LEAN=1
  NFL: 81 flags in last 24h
  NFL: classifications → PATTERN_ONLY=80, SHARP_MOVE_CONFIRMED=1
  NCAAF: 185 flags in last 24h
  NCAAF: classifications → PATTERN_ONLY=116, SHARP_MOVE_LEAN=12, PUBLIC_MOVE_LEAN=10, NEUTRAL=22, CONSENSUS_LEAN=14, SHARP_MOVE_CONFIRMED=5, CONSENSUS_CONFIRMED=6
  NCAAB: 0 flags in last 24h
  NHL: 41 flags in last 24h
  NHL: classifications → PATTERN_ONLY=24, CONSENSUS_CONFIRMED=6, SHARP_MOVE_CONFIRMED=2, NEUTRAL=8, SHARP_MOVE_LEAN=1
  UFC: 0 flags in last 24h

  ✓ 314/314 flags classified
======== [Thu 10/08/2026 23:59:27.77] all steps ok ======== 
 
======== [Fri 10/09/2026  0:26:02.16] multisport poller start ======== 
-- nhl_odds_pull.py 
=== NHL odds pull · 2026-10-09 00:26 ET ===
  Odds API ok · quota left 4970721
  skipped 1 in-progress game(s) — live prices must not overwrite the close
  events: 6 · rows built: 5
  date span: 2026-10-09 .. 2026-10-10 (2 dates)
  line_history: 262 rows from 5 events
  ✓ upserted 5/5 games into nhl_game_results
-- nba_odds_pull.py 
=== NBA odds pull · 2026-10-09 00:26 ET ===
  Odds API ok · quota left 4970718
  events: 46 · rows built: 46
  date span: 2026-10-20 .. 2026-12-25 (12 dates)
  line_history: 1082 rows from 46 events
  ✓ upserted 46/46 games into nba_game_results
-- nfl_odds_pull.py 
=== NFL odds pull · 2026-10-09 ===
  alias map: 32 team-name variants
  americanfootball_nfl: 26 events
    line_history: 1422 rows from 26 events
    ✓ wrote 26 rows to nfl_game_results

=== Summary: 26 games ===
-- ncaaf_odds_pull.py 
=== NCAAF odds pull · 2026-10-09 ===
  alias map: 2871 name variants
  Odds API events: 69
    line_history: 3548 rows from 69 events

✓ wrote 69 rows to ncaaf_game_results
-- ncaab_odds_pull.py 
=== NCAAB odds pull · 2026-10-09 ===
  alias map: 1542 name variants
  Odds API events: 0
  (offseason or no lines posted)
-- detect_line_movement NHL 
=== detect_line_movement · NHL · lookback 6h ===
  wrote 9 flags

TOTAL flags written: 9
-- detect_line_movement NBA 
=== detect_line_movement · NBA · lookback 6h ===
  wrote 1 flags

TOTAL flags written: 1
-- detect_line_movement NFL 
=== detect_line_movement · NFL · lookback 6h ===
  wrote 12 flags

TOTAL flags written: 12
-- detect_line_movement NCAAF 
=== detect_line_movement · NCAAF · lookback 6h ===
  wrote 28 flags

TOTAL flags written: 28
-- detect_line_movement NCAAB 
=== detect_line_movement · NCAAB · lookback 6h ===

TOTAL flags written: 0
-- classify_line_moves ALL 
=== classify_line_moves · MLB/NFL/NCAAF/NCAAB/NHL/UFC  ===
  MLB: 7 flags in last 24h
  MLB: classifications → PATTERN_ONLY=4, SHARP_MOVE_CONFIRMED=2, CONSENSUS_LEAN=1
  NFL: 80 flags in last 24h
  NFL: classifications → PATTERN_ONLY=79, SHARP_MOVE_CONFIRMED=1
  NCAAF: 188 flags in last 24h
  NCAAF: classifications → PATTERN_ONLY=118, NEUTRAL=23, SHARP_MOVE_LEAN=12, PUBLIC_MOVE_LEAN=10, CONSENSUS_LEAN=14, SHARP_MOVE_CONFIRMED=5, CONSENSUS_CONFIRMED=6
  NCAAB: 0 flags in last 24h
  NHL: 41 flags in last 24h
  NHL: classifications → PATTERN_ONLY=24, CONSENSUS_CONFIRMED=6, SHARP_MOVE_CONFIRMED=2, NEUTRAL=8, SHARP_MOVE_LEAN=1
  UFC: 0 flags in last 24h

  ✓ 316/316 flags classified
======== [Fri 10/09/2026  0:29:35.97] all steps ok ======== 
 
======== [Fri 10/09/2026  0:56:02.18] multisport poller start ======== 
-- nhl_odds_pull.py 
=== NHL odds pull · 2026-10-09 00:56 ET ===
  Odds API ok · quota left 4970685
  skipped 1 in-progress game(s) — live prices must not overwrite the close
  events: 6 · rows built: 5
  date span: 2026-10-09 .. 2026-10-10 (2 dates)
  line_history: 262 rows from 5 events
  ✓ upserted 5/5 games into nhl_game_results
-- nba_odds_pull.py 
=== NBA odds pull · 2026-10-09 00:56 ET ===
  Odds API ok · quota left 4970682
  events: 46 · rows built: 46
  date span: 2026-10-20 .. 2026-12-25 (12 dates)
  line_history: 1082 rows from 46 events
  ✓ upserted 46/46 games into nba_game_results
-- nfl_odds_pull.py 
=== NFL odds pull · 2026-10-09 ===
  alias map: 32 team-name variants
  americanfootball_nfl: 26 events
    line_history: 1422 rows from 26 events
    ✓ wrote 26 rows to nfl_game_results

=== Summary: 26 games ===
-- ncaaf_odds_pull.py 
=== NCAAF odds pull · 2026-10-09 ===
  alias map: 2871 name variants
  Odds API events: 69
    line_history: 3540 rows from 69 events

✓ wrote 69 rows to ncaaf_game_results
-- ncaab_odds_pull.py 
=== NCAAB odds pull · 2026-10-09 ===
  alias map: 1542 name variants
  Odds API events: 0
  (offseason or no lines posted)
-- detect_line_movement NHL 
=== detect_line_movement · NHL · lookback 6h ===
  wrote 7 flags

TOTAL flags written: 7
-- detect_line_movement NBA 
=== detect_line_movement · NBA · lookback 6h ===
  wrote 1 flags

TOTAL flags written: 1
-- detect_line_movement NFL 
=== detect_line_movement · NFL · lookback 6h ===
  wrote 10 flags

TOTAL flags written: 10
-- detect_line_movement NCAAF 
=== detect_line_movement · NCAAF · lookback 6h ===
  wrote 17 flags

TOTAL flags written: 17
-- detect_line_movement NCAAB 
=== detect_line_movement · NCAAB · lookback 6h ===

TOTAL flags written: 0
-- classify_line_moves ALL 
=== classify_line_moves · MLB/NFL/NCAAF/NCAAB/NHL/UFC  ===
  MLB: 7 flags in last 24h
  MLB: classifications → PATTERN_ONLY=4, SHARP_MOVE_CONFIRMED=2, CONSENSUS_LEAN=1
  NFL: 80 flags in last 24h
  NFL: classifications → PATTERN_ONLY=79, SHARP_MOVE_CONFIRMED=1
  NCAAF: 186 flags in last 24h
  NCAAF: classifications → PATTERN_ONLY=117, NEUTRAL=23, PUBLIC_MOVE_LEAN=10, SHARP_MOVE_LEAN=12, CONSENSUS_LEAN=13, SHARP_MOVE_CONFIRMED=5, CONSENSUS_CONFIRMED=6
  NCAAB: 0 flags in last 24h
  NHL: 41 flags in last 24h
  NHL: classifications → PATTERN_ONLY=24, CONSENSUS_CONFIRMED=6, SHARP_MOVE_CONFIRMED=2, NEUTRAL=8, SHARP_MOVE_LEAN=1
  UFC: 0 flags in last 24h

  ✓ 314/314 flags classified
======== [Fri 10/09/2026  0:59:10.21] all steps ok ======== 
 
======== [Fri 10/09/2026  1:26:02.17] multisport poller start ======== 
-- nhl_odds_pull.py 
=== NHL odds pull · 2026-10-09 01:26 ET ===
  Odds API ok · quota left 4970661
  events: 5 · rows built: 5
  date span: 2026-10-09 .. 2026-10-10 (2 dates)
  line_history: 262 rows from 5 events
  ✓ upserted 5/5 games into nhl_game_results
-- nba_odds_pull.py 
=== NBA odds pull · 2026-10-09 01:26 ET ===
  Odds API ok · quota left 4970658
  events: 46 · rows built: 46
  date span: 2026-10-20 .. 2026-12-25 (12 dates)
  line_history: 1082 rows from 46 events
  ✓ upserted 46/46 games into nba_game_results
-- nfl_odds_pull.py 
=== NFL odds pull · 2026-10-09 ===
  alias map: 32 team-name variants
  americanfootball_nfl: 26 events
    line_history: 1422 rows from 26 events
    ✓ wrote 26 rows to nfl_game_results

=== Summary: 26 games ===
-- ncaaf_odds_pull.py 
=== NCAAF odds pull · 2026-10-09 ===
  alias map: 2871 name variants
  Odds API events: 69
    line_history: 3540 rows from 69 events

✓ wrote 69 rows to ncaaf_game_results
-- ncaab_odds_pull.py 
=== NCAAB odds pull · 2026-10-09 ===
  alias map: 1542 name variants
  Odds API events: 0
  (offseason or no lines posted)
-- detect_line_movement NHL 
=== detect_line_movement · NHL · lookback 6h ===
  wrote 6 flags

TOTAL flags written: 6
-- detect_line_movement NBA 
=== detect_line_movement · NBA · lookback 6h ===
  wrote 1 flags

TOTAL flags written: 1
-- detect_line_movement NFL 
=== detect_line_movement · NFL · lookback 6h ===
  wrote 3 flags

TOTAL flags written: 3
-- detect_line_movement NCAAF 
=== detect_line_movement · NCAAF · lookback 6h ===
  wrote 20 flags

TOTAL flags written: 20
-- detect_line_movement NCAAB 
=== detect_line_movement · NCAAB · lookback 6h ===

TOTAL flags written: 0
-- classify_line_moves ALL 
=== classify_line_moves · MLB/NFL/NCAAF/NCAAB/NHL/UFC  ===
  MLB: 7 flags in last 24h
  MLB: classifications → PATTERN_ONLY=4, SHARP_MOVE_CONFIRMED=2, CONSENSUS_LEAN=1
  NFL: 80 flags in last 24h
  NFL: classifications → PATTERN_ONLY=79, SHARP_MOVE_CONFIRMED=1
  NCAAF: 182 flags in last 24h
  NCAAF: classifications → PATTERN_ONLY=115, NEUTRAL=23, PUBLIC_MOVE_LEAN=10, SHARP_MOVE_LEAN=12, CONSENSUS_LEAN=11, SHARP_MOVE_CONFIRMED=5, CONSENSUS_CONFIRMED=6
  NCAAB: 0 flags in last 24h
  NHL: 39 flags in last 24h
  NHL: classifications → PATTERN_ONLY=24, CONSENSUS_CONFIRMED=6, SHARP_MOVE_CONFIRMED=2, NEUTRAL=6, SHARP_MOVE_LEAN=1
  UFC: 0 flags in last 24h

  ✓ 308/308 flags classified
======== [Fri 10/09/2026  1:29:16.19] all steps ok ======== 
 
======== [Fri 10/09/2026  1:56:02.18] multisport poller start ======== 
-- nhl_odds_pull.py 
=== NHL odds pull · 2026-10-09 01:56 ET ===
  Odds API ok · quota left 4970637
  events: 5 · rows built: 5
  date span: 2026-10-09 .. 2026-10-10 (2 dates)
  line_history: 262 rows from 5 events
  ✓ upserted 5/5 games into nhl_game_results
-- nba_odds_pull.py 
=== NBA odds pull · 2026-10-09 01:56 ET ===
  Odds API ok · quota left 4970634
  events: 46 · rows built: 46
  date span: 2026-10-20 .. 2026-12-25 (12 dates)
  line_history: 1082 rows from 46 events
  ✓ upserted 46/46 games into nba_game_results
-- nfl_odds_pull.py 
=== NFL odds pull · 2026-10-09 ===
  alias map: 32 team-name variants
  americanfootball_nfl: 26 events
    line_history: 1422 rows from 26 events
    ✓ wrote 26 rows to nfl_game_results

=== Summary: 26 games ===
-- ncaaf_odds_pull.py 
=== NCAAF odds pull · 2026-10-09 ===
  alias map: 2871 name variants
  Odds API events: 69
    line_history: 3540 rows from 69 events

✓ wrote 69 rows to ncaaf_game_results
-- ncaab_odds_pull.py 
=== NCAAB odds pull · 2026-10-09 ===
  alias map: 1542 name variants
  Odds API events: 0
  (offseason or no lines posted)
-- detect_line_movement NHL 
=== detect_line_movement · NHL · lookback 6h ===
  wrote 6 flags

TOTAL flags written: 6
-- detect_line_movement NBA 
=== detect_line_movement · NBA · lookback 6h ===
  wrote 1 flags

TOTAL flags written: 1
-- detect_line_movement NFL 
=== detect_line_movement · NFL · lookback 6h ===
  wrote 1 flags

TOTAL flags written: 1
-- detect_line_movement NCAAF 
=== detect_line_movement · NCAAF · lookback 6h ===
  wrote 16 flags

TOTAL flags written: 16
-- detect_line_movement NCAAB 
=== detect_line_movement · NCAAB · lookback 6h ===

TOTAL flags written: 0
-- classify_line_moves ALL 
=== classify_line_moves · MLB/NFL/NCAAF/NCAAB/NHL/UFC  ===
  MLB: 7 flags in last 24h
  MLB: classifications → PATTERN_ONLY=4, SHARP_MOVE_CONFIRMED=2, CONSENSUS_LEAN=1
  NFL: 80 flags in last 24h
  NFL: classifications → PATTERN_ONLY=79, SHARP_MOVE_CONFIRMED=1
  NCAAF: 182 flags in last 24h
  NCAAF: classifications → PATTERN_ONLY=115, NEUTRAL=23, PUBLIC_MOVE_LEAN=10, SHARP_MOVE_LEAN=12, CONSENSUS_LEAN=11, SHARP_MOVE_CONFIRMED=5, CONSENSUS_CONFIRMED=6
  NCAAB: 0 flags in last 24h
  NHL: 37 flags in last 24h
  NHL: classifications → PATTERN_ONLY=23, CONSENSUS_CONFIRMED=6, SHARP_MOVE_CONFIRMED=2, NEUTRAL=5, SHARP_MOVE_LEAN=1
  UFC: 0 flags in last 24h

  ✓ 306/306 flags classified
======== [Fri 10/09/2026  1:59:11.64] all steps ok ======== 
 
======== [Fri 10/09/2026  2:26:02.18] multisport poller start ======== 
-- nhl_odds_pull.py 
=== NHL odds pull · 2026-10-09 02:26 ET ===
  Odds API ok · quota left 4970613
  events: 5 · rows built: 5
  date span: 2026-10-09 .. 2026-10-10 (2 dates)
  line_history: 262 rows from 5 events
  ✓ upserted 5/5 games into nhl_game_results
-- nba_odds_pull.py 
=== NBA odds pull · 2026-10-09 02:26 ET ===
  Odds API ok · quota left 4970610
  events: 46 · rows built: 46
  date span: 2026-10-20 .. 2026-12-25 (12 dates)
  line_history: 1082 rows from 46 events
  ✓ upserted 46/46 games into nba_game_results
-- nfl_odds_pull.py 
=== NFL odds pull · 2026-10-09 ===
  alias map: 32 team-name variants
  americanfootball_nfl: 26 events
    line_history: 1422 rows from 26 events
    ✓ wrote 26 rows to nfl_game_results

=== Summary: 26 games ===
-- ncaaf_odds_pull.py 
=== NCAAF odds pull · 2026-10-09 ===
  alias map: 2871 name variants
  Odds API events: 69
    line_history: 3546 rows from 69 events

✓ wrote 69 rows to ncaaf_game_results
-- ncaab_odds_pull.py 
=== NCAAB odds pull · 2026-10-09 ===
  alias map: 1542 name variants
  Odds API events: 0
  (offseason or no lines posted)
-- detect_line_movement NHL 
=== detect_line_movement · NHL · lookback 6h ===
  wrote 6 flags

TOTAL flags written: 6
-- detect_line_movement NBA 
=== detect_line_movement · NBA · lookback 6h ===
  wrote 1 flags

TOTAL flags written: 1
-- detect_line_movement NFL 
=== detect_line_movement · NFL · lookback 6h ===
  wrote 3 flags

TOTAL flags written: 3
-- detect_line_movement NCAAF 
=== detect_line_movement · NCAAF · lookback 6h ===
  wrote 11 flags

TOTAL flags written: 11
-- detect_line_movement NCAAB 
=== detect_line_movement · NCAAB · lookback 6h ===

TOTAL flags written: 0
-- classify_line_moves ALL 
=== classify_line_moves · MLB/NFL/NCAAF/NCAAB/NHL/UFC  ===
  MLB: 7 flags in last 24h
  MLB: classifications → PATTERN_ONLY=4, SHARP_MOVE_CONFIRMED=2, CONSENSUS_LEAN=1
  NFL: 80 flags in last 24h
  NFL: classifications → PATTERN_ONLY=79, SHARP_MOVE_CONFIRMED=1
  NCAAF: 182 flags in last 24h
  NCAAF: classifications → PATTERN_ONLY=114, NEUTRAL=24, PUBLIC_MOVE_LEAN=10, SHARP_MOVE_LEAN=12, CONSENSUS_LEAN=11, SHARP_MOVE_CONFIRMED=5, CONSENSUS_CONFIRMED=6
  NCAAB: 0 flags in last 24h
  NHL: 38 flags in last 24h
  NHL: classifications → PATTERN_ONLY=24, CONSENSUS_CONFIRMED=6, SHARP_MOVE_CONFIRMED=2, NEUTRAL=5, SHARP_MOVE_LEAN=1
  UFC: 0 flags in last 24h

  ✓ 307/307 flags classified
======== [Fri 10/09/2026  2:29:12.13] all steps ok ======== 
 
======== [Fri 10/09/2026  2:56:02.20] multisport poller start ======== 
-- nhl_odds_pull.py 
=== NHL odds pull · 2026-10-09 02:56 ET ===
  Odds API ok · quota left 4970589
  events: 5 · rows built: 5
  date span: 2026-10-09 .. 2026-10-10 (2 dates)
  line_history: 262 rows from 5 events
  ✓ upserted 5/5 games into nhl_game_results
-- nba_odds_pull.py 
=== NBA odds pull · 2026-10-09 02:56 ET ===
  Odds API ok · quota left 4970586
  events: 46 · rows built: 46
  date span: 2026-10-20 .. 2026-12-25 (12 dates)
  line_history: 1082 rows from 46 events
  ✓ upserted 46/46 games into nba_game_results
-- nfl_odds_pull.py 
=== NFL odds pull · 2026-10-09 ===
  alias map: 32 team-name variants
  americanfootball_nfl: 26 events
    line_history: 1422 rows from 26 events
    ✓ wrote 26 rows to nfl_game_results

=== Summary: 26 games ===
-- ncaaf_odds_pull.py 
=== NCAAF odds pull · 2026-10-09 ===
  alias map: 2871 name variants
  Odds API events: 69
    line_history: 3546 rows from 69 events

✓ wrote 69 rows to ncaaf_game_results
-- ncaab_odds_pull.py 
=== NCAAB odds pull · 2026-10-09 ===
  alias map: 1542 name variants
  Odds API events: 0
  (offseason or no lines posted)
-- detect_line_movement NHL 
=== detect_line_movement · NHL · lookback 6h ===
  wrote 5 flags

TOTAL flags written: 5
-- detect_line_movement NBA 
=== detect_line_movement · NBA · lookback 6h ===
  wrote 1 flags

TOTAL flags written: 1
-- detect_line_movement NFL 
=== detect_line_movement · NFL · lookback 6h ===
  wrote 3 flags

TOTAL flags written: 3
-- detect_line_movement NCAAF 
=== detect_line_movement · NCAAF · lookback 6h ===
  wrote 13 flags

TOTAL flags written: 13
-- detect_line_movement NCAAB 
=== detect_line_movement · NCAAB · lookback 6h ===

TOTAL flags written: 0
-- classify_line_moves ALL 
=== classify_line_moves · MLB/NFL/NCAAF/NCAAB/NHL/UFC  ===
  MLB: 7 flags in last 24h
  MLB: classifications → PATTERN_ONLY=4, SHARP_MOVE_CONFIRMED=2, CONSENSUS_LEAN=1
  NFL: 80 flags in last 24h
  NFL: classifications → PATTERN_ONLY=79, SHARP_MOVE_CONFIRMED=1
  NCAAF: 183 flags in last 24h
  NCAAF: classifications → PATTERN_ONLY=114, NEUTRAL=25, PUBLIC_MOVE_LEAN=10, SHARP_MOVE_LEAN=12, CONSENSUS_LEAN=11, SHARP_MOVE_CONFIRMED=5, CONSENSUS_CONFIRMED=6
  NCAAB: 0 flags in last 24h
  NHL: 38 flags in last 24h
  NHL: classifications → PATTERN_ONLY=24, CONSENSUS_CONFIRMED=6, SHARP_MOVE_CONFIRMED=2, NEUTRAL=5, SHARP_MOVE_LEAN=1
  UFC: 0 flags in last 24h

  ✓ 308/308 flags classified
======== [Fri 10/09/2026  2:59:09.69] all steps ok ======== 
 
======== [Fri 10/09/2026  3:26:02.24] multisport poller start ======== 
-- nhl_odds_pull.py 
=== NHL odds pull · 2026-10-09 03:26 ET ===
  Odds API ok · quota left 4970565
  events: 5 · rows built: 5
  date span: 2026-10-09 .. 2026-10-10 (2 dates)
  line_history: 262 rows from 5 events
  ✓ upserted 5/5 games into nhl_game_results
-- nba_odds_pull.py 
=== NBA odds pull · 2026-10-09 03:26 ET ===
  Odds API ok · quota left 4970562
  events: 46 · rows built: 46
  date span: 2026-10-20 .. 2026-12-25 (12 dates)
  line_history: 1082 rows from 46 events
  ✓ upserted 46/46 games into nba_game_results
-- nfl_odds_pull.py 
=== NFL odds pull · 2026-10-09 ===
  alias map: 32 team-name variants
  americanfootball_nfl: 26 events
    line_history: 1422 rows from 26 events
    ✓ wrote 26 rows to nfl_game_results

=== Summary: 26 games ===
-- ncaaf_odds_pull.py 
=== NCAAF odds pull · 2026-10-09 ===
  alias map: 2871 name variants
  Odds API events: 69
    line_history: 3546 rows from 69 events

✓ wrote 69 rows to ncaaf_game_results
-- ncaab_odds_pull.py 
=== NCAAB odds pull · 2026-10-09 ===
  alias map: 1542 name variants
  Odds API events: 0
  (offseason or no lines posted)
-- detect_line_movement NHL 
=== detect_line_movement · NHL · lookback 6h ===
  wrote 4 flags

TOTAL flags written: 4
-- detect_line_movement NBA 
=== detect_line_movement · NBA · lookback 6h ===
  wrote 1 flags

TOTAL flags written: 1
-- detect_line_movement NFL 
=== detect_line_movement · NFL · lookback 6h ===
  wrote 4 flags

TOTAL flags written: 4
-- detect_line_movement NCAAF 
=== detect_line_movement · NCAAF · lookback 6h ===
  wrote 15 flags

TOTAL flags written: 15
-- detect_line_movement NCAAB 
=== detect_line_movement · NCAAB · lookback 6h ===

TOTAL flags written: 0
-- classify_line_moves ALL 
=== classify_line_moves · MLB/NFL/NCAAF/NCAAB/NHL/UFC  ===
  MLB: 7 flags in last 24h
  MLB: classifications → PATTERN_ONLY=4, SHARP_MOVE_CONFIRMED=2, CONSENSUS_LEAN=1
  NFL: 80 flags in last 24h
  NFL: classifications → PATTERN_ONLY=79, SHARP_MOVE_CONFIRMED=1
  NCAAF: 183 flags in last 24h
  NCAAF: classifications → PATTERN_ONLY=114, NEUTRAL=25, PUBLIC_MOVE_LEAN=10, SHARP_MOVE_LEAN=11, CONSENSUS_LEAN=12, SHARP_MOVE_CONFIRMED=5, CONSENSUS_CONFIRMED=6
  NCAAB: 0 flags in last 24h
  NHL: 38 flags in last 24h
  NHL: classifications → PATTERN_ONLY=24, CONSENSUS_CONFIRMED=6, SHARP_MOVE_CONFIRMED=2, NEUTRAL=5, SHARP_MOVE_LEAN=1
  UFC: 0 flags in last 24h

  ✓ 308/308 flags classified
======== [Fri 10/09/2026  3:29:14.18] all steps ok ======== 
 
======== [Fri 10/09/2026  3:56:02.23] multisport poller start ======== 
-- nhl_odds_pull.py 
=== NHL odds pull · 2026-10-09 03:56 ET ===
  Odds API ok · quota left 4970541
  events: 5 · rows built: 5
  date span: 2026-10-09 .. 2026-10-10 (2 dates)
  line_history: 262 rows from 5 events
  ✓ upserted 5/5 games into nhl_game_results
-- nba_odds_pull.py 
=== NBA odds pull · 2026-10-09 03:56 ET ===
  Odds API ok · quota left 4970538
  events: 46 · rows built: 46
  date span: 2026-10-20 .. 2026-12-25 (12 dates)
  line_history: 1082 rows from 46 events
  ✓ upserted 46/46 games into nba_game_results
-- nfl_odds_pull.py 
=== NFL odds pull · 2026-10-09 ===
  alias map: 32 team-name variants
  americanfootball_nfl: 26 events
    line_history: 1422 rows from 26 events
    ✓ wrote 26 rows to nfl_game_results

=== Summary: 26 games ===
-- ncaaf_odds_pull.py 
=== NCAAF odds pull · 2026-10-09 ===
  alias map: 2871 name variants
  Odds API events: 69
    line_history: 3544 rows from 69 events

✓ wrote 69 rows to ncaaf_game_results
-- ncaab_odds_pull.py 
=== NCAAB odds pull · 2026-10-09 ===
  alias map: 1542 name variants
  Odds API events: 0
  (offseason or no lines posted)
-- detect_line_movement NHL 
=== detect_line_movement · NHL · lookback 6h ===
  wrote 3 flags

TOTAL flags written: 3
-- detect_line_movement NBA 
=== detect_line_movement · NBA · lookback 6h ===
  wrote 1 flags

TOTAL flags written: 1
-- detect_line_movement NFL 
=== detect_line_movement · NFL · lookback 6h ===
  wrote 4 flags

TOTAL flags written: 4
-- detect_line_movement NCAAF 
=== detect_line_movement · NCAAF · lookback 6h ===
  wrote 19 flags

TOTAL flags written: 19
-- detect_line_movement NCAAB 
=== detect_line_movement · NCAAB · lookback 6h ===

TOTAL flags written: 0
-- classify_line_moves ALL 
=== classify_line_moves · MLB/NFL/NCAAF/NCAAB/NHL/UFC  ===
  MLB: 7 flags in last 24h
  MLB: classifications → PATTERN_ONLY=4, SHARP_MOVE_CONFIRMED=2, CONSENSUS_LEAN=1
  NFL: 80 flags in last 24h
  NFL: classifications → PATTERN_ONLY=79, SHARP_MOVE_CONFIRMED=1
  NCAAF: 188 flags in last 24h
  NCAAF: classifications → PATTERN_ONLY=119, NEUTRAL=25, PUBLIC_MOVE_LEAN=10, SHARP_MOVE_LEAN=11, CONSENSUS_LEAN=12, SHARP_MOVE_CONFIRMED=5, CONSENSUS_CONFIRMED=6
  NCAAB: 0 flags in last 24h
  NHL: 38 flags in last 24h
  NHL: classifications → PATTERN_ONLY=24, CONSENSUS_CONFIRMED=6, SHARP_MOVE_CONFIRMED=2, NEUTRAL=5, SHARP_MOVE_LEAN=1
  UFC: 0 flags in last 24h

  ✓ 313/313 flags classified
======== [Fri 10/09/2026  3:59:17.24] all steps ok ======== 
 
======== [Fri 10/09/2026  4:26:02.25] multisport poller start ======== 
-- nhl_odds_pull.py 
=== NHL odds pull · 2026-10-09 04:26 ET ===
  Odds API ok · quota left 4970517
  events: 5 · rows built: 5
  date span: 2026-10-09 .. 2026-10-10 (2 dates)
  line_history: 268 rows from 5 events
  ✓ upserted 5/5 games into nhl_game_results
-- nba_odds_pull.py 
=== NBA odds pull · 2026-10-09 04:26 ET ===
  Odds API ok · quota left 4970514
  events: 46 · rows built: 46
  date span: 2026-10-20 .. 2026-12-25 (12 dates)
  line_history: 1082 rows from 46 events
  ✓ upserted 46/46 games into nba_game_results
-- nfl_odds_pull.py 
=== NFL odds pull · 2026-10-09 ===
  alias map: 32 team-name variants
  americanfootball_nfl: 26 events
    line_history: 1422 rows from 26 events
    ✓ wrote 26 rows to nfl_game_results

=== Summary: 26 games ===
-- ncaaf_odds_pull.py 
=== NCAAF odds pull · 2026-10-09 ===
  alias map: 2871 name variants
  Odds API events: 69
    line_history: 3544 rows from 69 events

✓ wrote 69 rows to ncaaf_game_results
-- ncaab_odds_pull.py 
=== NCAAB odds pull · 2026-10-09 ===
  alias map: 1542 name variants
  Odds API events: 0
  (offseason or no lines posted)
-- detect_line_movement NHL 
=== detect_line_movement · NHL · lookback 6h ===
  wrote 4 flags

TOTAL flags written: 4
-- detect_line_movement NBA 
=== detect_line_movement · NBA · lookback 6h ===
  wrote 1 flags

TOTAL flags written: 1
-- detect_line_movement NFL 
=== detect_line_movement · NFL · lookback 6h ===
  wrote 4 flags

TOTAL flags written: 4
-- detect_line_movement NCAAF 
=== detect_line_movement · NCAAF · lookback 6h ===
  wrote 12 flags

TOTAL flags written: 12
-- detect_line_movement NCAAB 
=== detect_line_movement · NCAAB · lookback 6h ===

TOTAL flags written: 0
-- classify_line_moves ALL 
=== classify_line_moves · MLB/NFL/NCAAF/NCAAB/NHL/UFC  ===
  MLB: 7 flags in last 24h
  MLB: classifications → PATTERN_ONLY=4, SHARP_MOVE_CONFIRMED=2, CONSENSUS_LEAN=1
  NFL: 80 flags in last 24h
  NFL: classifications → PATTERN_ONLY=79, SHARP_MOVE_CONFIRMED=1
  NCAAF: 188 flags in last 24h
  NCAAF: classifications → PATTERN_ONLY=119, NEUTRAL=25, PUBLIC_MOVE_LEAN=10, SHARP_MOVE_LEAN=11, CONSENSUS_LEAN=12, SHARP_MOVE_CONFIRMED=5, CONSENSUS_CONFIRMED=6
  NCAAB: 0 flags in last 24h
  NHL: 38 flags in last 24h
  NHL: classifications → PATTERN_ONLY=24, CONSENSUS_CONFIRMED=6, SHARP_MOVE_CONFIRMED=2, NEUTRAL=5, SHARP_MOVE_LEAN=1
  UFC: 0 flags in last 24h

  ✓ 313/313 flags classified
======== [Fri 10/09/2026  4:29:18.21] all steps ok ======== 
 
======== [Fri 10/09/2026  4:56:02.24] multisport poller start ======== 
-- nhl_odds_pull.py 
=== NHL odds pull · 2026-10-09 04:56 ET ===
  Odds API ok · quota left 4970493
  events: 5 · rows built: 5
  date span: 2026-10-09 .. 2026-10-10 (2 dates)
  line_history: 268 rows from 5 events
  ✓ upserted 5/5 games into nhl_game_results
-- nba_odds_pull.py 
=== NBA odds pull · 2026-10-09 04:56 ET ===
  Odds API ok · quota left 4970490
  events: 46 · rows built: 46
  date span: 2026-10-20 .. 2026-12-25 (12 dates)
  line_history: 1082 rows from 46 events
  ✓ upserted 46/46 games into nba_game_results
-- nfl_odds_pull.py 
=== NFL odds pull · 2026-10-09 ===
  alias map: 32 team-name variants
  americanfootball_nfl: 26 events
    line_history: 1422 rows from 26 events
    ✓ wrote 26 rows to nfl_game_results

=== Summary: 26 games ===
-- ncaaf_odds_pull.py 
=== NCAAF odds pull · 2026-10-09 ===
  alias map: 2871 name variants
  Odds API events: 69
    line_history: 3544 rows from 69 events

✓ wrote 69 rows to ncaaf_game_results
-- ncaab_odds_pull.py 
=== NCAAB odds pull · 2026-10-09 ===
  alias map: 1542 name variants
  Odds API events: 0
  (offseason or no lines posted)
-- detect_line_movement NHL 
=== detect_line_movement · NHL · lookback 6h ===
  wrote 4 flags

TOTAL flags written: 4
-- detect_line_movement NBA 
=== detect_line_movement · NBA · lookback 6h ===
  wrote 1 flags

TOTAL flags written: 1
-- detect_line_movement NFL 
=== detect_line_movement · NFL · lookback 6h ===
  wrote 4 flags

TOTAL flags written: 4
-- detect_line_movement NCAAF 
=== detect_line_movement · NCAAF · lookback 6h ===
  wrote 10 flags

TOTAL flags written: 10
-- detect_line_movement NCAAB 
=== detect_line_movement · NCAAB · lookback 6h ===

TOTAL flags written: 0
-- classify_line_moves ALL 
=== classify_line_moves · MLB/NFL/NCAAF/NCAAB/NHL/UFC  ===
  MLB: 7 flags in last 24h
  MLB: classifications → PATTERN_ONLY=4, SHARP_MOVE_CONFIRMED=2, CONSENSUS_LEAN=1
  NFL: 80 flags in last 24h
  NFL: classifications → PATTERN_ONLY=79, SHARP_MOVE_CONFIRMED=1
  NCAAF: 188 flags in last 24h
  NCAAF: classifications → PATTERN_ONLY=119, NEUTRAL=25, PUBLIC_MOVE_LEAN=10, SHARP_MOVE_LEAN=11, CONSENSUS_LEAN=12, SHARP_MOVE_CONFIRMED=5, CONSENSUS_CONFIRMED=6
  NCAAB: 0 flags in last 24h
  NHL: 38 flags in last 24h
  NHL: classifications → PATTERN_ONLY=24, CONSENSUS_CONFIRMED=6, SHARP_MOVE_CONFIRMED=2, NEUTRAL=5, SHARP_MOVE_LEAN=1
  UFC: 0 flags in last 24h

  ✓ 313/313 flags classified
======== [Fri 10/09/2026  4:59:03.02] all steps ok ======== 
 
======== [Fri 10/09/2026  5:26:02.27] multisport poller start ======== 
-- nhl_odds_pull.py 
=== NHL odds pull · 2026-10-09 05:26 ET ===
  Odds API ok · quota left 4970469
  events: 5 · rows built: 5
  date span: 2026-10-09 .. 2026-10-10 (2 dates)
  line_history: 268 rows from 5 events
  ✓ upserted 5/5 games into nhl_game_results
-- nba_odds_pull.py 
=== NBA odds pull · 2026-10-09 05:26 ET ===
  Odds API ok · quota left 4970466
  events: 46 · rows built: 46
  date span: 2026-10-20 .. 2026-12-25 (12 dates)
  line_history: 1082 rows from 46 events
  ✓ upserted 46/46 games into nba_game_results
-- nfl_odds_pull.py 
=== NFL odds pull · 2026-10-09 ===
  alias map: 32 team-name variants
  americanfootball_nfl: 26 events
    line_history: 1422 rows from 26 events
    ✓ wrote 26 rows to nfl_game_results

=== Summary: 26 games ===
-- ncaaf_odds_pull.py 
=== NCAAF odds pull · 2026-10-09 ===
  alias map: 2871 name variants
  Odds API events: 69
    line_history: 3544 rows from 69 events

✓ wrote 69 rows to ncaaf_game_results
-- ncaab_odds_pull.py 
=== NCAAB odds pull · 2026-10-09 ===
  alias map: 1542 name variants
  Odds API events: 0
  (offseason or no lines posted)
-- detect_line_movement NHL 
=== detect_line_movement · NHL · lookback 6h ===
  wrote 3 flags

TOTAL flags written: 3
-- detect_line_movement NBA 
=== detect_line_movement · NBA · lookback 6h ===

TOTAL flags written: 0
-- detect_line_movement NFL 
=== detect_line_movement · NFL · lookback 6h ===
  wrote 6 flags

TOTAL flags written: 6
-- detect_line_movement NCAAF 
=== detect_line_movement · NCAAF · lookback 6h ===
  wrote 11 flags

TOTAL flags written: 11
-- detect_line_movement NCAAB 
=== detect_line_movement · NCAAB · lookback 6h ===

TOTAL flags written: 0
-- classify_line_moves ALL 
=== classify_line_moves · MLB/NFL/NCAAF/NCAAB/NHL/UFC  ===
  MLB: 7 flags in last 24h
  MLB: classifications → PATTERN_ONLY=4, SHARP_MOVE_CONFIRMED=2, CONSENSUS_LEAN=1
  NFL: 80 flags in last 24h
  NFL: classifications → PATTERN_ONLY=79, SHARP_MOVE_CONFIRMED=1
  NCAAF: 188 flags in last 24h
  NCAAF: classifications → PATTERN_ONLY=119, NEUTRAL=25, PUBLIC_MOVE_LEAN=10, SHARP_MOVE_LEAN=11, CONSENSUS_LEAN=12, SHARP_MOVE_CONFIRMED=5, CONSENSUS_CONFIRMED=6
  NCAAB: 0 flags in last 24h
  NHL: 38 flags in last 24h
  NHL: classifications → PATTERN_ONLY=24, CONSENSUS_CONFIRMED=6, SHARP_MOVE_CONFIRMED=2, NEUTRAL=5, SHARP_MOVE_LEAN=1
  UFC: 0 flags in last 24h

  ✓ 313/313 flags classified
======== [Fri 10/09/2026  5:29:11.88] all steps ok ======== 
 
======== [Fri 10/09/2026  5:56:02.28] multisport poller start ======== 
-- nhl_odds_pull.py 
=== NHL odds pull · 2026-10-09 05:56 ET ===
  Odds API ok · quota left 4970445
  events: 5 · rows built: 5
  date span: 2026-10-09 .. 2026-10-10 (2 dates)
  line_history: 268 rows from 5 events
  ✓ upserted 5/5 games into nhl_game_results
-- nba_odds_pull.py 
=== NBA odds pull · 2026-10-09 05:56 ET ===
  Odds API ok · quota left 4970442
  events: 46 · rows built: 46
  date span: 2026-10-20 .. 2026-12-25 (12 dates)
  line_history: 1082 rows from 46 events
  ✓ upserted 46/46 games into nba_game_results
-- nfl_odds_pull.py 
=== NFL odds pull · 2026-10-09 ===
  alias map: 32 team-name variants
  americanfootball_nfl: 26 events
    line_history: 1422 rows from 26 events
    ✓ wrote 26 rows to nfl_game_results

=== Summary: 26 games ===
-- ncaaf_odds_pull.py 
=== NCAAF odds pull · 2026-10-09 ===
  alias map: 2871 name variants
  Odds API events: 69
    line_history: 3544 rows from 69 events

✓ wrote 69 rows to ncaaf_game_results
-- ncaab_odds_pull.py 
=== NCAAB odds pull · 2026-10-09 ===
  alias map: 1542 name variants
  Odds API events: 0
  (offseason or no lines posted)
-- detect_line_movement NHL 
=== detect_line_movement · NHL · lookback 6h ===
  wrote 4 flags

TOTAL flags written: 4
-- detect_line_movement NBA 
=== detect_line_movement · NBA · lookback 6h ===

TOTAL flags written: 0
-- detect_line_movement NFL 
=== detect_line_movement · NFL · lookback 6h ===
  wrote 6 flags

TOTAL flags written: 6
-- detect_line_movement NCAAF 
=== detect_line_movement · NCAAF · lookback 6h ===
  wrote 6 flags

TOTAL flags written: 6
-- detect_line_movement NCAAB 
=== detect_line_movement · NCAAB · lookback 6h ===

TOTAL flags written: 0
-- classify_line_moves ALL 
=== classify_line_moves · MLB/NFL/NCAAF/NCAAB/NHL/UFC  ===
  MLB: 7 flags in last 24h
  MLB: classifications → PATTERN_ONLY=4, SHARP_MOVE_CONFIRMED=2, CONSENSUS_LEAN=1
  NFL: 77 flags in last 24h
  NFL: classifications → PATTERN_ONLY=76, SHARP_MOVE_CONFIRMED=1
  NCAAF: 189 flags in last 24h
  NCAAF: classifications → PATTERN_ONLY=119, NEUTRAL=26, PUBLIC_MOVE_LEAN=10, SHARP_MOVE_LEAN=11, CONSENSUS_LEAN=12, SHARP_MOVE_CONFIRMED=5, CONSENSUS_CONFIRMED=6
  NCAAB: 0 flags in last 24h
  NHL: 37 flags in last 24h
  NHL: classifications → PATTERN_ONLY=23, CONSENSUS_CONFIRMED=6, SHARP_MOVE_CONFIRMED=2, NEUTRAL=5, SHARP_MOVE_LEAN=1
  UFC: 0 flags in last 24h

  ✓ 310/310 flags classified
======== [Fri 10/09/2026  5:59:04.19] all steps ok ======== 
 
======== [Fri 10/09/2026  6:26:02.33] multisport poller start ======== 
-- nhl_odds_pull.py 
=== NHL odds pull · 2026-10-09 06:26 ET ===
  Odds API ok · quota left 4970421
  events: 5 · rows built: 5
  date span: 2026-10-09 .. 2026-10-10 (2 dates)
  line_history: 268 rows from 5 events
  ✓ upserted 5/5 games into nhl_game_results
-- nba_odds_pull.py 
=== NBA odds pull · 2026-10-09 06:26 ET ===
  Odds API ok · quota left 4970418
  events: 46 · rows built: 46
  date span: 2026-10-20 .. 2026-12-25 (12 dates)
  line_history: 1082 rows from 46 events
  ✓ upserted 46/46 games into nba_game_results
-- nfl_odds_pull.py 
=== NFL odds pull · 2026-10-09 ===
  alias map: 32 team-name variants
  americanfootball_nfl: 26 events
    line_history: 1422 rows from 26 events
    ✓ wrote 26 rows to nfl_game_results

=== Summary: 26 games ===
-- ncaaf_odds_pull.py 
=== NCAAF odds pull · 2026-10-09 ===
  alias map: 2871 name variants
  Odds API events: 69
    line_history: 3544 rows from 69 events

✓ wrote 69 rows to ncaaf_game_results
-- ncaab_odds_pull.py 
=== NCAAB odds pull · 2026-10-09 ===
  alias map: 1542 name variants
  Odds API events: 0
  (offseason or no lines posted)
-- detect_line_movement NHL 
=== detect_line_movement · NHL · lookback 6h ===
  wrote 4 flags

TOTAL flags written: 4
-- detect_line_movement NBA 
=== detect_line_movement · NBA · lookback 6h ===

TOTAL flags written: 0
-- detect_line_movement NFL 
=== detect_line_movement · NFL · lookback 6h ===
  wrote 6 flags

TOTAL flags written: 6
-- detect_line_movement NCAAF 
=== detect_line_movement · NCAAF · lookback 6h ===
  wrote 7 flags

TOTAL flags written: 7
-- detect_line_movement NCAAB 
=== detect_line_movement · NCAAB · lookback 6h ===

TOTAL flags written: 0
-- classify_line_moves ALL 
=== classify_line_moves · MLB/NFL/NCAAF/NCAAB/NHL/UFC  ===
  MLB: 7 flags in last 24h
  MLB: classifications → PATTERN_ONLY=4, SHARP_MOVE_CONFIRMED=2, CONSENSUS_LEAN=1
  NFL: 77 flags in last 24h
  NFL: classifications → PATTERN_ONLY=76, SHARP_MOVE_CONFIRMED=1
  NCAAF: 190 flags in last 24h
  NCAAF: classifications → PATTERN_ONLY=120, NEUTRAL=26, PUBLIC_MOVE_LEAN=10, SHARP_MOVE_LEAN=11, CONSENSUS_LEAN=12, SHARP_MOVE_CONFIRMED=5, CONSENSUS_CONFIRMED=6
  NCAAB: 0 flags in last 24h
  NHL: 37 flags in last 24h
  NHL: classifications → PATTERN_ONLY=23, CONSENSUS_CONFIRMED=6, SHARP_MOVE_CONFIRMED=2, NEUTRAL=5, SHARP_MOVE_LEAN=1
  UFC: 0 flags in last 24h

  ✓ 311/311 flags classified
======== [Fri 10/09/2026  6:29:11.41] all steps ok ======== 
 
======== [Fri 10/09/2026  6:56:02.31] multisport poller start ======== 
-- nhl_odds_pull.py 
=== NHL odds pull · 2026-10-09 06:56 ET ===
  Odds API ok · quota left 4970391
  events: 5 · rows built: 5
  date span: 2026-10-09 .. 2026-10-10 (2 dates)
  line_history: 268 rows from 5 events
  ✓ upserted 5/5 games into nhl_game_results
-- nba_odds_pull.py 
=== NBA odds pull · 2026-10-09 06:56 ET ===
  Odds API ok · quota left 4970388
  events: 46 · rows built: 46
  date span: 2026-10-20 .. 2026-12-25 (12 dates)
  line_history: 1082 rows from 46 events
  ✓ upserted 46/46 games into nba_game_results
-- nfl_odds_pull.py 
=== NFL odds pull · 2026-10-09 ===
  alias map: 32 team-name variants
  americanfootball_nfl: 26 events
    line_history: 1422 rows from 26 events
    ✓ wrote 26 rows to nfl_game_results

=== Summary: 26 games ===
-- ncaaf_odds_pull.py 
=== NCAAF odds pull · 2026-10-09 ===
  alias map: 2871 name variants
  Odds API events: 69
    line_history: 3544 rows from 69 events

✓ wrote 69 rows to ncaaf_game_results
-- ncaab_odds_pull.py 
=== NCAAB odds pull · 2026-10-09 ===
  alias map: 1542 name variants
  Odds API events: 0
  (offseason or no lines posted)
-- detect_line_movement NHL 
=== detect_line_movement · NHL · lookback 6h ===
  wrote 5 flags

TOTAL flags written: 5
-- detect_line_movement NBA 
=== detect_line_movement · NBA · lookback 6h ===

TOTAL flags written: 0
-- detect_line_movement NFL 
=== detect_line_movement · NFL · lookback 6h ===
  wrote 4 flags

TOTAL flags written: 4
-- detect_line_movement NCAAF 
=== detect_line_movement · NCAAF · lookback 6h ===
  wrote 5 flags

TOTAL flags written: 5
-- detect_line_movement NCAAB 
=== detect_line_movement · NCAAB · lookback 6h ===

TOTAL flags written: 0
-- classify_line_moves ALL 
=== classify_line_moves · MLB/NFL/NCAAF/NCAAB/NHL/UFC  ===
  MLB: 7 flags in last 24h
  MLB: classifications → PATTERN_ONLY=4, SHARP_MOVE_CONFIRMED=2, CONSENSUS_LEAN=1
  NFL: 77 flags in last 24h
  NFL: classifications → PATTERN_ONLY=76, SHARP_MOVE_CONFIRMED=1
  NCAAF: 188 flags in last 24h
  NCAAF: classifications → PATTERN_ONLY=115, NEUTRAL=26, PUBLIC_MOVE_LEAN=12, SHARP_MOVE_LEAN=11, CONSENSUS_LEAN=13, SHARP_MOVE_CONFIRMED=5, CONSENSUS_CONFIRMED=6
  NCAAB: 0 flags in last 24h
  NHL: 38 flags in last 24h
  NHL: classifications → PATTERN_ONLY=24, CONSENSUS_CONFIRMED=6, SHARP_MOVE_CONFIRMED=2, NEUTRAL=5, SHARP_MOVE_LEAN=1
  UFC: 0 flags in last 24h

  ✓ 310/310 flags classified
======== [Fri 10/09/2026  6:59:16.46] all steps ok ======== 
 
======== [Fri 10/09/2026  7:26:02.35] multisport poller start ======== 
-- nhl_odds_pull.py 
=== NHL odds pull · 2026-10-09 07:26 ET ===
  Odds API ok · quota left 4970350
  events: 5 · rows built: 5
  date span: 2026-10-09 .. 2026-10-10 (2 dates)
  line_history: 268 rows from 5 events
  ✓ upserted 5/5 games into nhl_game_results
-- nba_odds_pull.py 
=== NBA odds pull · 2026-10-09 07:26 ET ===
  Odds API ok · quota left 4970347
  events: 46 · rows built: 46
  date span: 2026-10-20 .. 2026-12-25 (12 dates)
  line_history: 1082 rows from 46 events
  ✓ upserted 46/46 games into nba_game_results
-- nfl_odds_pull.py 
=== NFL odds pull · 2026-10-09 ===
  alias map: 32 team-name variants
  americanfootball_nfl: 26 events
    line_history: 1422 rows from 26 events
    ✓ wrote 26 rows to nfl_game_results

=== Summary: 26 games ===
-- ncaaf_odds_pull.py 
=== NCAAF odds pull · 2026-10-09 ===
  alias map: 2871 name variants
  Odds API events: 69
    line_history: 3540 rows from 69 events

✓ wrote 69 rows to ncaaf_game_results
-- ncaab_odds_pull.py 
=== NCAAB odds pull · 2026-10-09 ===
  alias map: 1542 name variants
  Odds API events: 0
  (offseason or no lines posted)
-- detect_line_movement NHL 
=== detect_line_movement · NHL · lookback 6h ===
  wrote 6 flags

TOTAL flags written: 6
-- detect_line_movement NBA 
=== detect_line_movement · NBA · lookback 6h ===

TOTAL flags written: 0
-- detect_line_movement NFL 
=== detect_line_movement · NFL · lookback 6h ===
  wrote 4 flags

TOTAL flags written: 4
-- detect_line_movement NCAAF 
=== detect_line_movement · NCAAF · lookback 6h ===
  wrote 5 flags

TOTAL flags written: 5
-- detect_line_movement NCAAB 
=== detect_line_movement · NCAAB · lookback 6h ===

TOTAL flags written: 0
-- classify_line_moves ALL 
=== classify_line_moves · MLB/NFL/NCAAF/NCAAB/NHL/UFC  ===
  MLB: 7 flags in last 24h
  MLB: classifications → PATTERN_ONLY=4, SHARP_MOVE_CONFIRMED=2, CONSENSUS_LEAN=1
  NFL: 77 flags in last 24h
  NFL: classifications → PATTERN_ONLY=76, SHARP_MOVE_CONFIRMED=1
  NCAAF: 188 flags in last 24h
  NCAAF: classifications → PATTERN_ONLY=134, NEUTRAL=23, SHARP_MOVE_LEAN=9, CONSENSUS_LEAN=9, PUBLIC_MOVE_LEAN=7, CONSENSUS_CONFIRMED=3, SHARP_MOVE_CONFIRMED=3
  NCAAB: 0 flags in last 24h
  NHL: 38 flags in last 24h
  NHL: classifications → PATTERN_ONLY=23, CONSENSUS_CONFIRMED=7, SHARP_MOVE_CONFIRMED=2, NEUTRAL=5, SHARP_MOVE_LEAN=1
  UFC: 0 flags in last 24h

  ✓ 310/310 flags classified
======== [Fri 10/09/2026  7:29:25.08] all steps ok ======== 
 
======== [Fri 10/09/2026  7:56:02.37] multisport poller start ======== 
-- nhl_odds_pull.py 
=== NHL odds pull · 2026-10-09 07:56 ET ===
  Odds API ok · quota left 4970314
  events: 5 · rows built: 5
  date span: 2026-10-09 .. 2026-10-10 (2 dates)
  line_history: 268 rows from 5 events
  ✓ upserted 5/5 games into nhl_game_results
-- nba_odds_pull.py 
=== NBA odds pull · 2026-10-09 07:56 ET ===
  Odds API ok · quota left 4970311
  events: 46 · rows built: 46
  date span: 2026-10-20 .. 2026-12-25 (12 dates)
  line_history: 1082 rows from 46 events
  ✓ upserted 46/46 games into nba_game_results
-- nfl_odds_pull.py 
=== NFL odds pull · 2026-10-09 ===
  alias map: 32 team-name variants
  americanfootball_nfl: 26 events
    line_history: 1422 rows from 26 events
    ✓ wrote 26 rows to nfl_game_results

=== Summary: 26 games ===
-- ncaaf_odds_pull.py 
=== NCAAF odds pull · 2026-10-09 ===
  alias map: 2871 name variants
  Odds API events: 69
    line_history: 3540 rows from 69 events

✓ wrote 69 rows to ncaaf_game_results
-- ncaab_odds_pull.py 
=== NCAAB odds pull · 2026-10-09 ===
  alias map: 1542 name variants
  Odds API events: 0
  (offseason or no lines posted)
-- detect_line_movement NHL 
=== detect_line_movement · NHL · lookback 6h ===
  wrote 6 flags

TOTAL flags written: 6
-- detect_line_movement NBA 
=== detect_line_movement · NBA · lookback 6h ===

TOTAL flags written: 0
-- detect_line_movement NFL 
=== detect_line_movement · NFL · lookback 6h ===
  wrote 5 flags

TOTAL flags written: 5
-- detect_line_movement NCAAF 
=== detect_line_movement · NCAAF · lookback 6h ===
  wrote 3 flags

TOTAL flags written: 3
-- detect_line_movement NCAAB 
=== detect_line_movement · NCAAB · lookback 6h ===

TOTAL flags written: 0
-- classify_line_moves ALL 
=== classify_line_moves · MLB/NFL/NCAAF/NCAAB/NHL/UFC  ===
  MLB: 7 flags in last 24h
  MLB: classifications → PATTERN_ONLY=4, SHARP_MOVE_CONFIRMED=2, CONSENSUS_LEAN=1
  NFL: 77 flags in last 24h
  NFL: classifications → PATTERN_ONLY=76, SHARP_MOVE_CONFIRMED=1
  NCAAF: 188 flags in last 24h
  NCAAF: classifications → PATTERN_ONLY=134, NEUTRAL=23, SHARP_MOVE_LEAN=9, CONSENSUS_LEAN=9, PUBLIC_MOVE_LEAN=7, CONSENSUS_CONFIRMED=3, SHARP_MOVE_CONFIRMED=3
  NCAAB: 0 flags in last 24h
  NHL: 38 flags in last 24h
  NHL: classifications → PATTERN_ONLY=23, CONSENSUS_CONFIRMED=7, SHARP_MOVE_CONFIRMED=2, NEUTRAL=5, SHARP_MOVE_LEAN=1
  UFC: 0 flags in last 24h

  ✓ 310/310 flags classified
======== [Fri 10/09/2026  7:59:15.70] all steps ok ======== 
 
======== [Fri 10/09/2026  8:26:02.38] multisport poller start ======== 
-- nhl_odds_pull.py 
=== NHL odds pull · 2026-10-09 08:26 ET ===
  Odds API ok · quota left 4970284
  events: 5 · rows built: 5
  date span: 2026-10-09 .. 2026-10-10 (2 dates)
  line_history: 268 rows from 5 events
  ✓ upserted 5/5 games into nhl_game_results
-- nba_odds_pull.py 
=== NBA odds pull · 2026-10-09 08:26 ET ===
  Odds API ok · quota left 4970281
  events: 46 · rows built: 46
  date span: 2026-10-20 .. 2026-12-25 (12 dates)
  line_history: 1082 rows from 46 events
  ✓ upserted 46/46 games into nba_game_results
-- nfl_odds_pull.py 
=== NFL odds pull · 2026-10-09 ===
  alias map: 32 team-name variants
  americanfootball_nfl: 26 events
    line_history: 1422 rows from 26 events
    ✓ wrote 26 rows to nfl_game_results

=== Summary: 26 games ===
-- ncaaf_odds_pull.py 
=== NCAAF odds pull · 2026-10-09 ===
  alias map: 2871 name variants
  Odds API events: 69
    line_history: 3540 rows from 69 events

✓ wrote 69 rows to ncaaf_game_results
-- ncaab_odds_pull.py 
=== NCAAB odds pull · 2026-10-09 ===
  alias map: 1542 name variants
Traceback (most recent call last):
  File "C:\Users\gomez\AppData\Roaming\Python\Python314\site-packages\urllib3\connectionpool.py", line 787, in urlopen
    response = self._make_request(
        conn,
    ...<10 lines>...
        **response_kw,
    )
  File "C:\Users\gomez\AppData\Roaming\Python\Python314\site-packages\urllib3\connectionpool.py", line 488, in _make_request
    raise new_e
  File "C:\Users\gomez\AppData\Roaming\Python\Python314\site-packages\urllib3\connectionpool.py", line 464, in _make_request
    self._validate_conn(conn)
    ~~~~~~~~~~~~~~~~~~~^^^^^^
  File "C:\Users\gomez\AppData\Roaming\Python\Python314\site-packages\urllib3\connectionpool.py", line 1093, in _validate_conn
    conn.connect()
    ~~~~~~~~~~~~^^
  File "C:\Users\gomez\AppData\Roaming\Python\Python314\site-packages\urllib3\connection.py", line 796, in connect
    sock_and_verified = _ssl_wrap_socket_and_match_hostname(
        sock=sock,
    ...<14 lines>...
        assert_fingerprint=self.assert_fingerprint,
    )
  File "C:\Users\gomez\AppData\Roaming\Python\Python314\site-packages\urllib3\connection.py", line 975, in _ssl_wrap_socket_and_match_hostname
    ssl_sock = ssl_wrap_socket(
        sock=sock,
    ...<8 lines>...
        tls_in_tls=tls_in_tls,
    )
  File "C:\Users\gomez\AppData\Roaming\Python\Python314\site-packages\urllib3\util\ssl_.py", line 483, in ssl_wrap_socket
    ssl_sock = _ssl_wrap_socket_impl(sock, context, tls_in_tls, server_hostname)
  File "C:\Users\gomez\AppData\Roaming\Python\Python314\site-packages\urllib3\util\ssl_.py", line 527, in _ssl_wrap_socket_impl
    return ssl_context.wrap_socket(sock, server_hostname=server_hostname)
           ~~~~~~~~~~~~~~~~~~~~~~~^^^^^^^^^^^^^^^^^^^^^^^^^^^^^^^^^^^^^^^
  File "C:\Python314\Lib\ssl.py", line 455, in wrap_socket
    return self.sslsocket_class._create(
           ~~~~~~~~~~~~~~~~~~~~~~~~~~~~^
        sock=sock,
        ^^^^^^^^^^
    ...<5 lines>...
        session=session
        ^^^^^^^^^^^^^^^
    )
    ^
  File "C:\Python314\Lib\ssl.py", line 1076, in _create
    self.do_handshake()
    ~~~~~~~~~~~~~~~~~^^
  File "C:\Python314\Lib\ssl.py", line 1372, in do_handshake
    self._sslobj.do_handshake()
    ~~~~~~~~~~~~~~~~~~~~~~~~~^^
ConnectionResetError: [WinError 10054] An existing connection was forcibly closed by the remote host

During handling of the above exception, another exception occurred:

Traceback (most recent call last):
  File "C:\Users\gomez\AppData\Roaming\Python\Python314\site-packages\requests\adapters.py", line 644, in send
    resp = conn.urlopen(
        method=request.method,
    ...<9 lines>...
        chunked=chunked,
    )
  File "C:\Users\gomez\AppData\Roaming\Python\Python314\site-packages\urllib3\connectionpool.py", line 841, in urlopen
    retries = retries.increment(
        method, url, error=new_e, _pool=self, _stacktrace=sys.exc_info()[2]
    )
  File "C:\Users\gomez\AppData\Roaming\Python\Python314\site-packages\urllib3\util\retry.py", line 490, in increment
    raise reraise(type(error), error, _stacktrace)
          ~~~~~~~^^^^^^^^^^^^^^^^^^^^^^^^^^^^^^^^^
  File "C:\Users\gomez\AppData\Roaming\Python\Python314\site-packages\urllib3\util\util.py", line 38, in reraise
    raise value.with_traceback(tb)
  File "C:\Users\gomez\AppData\Roaming\Python\Python314\site-packages\urllib3\connectionpool.py", line 787, in urlopen
    response = self._make_request(
        conn,
    ...<10 lines>...
        **response_kw,
    )
  File "C:\Users\gomez\AppData\Roaming\Python\Python314\site-packages\urllib3\connectionpool.py", line 488, in _make_request
    raise new_e
  File "C:\Users\gomez\AppData\Roaming\Python\Python314\site-packages\urllib3\connectionpool.py", line 464, in _make_request
    self._validate_conn(conn)
    ~~~~~~~~~~~~~~~~~~~^^^^^^
  File "C:\Users\gomez\AppData\Roaming\Python\Python314\site-packages\urllib3\connectionpool.py", line 1093, in _validate_conn
    conn.connect()
    ~~~~~~~~~~~~^^
  File "C:\Users\gomez\AppData\Roaming\Python\Python314\site-packages\urllib3\connection.py", line 796, in connect
    sock_and_verified = _ssl_wrap_socket_and_match_hostname(
        sock=sock,
    ...<14 lines>...
        assert_fingerprint=self.assert_fingerprint,
    )
  File "C:\Users\gomez\AppData\Roaming\Python\Python314\site-packages\urllib3\connection.py", line 975, in _ssl_wrap_socket_and_match_hostname
    ssl_sock = ssl_wrap_socket(
        sock=sock,
    ...<8 lines>...
        tls_in_tls=tls_in_tls,
    )
  File "C:\Users\gomez\AppData\Roaming\Python\Python314\site-packages\urllib3\util\ssl_.py", line 483, in ssl_wrap_socket
    ssl_sock = _ssl_wrap_socket_impl(sock, context, tls_in_tls, server_hostname)
  File "C:\Users\gomez\AppData\Roaming\Python\Python314\site-packages\urllib3\util\ssl_.py", line 527, in _ssl_wrap_socket_impl
    return ssl_context.wrap_socket(sock, server_hostname=server_hostname)
           ~~~~~~~~~~~~~~~~~~~~~~~^^^^^^^^^^^^^^^^^^^^^^^^^^^^^^^^^^^^^^^
  File "C:\Python314\Lib\ssl.py", line 455, in wrap_socket
    return self.sslsocket_class._create(
           ~~~~~~~~~~~~~~~~~~~~~~~~~~~~^
        sock=sock,
        ^^^^^^^^^^
    ...<5 lines>...
        session=session
        ^^^^^^^^^^^^^^^
    )
    ^
  File "C:\Python314\Lib\ssl.py", line 1076, in _create
    self.do_handshake()
    ~~~~~~~~~~~~~~~~~^^
  File "C:\Python314\Lib\ssl.py", line 1372, in do_handshake
    self._sslobj.do_handshake()
    ~~~~~~~~~~~~~~~~~~~~~~~~~^^
urllib3.exceptions.ProtocolError: ('Connection aborted.', ConnectionResetError(10054, 'An existing connection was forcibly closed by the remote host', None, 10054, None))

During handling of the above exception, another exception occurred:

Traceback (most recent call last):
  File "C:\Users\gomez\SweatShop\mlb_pipeline\ncaab_odds_pull.py", line 334, in <module>
    main()
    ~~~~^^
  File "C:\Users\gomez\SweatShop\mlb_pipeline\ncaab_odds_pull.py", line 330, in main
    run(dry_run=args.dry_run)
    ~~~^^^^^^^^^^^^^^^^^^^^^^
  File "C:\Users\gomez\SweatShop\mlb_pipeline\ncaab_odds_pull.py", line 298, in run
    events, status = fetch_odds_api()
                     ~~~~~~~~~~~~~~^^
  File "C:\Users\gomez\SweatShop\mlb_pipeline\ncaab_odds_pull.py", line 85, in fetch_odds_api
    r = requests.get(url, timeout=20)
  File "C:\Users\gomez\AppData\Roaming\Python\Python314\site-packages\requests\api.py", line 73, in get
    return request("get", url, params=params, **kwargs)
  File "C:\Users\gomez\AppData\Roaming\Python\Python314\site-packages\requests\api.py", line 59, in request
    return session.request(method=method, url=url, **kwargs)
           ~~~~~~~~~~~~~~~^^^^^^^^^^^^^^^^^^^^^^^^^^^^^^^^^^
  File "C:\Users\gomez\AppData\Roaming\Python\Python314\site-packages\requests\sessions.py", line 589, in request
    resp = self.send(prep, **send_kwargs)
  File "C:\Users\gomez\AppData\Roaming\Python\Python314\site-packages\requests\sessions.py", line 703, in send
    r = adapter.send(request, **kwargs)
  File "C:\Users\gomez\AppData\Roaming\Python\Python314\site-packages\requests\adapters.py", line 659, in send
    raise ConnectionError(err, request=request)
requests.exceptions.ConnectionError: ('Connection aborted.', ConnectionResetError(10054, 'An existing connection was forcibly closed by the remote host', None, 10054, None))
-- detect_line_movement NHL 
=== detect_line_movement · NHL · lookback 6h ===
  wrote 5 flags

TOTAL flags written: 5
-- detect_line_movement NBA 
=== detect_line_movement · NBA · lookback 6h ===
  wrote 3 flags

TOTAL flags written: 3
-- detect_line_movement NFL 
=== detect_line_movement · NFL · lookback 6h ===
  wrote 5 flags

TOTAL flags written: 5
-- detect_line_movement NCAAF 
=== detect_line_movement · NCAAF · lookback 6h ===
  wrote 3 flags

TOTAL flags written: 3
-- detect_line_movement NCAAB 
=== detect_line_movement · NCAAB · lookback 6h ===

TOTAL flags written: 0
-- classify_line_moves ALL 
=== classify_line_moves · MLB/NFL/NCAAF/NCAAB/NHL/UFC  ===
  MLB: 7 flags in last 24h
  MLB: classifications → PATTERN_ONLY=4, SHARP_MOVE_CONFIRMED=2, CONSENSUS_LEAN=1
  NFL: 76 flags in last 24h
  NFL: classifications → PATTERN_ONLY=75, SHARP_MOVE_CONFIRMED=1
  NCAAF: 188 flags in last 24h
  NCAAF: classifications → PATTERN_ONLY=134, NEUTRAL=23, SHARP_MOVE_LEAN=9, CONSENSUS_LEAN=9, PUBLIC_MOVE_LEAN=7, CONSENSUS_CONFIRMED=3, SHARP_MOVE_CONFIRMED=3
  NCAAB: 0 flags in last 24h
  NHL: 35 flags in last 24h
  NHL: classifications → PATTERN_ONLY=20, CONSENSUS_CONFIRMED=7, SHARP_MOVE_CONFIRMED=2, NEUTRAL=5, SHARP_MOVE_LEAN=1
  UFC: 0 flags in last 24h

  ✓ 306/306 flags classified
======== [Fri 10/09/2026  8:29:17.48] FAILED STEPS: ncaab_odds_pull.py ======== 
 
======== [Fri 10/09/2026  8:56:02.40] multisport poller start ======== 
-- nhl_odds_pull.py 
=== NHL odds pull · 2026-10-09 08:56 ET ===
  Odds API ok · quota left 4970112
  events: 5 · rows built: 5
  date span: 2026-10-09 .. 2026-10-10 (2 dates)
  line_history: 268 rows from 5 events
  ✓ upserted 5/5 games into nhl_game_results
-- nba_odds_pull.py 
=== NBA odds pull · 2026-10-09 08:56 ET ===
  Odds API ok · quota left 4970109
  events: 46 · rows built: 46
  date span: 2026-10-20 .. 2026-12-25 (12 dates)
  line_history: 1082 rows from 46 events
  ✓ upserted 46/46 games into nba_game_results
-- nfl_odds_pull.py 
=== NFL odds pull · 2026-10-09 ===
  alias map: 32 team-name variants
  americanfootball_nfl: 26 events
    line_history: 1422 rows from 26 events
    ✓ wrote 26 rows to nfl_game_results

=== Summary: 26 games ===
-- ncaaf_odds_pull.py 
=== NCAAF odds pull · 2026-10-09 ===
  alias map: 2871 name variants
  Odds API events: 69
    line_history: 3546 rows from 69 events

✓ wrote 69 rows to ncaaf_game_results
-- ncaab_odds_pull.py 
=== NCAAB odds pull · 2026-10-09 ===
  alias map: 1542 name variants
  Odds API events: 0
  (offseason or no lines posted)
-- detect_line_movement NHL 
=== detect_line_movement · NHL · lookback 6h ===
  wrote 5 flags

TOTAL flags written: 5
-- detect_line_movement NBA 
=== detect_line_movement · NBA · lookback 6h ===
  wrote 3 flags

TOTAL flags written: 3
-- detect_line_movement NFL 
=== detect_line_movement · NFL · lookback 6h ===
  wrote 1 flags

TOTAL flags written: 1
-- detect_line_movement NCAAF 
=== detect_line_movement · NCAAF · lookback 6h ===
  wrote 5 flags

TOTAL flags written: 5
-- detect_line_movement NCAAB 
=== detect_line_movement · NCAAB · lookback 6h ===

TOTAL flags written: 0
-- classify_line_moves ALL 
=== classify_line_moves · MLB/NFL/NCAAF/NCAAB/NHL/UFC  ===
  MLB: 4 flags in last 24h
  MLB: classifications → PATTERN_ONLY=3, SHARP_MOVE_CONFIRMED=1
  NFL: 76 flags in last 24h
  NFL: classifications → PATTERN_ONLY=75, SHARP_MOVE_CONFIRMED=1
  NCAAF: 189 flags in last 24h
  NCAAF: classifications → PATTERN_ONLY=135, NEUTRAL=23, SHARP_MOVE_LEAN=9, CONSENSUS_LEAN=9, PUBLIC_MOVE_LEAN=7, CONSENSUS_CONFIRMED=3, SHARP_MOVE_CONFIRMED=3
  NCAAB: 0 flags in last 24h
  NHL: 35 flags in last 24h
  NHL: classifications → PATTERN_ONLY=20, CONSENSUS_CONFIRMED=7, SHARP_MOVE_CONFIRMED=2, NEUTRAL=5, SHARP_MOVE_LEAN=1
  UFC: 0 flags in last 24h

  ✓ 304/304 flags classified
======== [Fri 10/09/2026  9:00:00.23] all steps ok ======== 
 
======== [Fri 10/09/2026  9:26:02.62] multisport poller start ======== 
-- nhl_odds_pull.py 
=== NHL odds pull · 2026-10-09 09:26 ET ===
  Odds API ok · quota left 4970088
  events: 5 · rows built: 5
  date span: 2026-10-09 .. 2026-10-10 (2 dates)
  line_history: 268 rows from 5 events
  ✓ upserted 5/5 games into nhl_game_results
-- nba_odds_pull.py 
=== NBA odds pull · 2026-10-09 09:26 ET ===
  Odds API ok · quota left 4970085
  events: 46 · rows built: 46
  date span: 2026-10-20 .. 2026-12-25 (12 dates)
  line_history: 1082 rows from 46 events
  ✓ upserted 46/46 games into nba_game_results
-- nfl_odds_pull.py 
=== NFL odds pull · 2026-10-09 ===
  alias map: 32 team-name variants
  americanfootball_nfl: 26 events
    line_history: 1422 rows from 26 events
    ✓ wrote 26 rows to nfl_game_results

=== Summary: 26 games ===
-- ncaaf_odds_pull.py 
=== NCAAF odds pull · 2026-10-09 ===
  alias map: 2871 name variants
  Odds API events: 69
    line_history: 3546 rows from 69 events

✓ wrote 69 rows to ncaaf_game_results
-- ncaab_odds_pull.py 
=== NCAAB odds pull · 2026-10-09 ===
  alias map: 1542 name variants
  Odds API events: 0
  (offseason or no lines posted)
-- detect_line_movement NHL 
=== detect_line_movement · NHL · lookback 6h ===
  wrote 6 flags

TOTAL flags written: 6
-- detect_line_movement NBA 
=== detect_line_movement · NBA · lookback 6h ===
  wrote 3 flags

TOTAL flags written: 3
-- detect_line_movement NFL 
=== detect_line_movement · NFL · lookback 6h ===
  wrote 6 flags

TOTAL flags written: 6
-- detect_line_movement NCAAF 
=== detect_line_movement · NCAAF · lookback 6h ===
  wrote 7 flags

TOTAL flags written: 7
-- detect_line_movement NCAAB 
=== detect_line_movement · NCAAB · lookback 6h ===

TOTAL flags written: 0
-- classify_line_moves ALL 
=== classify_line_moves · MLB/NFL/NCAAF/NCAAB/NHL/UFC  ===
  MLB: 4 flags in last 24h
  MLB: classifications → PATTERN_ONLY=3, SHARP_MOVE_CONFIRMED=1
  NFL: 76 flags in last 24h
  NFL: classifications → PATTERN_ONLY=75, SHARP_MOVE_CONFIRMED=1
  NCAAF: 190 flags in last 24h
  NCAAF: classifications → PATTERN_ONLY=136, NEUTRAL=23, SHARP_MOVE_LEAN=9, CONSENSUS_LEAN=9, PUBLIC_MOVE_LEAN=7, CONSENSUS_CONFIRMED=3, SHARP_MOVE_CONFIRMED=3
  NCAAB: 0 flags in last 24h
  NHL: 35 flags in last 24h
  NHL: classifications → PATTERN_ONLY=20, CONSENSUS_CONFIRMED=7, SHARP_MOVE_CONFIRMED=2, NEUTRAL=5, SHARP_MOVE_LEAN=1
  UFC: 0 flags in last 24h

  ✓ 305/305 flags classified
======== [Fri 10/09/2026  9:30:00.88] all steps ok ======== 
 
======== [Fri 10/09/2026  9:56:01.44] multisport poller start ======== 
-- nhl_odds_pull.py 
=== NHL odds pull · 2026-10-09 09:56 ET ===
  Odds API ok · quota left 4970064
  events: 5 · rows built: 5
  date span: 2026-10-09 .. 2026-10-10 (2 dates)
  line_history: 268 rows from 5 events
  ✓ upserted 5/5 games into nhl_game_results
-- nba_odds_pull.py 
=== NBA odds pull · 2026-10-09 09:56 ET ===
  Odds API ok · quota left 4970055
  events: 46 · rows built: 46
  date span: 2026-10-20 .. 2026-12-25 (12 dates)
  line_history: 1082 rows from 46 events
  ✓ upserted 46/46 games into nba_game_results
-- nfl_odds_pull.py 
=== NFL odds pull · 2026-10-09 ===
  alias map: 32 team-name variants
  americanfootball_nfl: 26 events
    line_history: 1422 rows from 26 events
    ✓ wrote 26 rows to nfl_game_results

=== Summary: 26 games ===
-- ncaaf_odds_pull.py 
=== NCAAF odds pull · 2026-10-09 ===
  alias map: 2871 name variants
  Odds API events: 69
    line_history: 3546 rows from 69 events

✓ wrote 69 rows to ncaaf_game_results
-- ncaab_odds_pull.py 
=== NCAAB odds pull · 2026-10-09 ===
  alias map: 1542 name variants
  Odds API events: 0
  (offseason or no lines posted)
-- detect_line_movement NHL 
=== detect_line_movement · NHL · lookback 6h ===
  wrote 5 flags

TOTAL flags written: 5
-- detect_line_movement NBA 
=== detect_line_movement · NBA · lookback 6h ===
  wrote 4 flags

TOTAL flags written: 4
-- detect_line_movement NFL 
=== detect_line_movement · NFL · lookback 6h ===
  wrote 5 flags

TOTAL flags written: 5
-- detect_line_movement NCAAF 
=== detect_line_movement · NCAAF · lookback 6h ===
  wrote 9 flags

TOTAL flags written: 9
-- detect_line_movement NCAAB 
=== detect_line_movement · NCAAB · lookback 6h ===

TOTAL flags written: 0
-- classify_line_moves ALL 
=== classify_line_moves · MLB/NFL/NCAAF/NCAAB/NHL/UFC  ===
  MLB: 4 flags in last 24h
  MLB: classifications → PATTERN_ONLY=3, SHARP_MOVE_CONFIRMED=1
  NFL: 76 flags in last 24h
  NFL: classifications → PATTERN_ONLY=75, SHARP_MOVE_CONFIRMED=1
  NCAAF: 193 flags in last 24h
  NCAAF: classifications → PATTERN_ONLY=139, NEUTRAL=23, SHARP_MOVE_LEAN=9, CONSENSUS_LEAN=9, PUBLIC_MOVE_LEAN=7, CONSENSUS_CONFIRMED=3, SHARP_MOVE_CONFIRMED=3
  NCAAB: 0 flags in last 24h
  NHL: 35 flags in last 24h
  NHL: classifications → PATTERN_ONLY=20, CONSENSUS_CONFIRMED=7, SHARP_MOVE_CONFIRMED=2, NEUTRAL=5, SHARP_MOVE_LEAN=1
  UFC: 0 flags in last 24h

  ✓ 308/308 flags classified
======== [Fri 10/09/2026  9:59:14.17] all steps ok ======== 
 
======== [Fri 10/09/2026 10:26:01.45] multisport poller start ======== 
-- nhl_odds_pull.py 
=== NHL odds pull · 2026-10-09 10:26 ET ===
  Odds API ok · quota left 4969582
  events: 5 · rows built: 5
  date span: 2026-10-09 .. 2026-10-10 (2 dates)
  line_history: 268 rows from 5 events
  ✓ upserted 5/5 games into nhl_game_results
-- nba_odds_pull.py 
=== NBA odds pull · 2026-10-09 10:26 ET ===
  Odds API ok · quota left 4969579
  events: 46 · rows built: 46
  date span: 2026-10-20 .. 2026-12-25 (12 dates)
  line_history: 1082 rows from 46 events
  ✓ upserted 46/46 games into nba_game_results
-- nfl_odds_pull.py 
=== NFL odds pull · 2026-10-09 ===
  alias map: 32 team-name variants
  americanfootball_nfl: 26 events
    line_history: 1422 rows from 26 events
    ✓ wrote 26 rows to nfl_game_results

=== Summary: 26 games ===
-- ncaaf_odds_pull.py 
=== NCAAF odds pull · 2026-10-09 ===
  alias map: 2871 name variants
  Odds API events: 69
    line_history: 3546 rows from 69 events

✓ wrote 69 rows to ncaaf_game_results
-- ncaab_odds_pull.py 
=== NCAAB odds pull · 2026-10-09 ===
  alias map: 1542 name variants
  Odds API events: 0
  (offseason or no lines posted)
-- detect_line_movement NHL 
=== detect_line_movement · NHL · lookback 6h ===
  wrote 6 flags

TOTAL flags written: 6
-- detect_line_movement NBA 
=== detect_line_movement · NBA · lookback 6h ===
  wrote 4 flags

TOTAL flags written: 4
-- detect_line_movement NFL 
=== detect_line_movement · NFL · lookback 6h ===
  wrote 6 flags

TOTAL flags written: 6
-- detect_line_movement NCAAF 
=== detect_line_movement · NCAAF · lookback 6h ===
  wrote 6 flags

TOTAL flags written: 6
-- detect_line_movement NCAAB 
=== detect_line_movement · NCAAB · lookback 6h ===

TOTAL flags written: 0
-- classify_line_moves ALL 
=== classify_line_moves · MLB/NFL/NCAAF/NCAAB/NHL/UFC  ===
  MLB: 4 flags in last 24h
  MLB: classifications → PATTERN_ONLY=3, SHARP_MOVE_CONFIRMED=1
  NFL: 76 flags in last 24h
  NFL: classifications → PATTERN_ONLY=75, SHARP_MOVE_CONFIRMED=1
  NCAAF: 195 flags in last 24h
  NCAAF: classifications → PATTERN_ONLY=140, NEUTRAL=23, SHARP_MOVE_LEAN=9, CONSENSUS_LEAN=10, PUBLIC_MOVE_LEAN=7, CONSENSUS_CONFIRMED=3, SHARP_MOVE_CONFIRMED=3
  NCAAB: 0 flags in last 24h
  NHL: 35 flags in last 24h
  NHL: classifications → PATTERN_ONLY=20, CONSENSUS_CONFIRMED=7, SHARP_MOVE_CONFIRMED=2, NEUTRAL=5, SHARP_MOVE_LEAN=1
  UFC: 0 flags in last 24h

  ✓ 310/310 flags classified
======== [Fri 10/09/2026 10:29:19.03] all steps ok ======== 
 
======== [Fri 10/09/2026 10:56:01.45] multisport poller start ======== 
-- nhl_odds_pull.py 
=== NHL odds pull · 2026-10-09 10:56 ET ===
  Odds API ok · quota left 4969556
  events: 18 · rows built: 18
  date span: 2026-10-09 .. 2026-10-10 (2 dates)
  line_history: 438 rows from 18 events
  ✓ upserted 18/18 games into nhl_game_results
-- nba_odds_pull.py 
=== NBA odds pull · 2026-10-09 10:56 ET ===
  Odds API ok · quota left 4969553
  events: 46 · rows built: 46
  date span: 2026-10-20 .. 2026-12-25 (12 dates)
  line_history: 1082 rows from 46 events
  ✓ upserted 46/46 games into nba_game_results
-- nfl_odds_pull.py 
=== NFL odds pull · 2026-10-09 ===
  alias map: 32 team-name variants
  americanfootball_nfl: 26 events
    line_history: 1422 rows from 26 events
    ✓ wrote 26 rows to nfl_game_results

=== Summary: 26 games ===
-- ncaaf_odds_pull.py 
=== NCAAF odds pull · 2026-10-09 ===
  alias map: 2871 name variants
  Odds API events: 69
    line_history: 3546 rows from 69 events

✓ wrote 69 rows to ncaaf_game_results
-- ncaab_odds_pull.py 
=== NCAAB odds pull · 2026-10-09 ===
  alias map: 1542 name variants
  Odds API events: 0
  (offseason or no lines posted)
-- detect_line_movement NHL 
=== detect_line_movement · NHL · lookback 6h ===
  wrote 7 flags

TOTAL flags written: 7
-- detect_line_movement NBA 
=== detect_line_movement · NBA · lookback 6h ===
  wrote 4 flags

TOTAL flags written: 4
-- detect_line_movement NFL 
=== detect_line_movement · NFL · lookback 6h ===
  wrote 12 flags

TOTAL flags written: 12
-- detect_line_movement NCAAF 
=== detect_line_movement · NCAAF · lookback 6h ===
  wrote 8 flags

TOTAL flags written: 8
-- detect_line_movement NCAAB 
=== detect_line_movement · NCAAB · lookback 6h ===

TOTAL flags written: 0
-- classify_line_moves ALL 
=== classify_line_moves · MLB/NFL/NCAAF/NCAAB/NHL/UFC  ===
  MLB: 4 flags in last 24h
  MLB: classifications → PATTERN_ONLY=3, SHARP_MOVE_CONFIRMED=1
  NFL: 80 flags in last 24h
  NFL: classifications → PATTERN_ONLY=79, SHARP_MOVE_CONFIRMED=1
  NCAAF: 196 flags in last 24h
  NCAAF: classifications → PATTERN_ONLY=141, NEUTRAL=23, SHARP_MOVE_LEAN=9, CONSENSUS_LEAN=10, PUBLIC_MOVE_LEAN=7, CONSENSUS_CONFIRMED=3, SHARP_MOVE_CONFIRMED=3
  NCAAB: 0 flags in last 24h
  NHL: 35 flags in last 24h
  NHL: classifications → PATTERN_ONLY=20, CONSENSUS_CONFIRMED=7, SHARP_MOVE_CONFIRMED=2, NEUTRAL=5, SHARP_MOVE_LEAN=1
  UFC: 0 flags in last 24h

  ✓ 315/315 flags classified
======== [Fri 10/09/2026 10:59:23.80] all steps ok ======== 
 
======== [Fri 10/09/2026 11:26:01.46] multisport poller start ======== 
-- nhl_odds_pull.py 
=== NHL odds pull · 2026-10-09 11:26 ET ===
  Odds API ok · quota left 4969476
  events: 18 · rows built: 18
  date span: 2026-10-09 .. 2026-10-10 (2 dates)
  line_history: 564 rows from 18 events
  ✓ upserted 18/18 games into nhl_game_results
-- nba_odds_pull.py 
=== NBA odds pull · 2026-10-09 11:26 ET ===
  Odds API ok · quota left 4969473
  events: 46 · rows built: 46
  date span: 2026-10-20 .. 2026-12-25 (12 dates)
  line_history: 1082 rows from 46 events
  ✓ upserted 46/46 games into nba_game_results
-- nfl_odds_pull.py 
=== NFL odds pull · 2026-10-09 ===
  alias map: 32 team-name variants
  americanfootball_nfl: 26 events
    line_history: 1422 rows from 26 events
    ✓ wrote 26 rows to nfl_game_results

=== Summary: 26 games ===
-- ncaaf_odds_pull.py 
=== NCAAF odds pull · 2026-10-09 ===
  alias map: 2871 name variants
  Odds API events: 69
    line_history: 3546 rows from 69 events

✓ wrote 69 rows to ncaaf_game_results
-- ncaab_odds_pull.py 
=== NCAAB odds pull · 2026-10-09 ===
  alias map: 1542 name variants
  Odds API events: 0
  (offseason or no lines posted)
-- detect_line_movement NHL 
=== detect_line_movement · NHL · lookback 6h ===
  wrote 9 flags

TOTAL flags written: 9
-- detect_line_movement NBA 
=== detect_line_movement · NBA · lookback 6h ===
  wrote 1 flags

TOTAL flags written: 1
-- detect_line_movement NFL 
=== detect_line_movement · NFL · lookback 6h ===
  wrote 13 flags

TOTAL flags written: 13
-- detect_line_movement NCAAF 
=== detect_line_movement · NCAAF · lookback 6h ===
  wrote 9 flags

TOTAL flags written: 9
-- detect_line_movement NCAAB 
=== detect_line_movement · NCAAB · lookback 6h ===

TOTAL flags written: 0
-- classify_line_moves ALL 
=== classify_line_moves · MLB/NFL/NCAAF/NCAAB/NHL/UFC  ===
  MLB: 4 flags in last 24h
  MLB: classifications → PATTERN_ONLY=3, SHARP_MOVE_CONFIRMED=1
  NFL: 80 flags in last 24h
  NFL: classifications → PATTERN_ONLY=79, SHARP_MOVE_CONFIRMED=1
  NCAAF: 197 flags in last 24h
  NCAAF: classifications → PATTERN_ONLY=141, NEUTRAL=23, SHARP_MOVE_LEAN=9, CONSENSUS_LEAN=11, PUBLIC_MOVE_LEAN=7, CONSENSUS_CONFIRMED=3, SHARP_MOVE_CONFIRMED=3
  NCAAB: 0 flags in last 24h
  NHL: 38 flags in last 24h
  NHL: classifications → PATTERN_ONLY=23, CONSENSUS_CONFIRMED=7, SHARP_MOVE_CONFIRMED=2, NEUTRAL=5, SHARP_MOVE_LEAN=1
  UFC: 0 flags in last 24h

  ✓ 319/319 flags classified
======== [Fri 10/09/2026 11:29:31.14] all steps ok ======== 
 
======== [Fri 10/09/2026 11:56:01.48] multisport poller start ======== 
-- nhl_odds_pull.py 
=== NHL odds pull · 2026-10-09 11:56 ET ===
  Odds API ok · quota left 4969452
  events: 18 · rows built: 18
  date span: 2026-10-09 .. 2026-10-10 (2 dates)
  line_history: 696 rows from 18 events
  ✓ upserted 18/18 games into nhl_game_results
-- nba_odds_pull.py 
=== NBA odds pull · 2026-10-09 11:56 ET ===
  Odds API ok · quota left 4969449
  events: 46 · rows built: 46
  date span: 2026-10-20 .. 2026-12-25 (12 dates)
  line_history: 1082 rows from 46 events
  ✓ upserted 46/46 games into nba_game_results
-- nfl_odds_pull.py 
=== NFL odds pull · 2026-10-09 ===
  alias map: 32 team-name variants
  americanfootball_nfl: 26 events
    line_history: 1422 rows from 26 events
    ✓ wrote 26 rows to nfl_game_results

=== Summary: 26 games ===
-- ncaaf_odds_pull.py 
=== NCAAF odds pull · 2026-10-09 ===
  alias map: 2871 name variants
  Odds API events: 69
    line_history: 3546 rows from 69 events

✓ wrote 69 rows to ncaaf_game_results
-- ncaab_odds_pull.py 
=== NCAAB odds pull · 2026-10-09 ===
  alias map: 1542 name variants
  Odds API events: 0
  (offseason or no lines posted)
-- detect_line_movement NHL 
=== detect_line_movement · NHL · lookback 6h ===
  wrote 14 flags

TOTAL flags written: 14
-- detect_line_movement NBA 
=== detect_line_movement · NBA · lookback 6h ===
  wrote 1 flags

TOTAL flags written: 1
-- detect_line_movement NFL 
=== detect_line_movement · NFL · lookback 6h ===
  wrote 13 flags

TOTAL flags written: 13
-- detect_line_movement NCAAF 
=== detect_line_movement · NCAAF · lookback 6h ===
  wrote 18 flags

TOTAL flags written: 18
-- detect_line_movement NCAAB 
=== detect_line_movement · NCAAB · lookback 6h ===

TOTAL flags written: 0
-- classify_line_moves ALL 
=== classify_line_moves · MLB/NFL/NCAAF/NCAAB/NHL/UFC  ===
  MLB: 4 flags in last 24h
  MLB: classifications → PATTERN_ONLY=3, SHARP_MOVE_CONFIRMED=1
  NFL: 81 flags in last 24h
  NFL: classifications → PATTERN_ONLY=80, SHARP_MOVE_CONFIRMED=1
  NCAAF: 197 flags in last 24h
  NCAAF: classifications → PATTERN_ONLY=141, NEUTRAL=23, SHARP_MOVE_LEAN=9, CONSENSUS_LEAN=11, PUBLIC_MOVE_LEAN=7, CONSENSUS_CONFIRMED=3, SHARP_MOVE_CONFIRMED=3
  NCAAB: 0 flags in last 24h
  NHL: 41 flags in last 24h
  NHL: classifications → PATTERN_ONLY=26, CONSENSUS_CONFIRMED=7, SHARP_MOVE_CONFIRMED=2, NEUTRAL=5, SHARP_MOVE_LEAN=1
  UFC: 0 flags in last 24h

  ✓ 323/323 flags classified
======== [Fri 10/09/2026 11:59:29.50] all steps ok ======== 
 
======== [Fri 10/09/2026 12:26:01.50] multisport poller start ======== 
-- nhl_odds_pull.py 
=== NHL odds pull · 2026-10-09 12:26 ET ===
  Odds API ok · quota left 4969422
  events: 18 · rows built: 18
  date span: 2026-10-09 .. 2026-10-10 (2 dates)
  line_history: 732 rows from 18 events
  ✓ upserted 18/18 games into nhl_game_results
-- nba_odds_pull.py 
=== NBA odds pull · 2026-10-09 12:26 ET ===
  Odds API ok · quota left 4969419
  events: 46 · rows built: 46
  date span: 2026-10-20 .. 2026-12-25 (12 dates)
  line_history: 1082 rows from 46 events
  ✓ upserted 46/46 games into nba_game_results
-- nfl_odds_pull.py 
=== NFL odds pull · 2026-10-09 ===
  alias map: 32 team-name variants
  americanfootball_nfl: 26 events
    line_history: 1420 rows from 26 events
    ✓ wrote 26 rows to nfl_game_results

=== Summary: 26 games ===
-- ncaaf_odds_pull.py 
=== NCAAF odds pull · 2026-10-09 ===
  alias map: 2871 name variants
  Odds API events: 69
    line_history: 3558 rows from 69 events

✓ wrote 69 rows to ncaaf_game_results
-- ncaab_odds_pull.py 
=== NCAAB odds pull · 2026-10-09 ===
  alias map: 1542 name variants
  Odds API events: 0
  (offseason or no lines posted)
-- detect_line_movement NHL 
=== detect_line_movement · NHL · lookback 6h ===
  wrote 16 flags

TOTAL flags written: 16
-- detect_line_movement NBA 
=== detect_line_movement · NBA · lookback 6h ===
  wrote 1 flags

TOTAL flags written: 1
-- detect_line_movement NFL 
=== detect_line_movement · NFL · lookback 6h ===
  wrote 14 flags

TOTAL flags written: 14
-- detect_line_movement NCAAF 
=== detect_line_movement · NCAAF · lookback 6h ===
  wrote 25 flags

TOTAL flags written: 25
-- detect_line_movement NCAAB 
=== detect_line_movement · NCAAB · lookback 6h ===

TOTAL flags written: 0
-- classify_line_moves ALL 
=== classify_line_moves · MLB/NFL/NCAAF/NCAAB/NHL/UFC  ===
  MLB: 4 flags in last 24h
  MLB: classifications → PATTERN_ONLY=3, SHARP_MOVE_CONFIRMED=1
  NFL: 82 flags in last 24h
  NFL: classifications → PATTERN_ONLY=81, SHARP_MOVE_CONFIRMED=1
  NCAAF: 193 flags in last 24h
  NCAAF: classifications → PATTERN_ONLY=136, NEUTRAL=24, SHARP_MOVE_LEAN=9, CONSENSUS_LEAN=11, PUBLIC_MOVE_LEAN=7, CONSENSUS_CONFIRMED=3, SHARP_MOVE_CONFIRMED=3
  NCAAB: 0 flags in last 24h
  NHL: 44 flags in last 24h
  NHL: classifications → PATTERN_ONLY=29, CONSENSUS_CONFIRMED=7, SHARP_MOVE_CONFIRMED=2, NEUTRAL=5, SHARP_MOVE_LEAN=1
  UFC: 0 flags in last 24h

  ✓ 323/323 flags classified
======== [Fri 10/09/2026 12:30:17.51] all steps ok ======== 
 
======== [Fri 10/09/2026 12:56:01.49] multisport poller start ======== 
-- nhl_odds_pull.py 
=== NHL odds pull · 2026-10-09 12:56 ET ===
  Odds API ok · quota left 4969392
  events: 18 · rows built: 18
  date span: 2026-10-09 .. 2026-10-10 (2 dates)
  line_history: 788 rows from 18 events
  ✓ upserted 18/18 games into nhl_game_results
-- nba_odds_pull.py 
=== NBA odds pull · 2026-10-09 12:56 ET ===
  Odds API ok · quota left 4969389
  events: 46 · rows built: 46
  date span: 2026-10-20 .. 2026-12-25 (12 dates)
  line_history: 1082 rows from 46 events
  ✓ upserted 46/46 games into nba_game_results
-- nfl_odds_pull.py 
=== NFL odds pull · 2026-10-09 ===
  alias map: 32 team-name variants
  americanfootball_nfl: 26 events
    line_history: 1422 rows from 26 events
    ✓ wrote 26 rows to nfl_game_results

=== Summary: 26 games ===
-- ncaaf_odds_pull.py 
=== NCAAF odds pull · 2026-10-09 ===
  alias map: 2871 name variants
  Odds API events: 69
    line_history: 3558 rows from 69 events

✓ wrote 69 rows to ncaaf_game_results
-- ncaab_odds_pull.py 
=== NCAAB odds pull · 2026-10-09 ===
  alias map: 1542 name variants
  Odds API events: 0
  (offseason or no lines posted)
-- detect_line_movement NHL 
=== detect_line_movement · NHL · lookback 6h ===
  wrote 18 flags

TOTAL flags written: 18
-- detect_line_movement NBA 
=== detect_line_movement · NBA · lookback 6h ===
  wrote 1 flags

TOTAL flags written: 1
-- detect_line_movement NFL 
=== detect_line_movement · NFL · lookback 6h ===
  wrote 19 flags

TOTAL flags written: 19
-- detect_line_movement NCAAF 
=== detect_line_movement · NCAAF · lookback 6h ===
  wrote 28 flags

TOTAL flags written: 28
-- detect_line_movement NCAAB 
=== detect_line_movement · NCAAB · lookback 6h ===

TOTAL flags written: 0
-- classify_line_moves ALL 
=== classify_line_moves · MLB/NFL/NCAAF/NCAAB/NHL/UFC  ===
  MLB: 4 flags in last 24h
  MLB: classifications → PATTERN_ONLY=3, SHARP_MOVE_CONFIRMED=1
  NFL: 73 flags in last 24h
  NFL: classifications → PATTERN_ONLY=72, SHARP_MOVE_CONFIRMED=1
  NCAAF: 174 flags in last 24h
  NCAAF: classifications → PATTERN_ONLY=116, NEUTRAL=24, SHARP_MOVE_LEAN=9, CONSENSUS_LEAN=11, PUBLIC_MOVE_LEAN=8, CONSENSUS_CONFIRMED=3, SHARP_MOVE_CONFIRMED=3
  NCAAB: 0 flags in last 24h
  NHL: 46 flags in last 24h
  NHL: classifications → PATTERN_ONLY=31, CONSENSUS_CONFIRMED=7, SHARP_MOVE_CONFIRMED=2, NEUTRAL=5, SHARP_MOVE_LEAN=1
  UFC: 0 flags in last 24h

  ✓ 297/297 flags classified
======== [Fri 10/09/2026 12:59:21.86] all steps ok ======== 
 
======== [Fri 10/09/2026 13:26:01.48] multisport poller start ======== 
-- nhl_odds_pull.py 
=== NHL odds pull · 2026-10-09 13:26 ET ===
  Odds API ok · quota left 4969362
  events: 18 · rows built: 18
  date span: 2026-10-09 .. 2026-10-10 (2 dates)
  line_history: 838 rows from 18 events
  ✓ upserted 18/18 games into nhl_game_results
-- nba_odds_pull.py 
=== NBA odds pull · 2026-10-09 13:26 ET ===
  Odds API ok · quota left 4969359
  events: 46 · rows built: 46
  date span: 2026-10-20 .. 2026-12-25 (12 dates)
  line_history: 1082 rows from 46 events
  ✓ upserted 46/46 games into nba_game_results
-- nfl_odds_pull.py 
=== NFL odds pull · 2026-10-09 ===
  alias map: 32 team-name variants
  americanfootball_nfl: 26 events
    line_history: 1270 rows from 26 events
    ✓ wrote 26 rows to nfl_game_results

=== Summary: 26 games ===
-- ncaaf_odds_pull.py 
=== NCAAF odds pull · 2026-10-09 ===
  alias map: 2871 name variants
  Odds API events: 69
    line_history: 3562 rows from 69 events

✓ wrote 69 rows to ncaaf_game_results
-- ncaab_odds_pull.py 
=== NCAAB odds pull · 2026-10-09 ===
  alias map: 1542 name variants
  Odds API events: 0
  (offseason or no lines posted)
-- detect_line_movement NHL 
=== detect_line_movement · NHL · lookback 6h ===
  wrote 21 flags

TOTAL flags written: 21
-- detect_line_movement NBA 
=== detect_line_movement · NBA · lookback 6h ===
  wrote 1 flags

TOTAL flags written: 1
-- detect_line_movement NFL 
=== detect_line_movement · NFL · lookback 6h ===
  wrote 17 flags

TOTAL flags written: 17
-- detect_line_movement NCAAF 
=== detect_line_movement · NCAAF · lookback 6h ===
  wrote 37 flags

TOTAL flags written: 37
-- detect_line_movement NCAAB 
=== detect_line_movement · NCAAB · lookback 6h ===

TOTAL flags written: 0
-- classify_line_moves ALL 
=== classify_line_moves · MLB/NFL/NCAAF/NCAAB/NHL/UFC  ===
  MLB: 3 flags in last 24h
  MLB: classifications → PATTERN_ONLY=2, SHARP_MOVE_CONFIRMED=1
  NFL: 75 flags in last 24h
  NFL: classifications → PATTERN_ONLY=74, SHARP_MOVE_CONFIRMED=1
  NCAAF: 181 flags in last 24h
  NCAAF: classifications → PATTERN_ONLY=121, NEUTRAL=26, SHARP_MOVE_LEAN=9, CONSENSUS_LEAN=11, PUBLIC_MOVE_LEAN=8, CONSENSUS_CONFIRMED=3, SHARP_MOVE_CONFIRMED=3
  NCAAB: 0 flags in last 24h
  NHL: 49 flags in last 24h
  NHL: classifications → PATTERN_ONLY=34, CONSENSUS_CONFIRMED=7, SHARP_MOVE_CONFIRMED=2, NEUTRAL=5, SHARP_MOVE_LEAN=1
  UFC: 0 flags in last 24h

  ✓ 308/308 flags classified
======== [Fri 10/09/2026 13:29:38.40] all steps ok ======== 
 
======== [Fri 10/09/2026 13:56:01.63] multisport poller start ======== 
-- nhl_odds_pull.py 
=== NHL odds pull · 2026-10-09 13:56 ET ===
  Odds API ok · quota left 4969318
  events: 18 · rows built: 18
  date span: 2026-10-09 .. 2026-10-10 (2 dates)
  line_history: 906 rows from 18 events
  ✓ upserted 18/18 games into nhl_game_results
-- nba_odds_pull.py 
=== NBA odds pull · 2026-10-09 13:56 ET ===
  Odds API ok · quota left 4969315
  events: 46 · rows built: 46
  date span: 2026-10-20 .. 2026-12-25 (12 dates)
  line_history: 1082 rows from 46 events
  ✓ upserted 46/46 games into nba_game_results
-- nfl_odds_pull.py 
=== NFL odds pull · 2026-10-09 ===
  alias map: 32 team-name variants
  americanfootball_nfl: 26 events
    line_history: 1422 rows from 26 events
    ✓ wrote 26 rows to nfl_game_results

=== Summary: 26 games ===
-- ncaaf_odds_pull.py 
=== NCAAF odds pull · 2026-10-09 ===
  alias map: 2871 name variants
  Odds API events: 69
    line_history: 3562 rows from 69 events

✓ wrote 69 rows to ncaaf_game_results
-- ncaab_odds_pull.py 
=== NCAAB odds pull · 2026-10-09 ===
  alias map: 1542 name variants
  Odds API events: 0
  (offseason or no lines posted)
-- detect_line_movement NHL 
=== detect_line_movement · NHL · lookback 6h ===
  wrote 26 flags

TOTAL flags written: 26
-- detect_line_movement NBA 
=== detect_line_movement · NBA · lookback 6h ===
  wrote 4 flags

TOTAL flags written: 4
-- detect_line_movement NFL 
=== detect_line_movement · NFL · lookback 6h ===
  wrote 24 flags

TOTAL flags written: 24
-- detect_line_movement NCAAF 
=== detect_line_movement · NCAAF · lookback 6h ===
  wrote 45 flags

TOTAL flags written: 45
-- detect_line_movement NCAAB 
=== detect_line_movement · NCAAB · lookback 6h ===

TOTAL flags written: 0
-- classify_line_moves ALL 
=== classify_line_moves · MLB/NFL/NCAAF/NCAAB/NHL/UFC  ===
  MLB: 3 flags in last 24h
  MLB: classifications → PATTERN_ONLY=2, SHARP_MOVE_CONFIRMED=1
  NFL: 77 flags in last 24h
  NFL: classifications → PATTERN_ONLY=76, SHARP_MOVE_CONFIRMED=1
  NCAAF: 191 flags in last 24h
  NCAAF: classifications → PATTERN_ONLY=131, PUBLIC_MOVE_LEAN=6, NEUTRAL=29, SHARP_MOVE_LEAN=7, CONSENSUS_LEAN=14, SHARP_MOVE_CONFIRMED=2, CONSENSUS_CONFIRMED=2
  NCAAB: 0 flags in last 24h
  NHL: 53 flags in last 24h
  NHL: classifications → PATTERN_ONLY=29, SHARP_MOVE_CONFIRMED=3, PUBLIC_MOVE_CONFIRMED=1, CONSENSUS_LEAN=1, SHARP_MOVE_LEAN=3, CONSENSUS_CONFIRMED=7, NEUTRAL=9
  UFC: 0 flags in last 24h

  ✓ 324/324 flags classified
======== [Fri 10/09/2026 14:00:03.07] all steps ok ======== 
 
======== [Fri 10/09/2026 15:28:27.70] multisport poller start ======== 
-- nhl_odds_pull.py 
=== NHL odds pull · 2026-10-09 15:28 ET ===
  Odds API ok · quota left 4969221
  events: 18 · rows built: 18
  date span: 2026-10-09 .. 2026-10-10 (2 dates)
  line_history: 918 rows from 18 events
  ✓ upserted 18/18 games into nhl_game_results
-- nba_odds_pull.py 
=== NBA odds pull · 2026-10-09 15:28 ET ===
  Odds API ok · quota left 4969212
  events: 46 · rows built: 46
  date span: 2026-10-20 .. 2026-12-25 (12 dates)
  line_history: 1082 rows from 46 events
  ✓ upserted 46/46 games into nba_game_results
-- nfl_odds_pull.py 
=== NFL odds pull · 2026-10-09 ===
  alias map: 32 team-name variants
  americanfootball_nfl: 26 events
    line_history: 1424 rows from 26 events
    ✓ wrote 26 rows to nfl_game_results

=== Summary: 26 games ===
-- ncaaf_odds_pull.py 
=== NCAAF odds pull · 2026-10-09 ===
  alias map: 2871 name variants
  Odds API events: 69
    line_history: 3560 rows from 69 events

✓ wrote 69 rows to ncaaf_game_results
-- ncaab_odds_pull.py 
=== NCAAB odds pull · 2026-10-09 ===
  alias map: 1542 name variants
  Odds API events: 0
  (offseason or no lines posted)
-- detect_line_movement NHL 
=== detect_line_movement · NHL · lookback 6h ===
  wrote 24 flags

TOTAL flags written: 24
-- detect_line_movement NBA 
=== detect_line_movement · NBA · lookback 6h ===
  wrote 3 flags

TOTAL flags written: 3
-- detect_line_movement NFL 
=== detect_line_movement · NFL · lookback 6h ===
  wrote 31 flags

TOTAL flags written: 31
-- detect_line_movement NCAAF 
=== detect_line_movement · NCAAF · lookback 6h ===
  wrote 38 flags

TOTAL flags written: 38
-- detect_line_movement NCAAB 
=== detect_line_movement · NCAAB · lookback 6h ===

TOTAL flags written: 0
-- classify_line_moves ALL 
=== classify_line_moves · MLB/NFL/NCAAF/NCAAB/NHL/UFC  ===
  MLB: 2 flags in last 24h
  MLB: classifications → PATTERN_ONLY=2
  NFL: 80 flags in last 24h
  NFL: classifications → PATTERN_ONLY=79, SHARP_MOVE_CONFIRMED=1
  NCAAF: 198 flags in last 24h
  NCAAF: classifications → PATTERN_ONLY=141, NEUTRAL=28, PUBLIC_MOVE_LEAN=4, SHARP_MOVE_LEAN=5, CONSENSUS_LEAN=15, SHARP_MOVE_CONFIRMED=3, CONSENSUS_CONFIRMED=2
  NCAAB: 0 flags in last 24h
  NHL: 54 flags in last 24h
  NHL: classifications → PATTERN_ONLY=32, PUBLIC_MOVE_CONFIRMED=1, CONSENSUS_LEAN=1, SHARP_MOVE_LEAN=2, CONSENSUS_CONFIRMED=7, SHARP_MOVE_CONFIRMED=4, NEUTRAL=7
  UFC: 0 flags in last 24h

  ✓ 334/334 flags classified
======== [Fri 10/09/2026 15:34:10.60] all steps ok ======== 
 
======== [Fri 10/09/2026 15:56:01.50] multisport poller start ======== 
-- nhl_odds_pull.py 
=== NHL odds pull · 2026-10-09 15:56 ET ===
  Odds API ok · quota left 4969111
  events: 18 · rows built: 18
  date span: 2026-10-09 .. 2026-10-10 (2 dates)
  line_history: 924 rows from 18 events
  ✓ upserted 18/18 games into nhl_game_results
-- nba_odds_pull.py 
=== NBA odds pull · 2026-10-09 15:56 ET ===
  Odds API ok · quota left 4969108
  events: 46 · rows built: 46
  date span: 2026-10-20 .. 2026-12-25 (12 dates)
  line_history: 1082 rows from 46 events
  ✓ upserted 46/46 games into nba_game_results
-- nfl_odds_pull.py 
=== NFL odds pull · 2026-10-09 ===
  alias map: 32 team-name variants
  americanfootball_nfl: 26 events
    line_history: 1424 rows from 26 events
    ✓ wrote 26 rows to nfl_game_results

=== Summary: 26 games ===
-- ncaaf_odds_pull.py 
=== NCAAF odds pull · 2026-10-09 ===
  alias map: 2871 name variants
  Odds API events: 69
    line_history: 3568 rows from 69 events

✓ wrote 69 rows to ncaaf_game_results
-- ncaab_odds_pull.py 
=== NCAAB odds pull · 2026-10-09 ===
  alias map: 1542 name variants
  Odds API events: 0
  (offseason or no lines posted)
-- detect_line_movement NHL 
=== detect_line_movement · NHL · lookback 6h ===
  wrote 25 flags

TOTAL flags written: 25
-- detect_line_movement NBA 
=== detect_line_movement · NBA · lookback 6h ===
  wrote 3 flags

TOTAL flags written: 3
-- detect_line_movement NFL 
=== detect_line_movement · NFL · lookback 6h ===
  wrote 34 flags

TOTAL flags written: 34
-- detect_line_movement NCAAF 
=== detect_line_movement · NCAAF · lookback 6h ===
  wrote 38 flags

TOTAL flags written: 38
-- detect_line_movement NCAAB 
=== detect_line_movement · NCAAB · lookback 6h ===

TOTAL flags written: 0
-- classify_line_moves ALL 
=== classify_line_moves · MLB/NFL/NCAAF/NCAAB/NHL/UFC  ===
  MLB: 2 flags in last 24h
  MLB: classifications → PATTERN_ONLY=2
  NFL: 83 flags in last 24h
  NFL: classifications → PATTERN_ONLY=82, SHARP_MOVE_CONFIRMED=1
  NCAAF: 208 flags in last 24h
  NCAAF: classifications → PATTERN_ONLY=150, PUBLIC_MOVE_CONFIRMED=1, PUBLIC_MOVE_LEAN=4, NEUTRAL=28, SHARP_MOVE_LEAN=5, CONSENSUS_LEAN=15, SHARP_MOVE_CONFIRMED=3, CONSENSUS_CONFIRMED=2
  NCAAB: 0 flags in last 24h
  NHL: 54 flags in last 24h
  NHL: classifications → PATTERN_ONLY=32, PUBLIC_MOVE_CONFIRMED=1, CONSENSUS_LEAN=1, SHARP_MOVE_LEAN=2, CONSENSUS_CONFIRMED=7, SHARP_MOVE_CONFIRMED=4, NEUTRAL=7
  UFC: 0 flags in last 24h

  ✓ 347/347 flags classified
======== [Fri 10/09/2026 16:00:29.89] all steps ok ======== 
 
======== [Fri 10/09/2026 16:26:01.48] multisport poller start ======== 
-- nhl_odds_pull.py 
=== NHL odds pull · 2026-10-09 16:26 ET ===
  Odds API ok · quota left 4969014
  events: 18 · rows built: 18
  date span: 2026-10-09 .. 2026-10-10 (2 dates)
  line_history: 930 rows from 18 events
  ✓ upserted 18/18 games into nhl_game_results
-- nba_odds_pull.py 
=== NBA odds pull · 2026-10-09 16:26 ET ===
  Odds API ok · quota left 4969011
  events: 46 · rows built: 46
  date span: 2026-10-20 .. 2026-12-25 (12 dates)
  line_history: 1082 rows from 46 events
  ✓ upserted 46/46 games into nba_game_results
-- nfl_odds_pull.py 
=== NFL odds pull · 2026-10-09 ===
  alias map: 32 team-name variants
  americanfootball_nfl: 26 events
    line_history: 1424 rows from 26 events
    ✓ wrote 26 rows to nfl_game_results

=== Summary: 26 games ===
-- ncaaf_odds_pull.py 
=== NCAAF odds pull · 2026-10-09 ===
  alias map: 2871 name variants
  Odds API events: 69
    line_history: 3568 rows from 69 events

✓ wrote 69 rows to ncaaf_game_results
-- ncaab_odds_pull.py 
=== NCAAB odds pull · 2026-10-09 ===
  alias map: 1542 name variants
  Odds API events: 0
  (offseason or no lines posted)
-- detect_line_movement NHL 
=== detect_line_movement · NHL · lookback 6h ===
  wrote 24 flags

TOTAL flags written: 24
-- detect_line_movement NBA 
=== detect_line_movement · NBA · lookback 6h ===
  wrote 3 flags

TOTAL flags written: 3
-- detect_line_movement NFL 
=== detect_line_movement · NFL · lookback 6h ===
  wrote 30 flags

TOTAL flags written: 30
-- detect_line_movement NCAAF 
=== detect_line_movement · NCAAF · lookback 6h ===
  wrote 33 flags

TOTAL flags written: 33
-- detect_line_movement NCAAB 
=== detect_line_movement · NCAAB · lookback 6h ===

TOTAL flags written: 0
-- classify_line_moves ALL 
=== classify_line_moves · MLB/NFL/NCAAF/NCAAB/NHL/UFC  ===
  MLB: 2 flags in last 24h
  MLB: classifications → PATTERN_ONLY=2
  NFL: 83 flags in last 24h
  NFL: classifications → PATTERN_ONLY=82, SHARP_MOVE_CONFIRMED=1
  NCAAF: 194 flags in last 24h
  NCAAF: classifications → PATTERN_ONLY=138, PUBLIC_MOVE_LEAN=4, NEUTRAL=27, SHARP_MOVE_LEAN=5, CONSENSUS_LEAN=14, SHARP_MOVE_CONFIRMED=3, CONSENSUS_CONFIRMED=2, PUBLIC_MOVE_CONFIRMED=1
  NCAAB: 0 flags in last 24h
  NHL: 54 flags in last 24h
  NHL: classifications → PATTERN_ONLY=31, PUBLIC_MOVE_CONFIRMED=1, CONSENSUS_LEAN=1, SHARP_MOVE_LEAN=3, CONSENSUS_CONFIRMED=7, NEUTRAL=8, SHARP_MOVE_CONFIRMED=3
  UFC: 0 flags in last 24h

  ✓ 333/333 flags classified
======== [Fri 10/09/2026 16:29:36.77] all steps ok ======== 
 
======== [Fri 10/09/2026 16:56:01.47] multisport poller start ======== 
-- nhl_odds_pull.py 
=== NHL odds pull · 2026-10-09 16:56 ET ===
  Odds API ok · quota left 4968978
  events: 18 · rows built: 18
  date span: 2026-10-09 .. 2026-10-10 (2 dates)
  line_history: 930 rows from 18 events
  ✓ upserted 18/18 games into nhl_game_results
-- nba_odds_pull.py 
=== NBA odds pull · 2026-10-09 16:56 ET ===
  Odds API ok · quota left 4968975
  events: 46 · rows built: 46
  date span: 2026-10-20 .. 2026-12-25 (12 dates)
  line_history: 998 rows from 46 events
  ✓ upserted 46/46 games into nba_game_results
-- nfl_odds_pull.py 
=== NFL odds pull · 2026-10-09 ===
  alias map: 32 team-name variants
  americanfootball_nfl: 26 events
    line_history: 1422 rows from 26 events
    ✓ wrote 26 rows to nfl_game_results

=== Summary: 26 games ===
-- ncaaf_odds_pull.py 
=== NCAAF odds pull · 2026-10-09 ===
  alias map: 2871 name variants
  Odds API events: 69
    line_history: 3520 rows from 69 events

✓ wrote 69 rows to ncaaf_game_results
-- ncaab_odds_pull.py 
=== NCAAB odds pull · 2026-10-09 ===
  alias map: 1542 name variants
  Odds API events: 0
  (offseason or no lines posted)
-- detect_line_movement NHL 
=== detect_line_movement · NHL · lookback 6h ===
  wrote 20 flags

TOTAL flags written: 20
-- detect_line_movement NBA 
=== detect_line_movement · NBA · lookback 6h ===
  wrote 2 flags

TOTAL flags written: 2
-- detect_line_movement NFL 
=== detect_line_movement · NFL · lookback 6h ===
  wrote 32 flags

TOTAL flags written: 32
-- detect_line_movement NCAAF 
=== detect_line_movement · NCAAF · lookback 6h ===
  wrote 36 flags

TOTAL flags written: 36
-- detect_line_movement NCAAB 
=== detect_line_movement · NCAAB · lookback 6h ===

TOTAL flags written: 0
-- classify_line_moves ALL 
=== classify_line_moves · MLB/NFL/NCAAF/NCAAB/NHL/UFC  ===
  MLB: 2 flags in last 24h
  MLB: classifications → PATTERN_ONLY=2
  NFL: 83 flags in last 24h
  NFL: classifications → PATTERN_ONLY=82, SHARP_MOVE_CONFIRMED=1
  NCAAF: 195 flags in last 24h
  NCAAF: classifications → PATTERN_ONLY=141, SHARP_MOVE_CONFIRMED=3, PUBLIC_MOVE_LEAN=4, NEUTRAL=26, SHARP_MOVE_LEAN=4, CONSENSUS_LEAN=14, CONSENSUS_CONFIRMED=2, PUBLIC_MOVE_CONFIRMED=1
  NCAAB: 0 flags in last 24h
  NHL: 53 flags in last 24h
  NHL: classifications → PATTERN_ONLY=30, PUBLIC_MOVE_CONFIRMED=1, CONSENSUS_LEAN=1, SHARP_MOVE_LEAN=3, CONSENSUS_CONFIRMED=7, NEUTRAL=8, SHARP_MOVE_CONFIRMED=3
  UFC: 0 flags in last 24h

  ✓ 333/333 flags classified
======== [Fri 10/09/2026 16:59:38.99] all steps ok ======== 
 
======== [Fri 10/09/2026 17:26:01.52] multisport poller start ======== 
-- nhl_odds_pull.py 
=== NHL odds pull · 2026-10-09 17:26 ET ===
  Odds API ok · quota left 4968954
  events: 18 · rows built: 18
  date span: 2026-10-09 .. 2026-10-10 (2 dates)
  line_history: 912 rows from 18 events
  ✓ upserted 18/18 games into nhl_game_results
-- nba_odds_pull.py 
=== NBA odds pull · 2026-10-09 17:26 ET ===
  Odds API ok · quota left 4968951
  events: 46 · rows built: 46
  date span: 2026-10-20 .. 2026-12-25 (12 dates)
  line_history: 1082 rows from 46 events
  ✓ upserted 46/46 games into nba_game_results
-- nfl_odds_pull.py 
=== NFL odds pull · 2026-10-09 ===
  alias map: 32 team-name variants
  americanfootball_nfl: 26 events
    line_history: 1422 rows from 26 events
    ✓ wrote 26 rows to nfl_game_results

=== Summary: 26 games ===
-- ncaaf_odds_pull.py 
=== NCAAF odds pull · 2026-10-09 ===
  alias map: 2871 name variants
  Odds API events: 69
    line_history: 3524 rows from 69 events

✓ wrote 69 rows to ncaaf_game_results
-- ncaab_odds_pull.py 
=== NCAAB odds pull · 2026-10-09 ===
  alias map: 1542 name variants
  Odds API events: 0
  (offseason or no lines posted)
-- detect_line_movement NHL 
=== detect_line_movement · NHL · lookback 6h ===
  wrote 25 flags

TOTAL flags written: 25
-- detect_line_movement NBA 
=== detect_line_movement · NBA · lookback 6h ===
  wrote 2 flags

TOTAL flags written: 2
-- detect_line_movement NFL 
=== detect_line_movement · NFL · lookback 6h ===
  wrote 31 flags

TOTAL flags written: 31
-- detect_line_movement NCAAF 
=== detect_line_movement · NCAAF · lookback 6h ===
  wrote 32 flags

TOTAL flags written: 32
-- detect_line_movement NCAAB 
=== detect_line_movement · NCAAB · lookback 6h ===

TOTAL flags written: 0
-- classify_line_moves ALL 
=== classify_line_moves · MLB/NFL/NCAAF/NCAAB/NHL/UFC  ===
  MLB: 2 flags in last 24h
  MLB: classifications → PATTERN_ONLY=2
  NFL: 80 flags in last 24h
  NFL: classifications → PATTERN_ONLY=79, SHARP_MOVE_CONFIRMED=1
  NCAAF: 183 flags in last 24h
  NCAAF: classifications → PATTERN_ONLY=135, SHARP_MOVE_CONFIRMED=3, PUBLIC_MOVE_LEAN=4, NEUTRAL=23, SHARP_MOVE_LEAN=3, CONSENSUS_LEAN=12, CONSENSUS_CONFIRMED=2, PUBLIC_MOVE_CONFIRMED=1
  NCAAB: 0 flags in last 24h
  NHL: 58 flags in last 24h
  NHL: classifications → PATTERN_ONLY=35, SHARP_MOVE_CONFIRMED=3, PUBLIC_MOVE_CONFIRMED=1, NEUTRAL=8, SHARP_MOVE_LEAN=3, CONSENSUS_CONFIRMED=7, CONSENSUS_LEAN=1
  UFC: 0 flags in last 24h

  ✓ 323/323 flags classified
======== [Fri 10/09/2026 17:30:20.98] all steps ok ======== 
 
======== [Fri 10/09/2026 17:56:01.50] multisport poller start ======== 
-- nhl_odds_pull.py 
=== NHL odds pull · 2026-10-09 17:56 ET ===
  Odds API ok · quota left 4968906
  events: 18 · rows built: 18
  date span: 2026-10-09 .. 2026-10-10 (2 dates)
  line_history: 912 rows from 18 events
  ✓ upserted 18/18 games into nhl_game_results
-- nba_odds_pull.py 
=== NBA odds pull · 2026-10-09 17:56 ET ===
  Odds API ok · quota left 4968903
  events: 46 · rows built: 46
  date span: 2026-10-20 .. 2026-12-25 (12 dates)
  line_history: 1082 rows from 46 events
  ✓ upserted 46/46 games into nba_game_results
-- nfl_odds_pull.py 
=== NFL odds pull · 2026-10-09 ===
  alias map: 32 team-name variants
  americanfootball_nfl: 26 events
    line_history: 1422 rows from 26 events
    ✓ wrote 26 rows to nfl_game_results

=== Summary: 26 games ===
-- ncaaf_odds_pull.py 
=== NCAAF odds pull · 2026-10-09 ===
  alias map: 2871 name variants
  Odds API events: 69
    line_history: 3524 rows from 69 events

✓ wrote 69 rows to ncaaf_game_results
-- ncaab_odds_pull.py 
=== NCAAB odds pull · 2026-10-09 ===
  alias map: 1542 name variants
  Odds API events: 0
  (offseason or no lines posted)
-- detect_line_movement NHL 
=== detect_line_movement · NHL · lookback 6h ===
  wrote 23 flags

TOTAL flags written: 23
-- detect_line_movement NBA 
=== detect_line_movement · NBA · lookback 6h ===
  wrote 2 flags

TOTAL flags written: 2
-- detect_line_movement NFL 
=== detect_line_movement · NFL · lookback 6h ===
  wrote 31 flags

TOTAL flags written: 31
-- detect_line_movement NCAAF 
=== detect_line_movement · NCAAF · lookback 6h ===
  wrote 81 flags

TOTAL flags written: 81
-- detect_line_movement NCAAB 
=== detect_line_movement · NCAAB · lookback 6h ===

TOTAL flags written: 0
-- classify_line_moves ALL 
=== classify_line_moves · MLB/NFL/NCAAF/NCAAB/NHL/UFC  ===
  MLB: 2 flags in last 24h
  MLB: classifications → PATTERN_ONLY=2
  NFL: 80 flags in last 24h
  NFL: classifications → PATTERN_ONLY=79, SHARP_MOVE_CONFIRMED=1
  NCAAF: 201 flags in last 24h
  NCAAF: classifications → PATTERN_ONLY=148, PUBLIC_MOVE_LEAN=6, SHARP_MOVE_LEAN=5, SHARP_MOVE_CONFIRMED=3, CONSENSUS_LEAN=13, NEUTRAL=23, CONSENSUS_CONFIRMED=2, PUBLIC_MOVE_CONFIRMED=1
  NCAAB: 0 flags in last 24h
  NHL: 58 flags in last 24h
  NHL: classifications → PATTERN_ONLY=35, SHARP_MOVE_CONFIRMED=3, PUBLIC_MOVE_CONFIRMED=1, NEUTRAL=8, SHARP_MOVE_LEAN=3, CONSENSUS_CONFIRMED=7, CONSENSUS_LEAN=1
  UFC: 0 flags in last 24h

  ✓ 341/341 flags classified
======== [Fri 10/09/2026 17:59:33.68] all steps ok ======== 
 
======== [Fri 10/09/2026 18:26:01.52] multisport poller start ======== 
-- nhl_odds_pull.py 
=== NHL odds pull · 2026-10-09 18:26 ET ===
  Odds API ok · quota left 4968671
  events: 18 · rows built: 18
  date span: 2026-10-09 .. 2026-10-10 (2 dates)
  line_history: 918 rows from 18 events
  ✓ upserted 18/18 games into nhl_game_results
-- nba_odds_pull.py 
=== NBA odds pull · 2026-10-09 18:26 ET ===
  Odds API ok · quota left 4968668
  events: 46 · rows built: 46
  date span: 2026-10-20 .. 2026-12-25 (12 dates)
  line_history: 1082 rows from 46 events
  ✓ upserted 46/46 games into nba_game_results
-- nfl_odds_pull.py 
=== NFL odds pull · 2026-10-09 ===
  alias map: 32 team-name variants
  americanfootball_nfl: 26 events
    line_history: 1422 rows from 26 events
    ✓ wrote 26 rows to nfl_game_results

=== Summary: 26 games ===
-- ncaaf_odds_pull.py 
=== NCAAF odds pull · 2026-10-09 ===
  alias map: 2871 name variants
  Odds API events: 69
    line_history: 3524 rows from 69 events

✓ wrote 69 rows to ncaaf_game_results
-- ncaab_odds_pull.py 
=== NCAAB odds pull · 2026-10-09 ===
  alias map: 1542 name variants
  Odds API events: 0
  (offseason or no lines posted)
-- detect_line_movement NHL 
=== detect_line_movement · NHL · lookback 6h ===
  wrote 25 flags

TOTAL flags written: 25
-- detect_line_movement NBA 
=== detect_line_movement · NBA · lookback 6h ===
  wrote 2 flags

TOTAL flags written: 2
-- detect_line_movement NFL 
=== detect_line_movement · NFL · lookback 6h ===
  wrote 31 flags

TOTAL flags written: 31
-- detect_line_movement NCAAF 
=== detect_line_movement · NCAAF · lookback 6h ===
  wrote 109 flags

TOTAL flags written: 109
-- detect_line_movement NCAAB 
=== detect_line_movement · NCAAB · lookback 6h ===

TOTAL flags written: 0
-- classify_line_moves ALL 
=== classify_line_moves · MLB/NFL/NCAAF/NCAAB/NHL/UFC  ===
  MLB: 2 flags in last 24h
  MLB: classifications → PATTERN_ONLY=2
  NFL: 73 flags in last 24h
  NFL: classifications → PATTERN_ONLY=72, SHARP_MOVE_CONFIRMED=1
  NCAAF: 215 flags in last 24h
  NCAAF: classifications → PATTERN_ONLY=153, PUBLIC_MOVE_LEAN=7, SHARP_MOVE_CONFIRMED=3, SHARP_MOVE_LEAN=8, CONSENSUS_LEAN=14, NEUTRAL=25, CONSENSUS_CONFIRMED=2, PUBLIC_MOVE_CONFIRMED=3
  NCAAB: 0 flags in last 24h
  NHL: 57 flags in last 24h
  NHL: classifications → PATTERN_ONLY=37, SHARP_MOVE_CONFIRMED=3, PUBLIC_MOVE_CONFIRMED=1, NEUTRAL=5, SHARP_MOVE_LEAN=3, CONSENSUS_CONFIRMED=7, CONSENSUS_LEAN=1
  UFC: 0 flags in last 24h

  ✓ 347/347 flags classified
======== [Fri 10/09/2026 18:29:37.83] all steps ok ======== 
 
======== [Fri 10/09/2026 18:56:01.52] multisport poller start ======== 
-- nhl_odds_pull.py 
=== NHL odds pull · 2026-10-09 18:56 ET ===
  Odds API ok · quota left 4968612
  events: 18 · rows built: 18
  date span: 2026-10-09 .. 2026-10-10 (2 dates)
  line_history: 996 rows from 18 events
  ✓ upserted 18/18 games into nhl_game_results
-- nba_odds_pull.py 
=== NBA odds pull · 2026-10-09 18:56 ET ===
  Odds API ok · quota left 4968609
  events: 46 · rows built: 46
  date span: 2026-10-20 .. 2026-12-25 (12 dates)
  line_history: 1082 rows from 46 events
  ✓ upserted 46/46 games into nba_game_results
-- nfl_odds_pull.py 
=== NFL odds pull · 2026-10-09 ===
  alias map: 32 team-name variants
  americanfootball_nfl: 26 events
    line_history: 1422 rows from 26 events
    ✓ wrote 26 rows to nfl_game_results

=== Summary: 26 games ===
-- ncaaf_odds_pull.py 
=== NCAAF odds pull · 2026-10-09 ===
  alias map: 2871 name variants
  Odds API events: 69
    line_history: 3524 rows from 69 events

✓ wrote 69 rows to ncaaf_game_results
-- ncaab_odds_pull.py 
=== NCAAB odds pull · 2026-10-09 ===
  alias map: 1542 name variants
  Odds API events: 0
  (offseason or no lines posted)
-- detect_line_movement NHL 
=== detect_line_movement · NHL · lookback 6h ===
  wrote 20 flags

TOTAL flags written: 20
-- detect_line_movement NBA 
=== detect_line_movement · NBA · lookback 6h ===
  wrote 2 flags

TOTAL flags written: 2
-- detect_line_movement NFL 
=== detect_line_movement · NFL · lookback 6h ===
  wrote 29 flags

TOTAL flags written: 29
-- detect_line_movement NCAAF 
=== detect_line_movement · NCAAF · lookback 6h ===
  wrote 110 flags

TOTAL flags written: 110
-- detect_line_movement NCAAB 
=== detect_line_movement · NCAAB · lookback 6h ===

TOTAL flags written: 0
-- classify_line_moves ALL 
=== classify_line_moves · MLB/NFL/NCAAF/NCAAB/NHL/UFC  ===
  MLB: 2 flags in last 24h
  MLB: classifications → PATTERN_ONLY=2
  NFL: 72 flags in last 24h
  NFL: classifications → PATTERN_ONLY=72
  NCAAF: 212 flags in last 24h
  NCAAF: classifications → SHARP_MOVE_TRIPLE_CONFIRMED=1, PATTERN_ONLY=154, CONSENSUS_LEAN=13, SHARP_MOVE_LEAN=8, PUBLIC_MOVE_LEAN=5, NEUTRAL=22, SHARP_MOVE_CONFIRMED=4, CONSENSUS_CONFIRMED=3, PUBLIC_MOVE_CONFIRMED=2
  NCAAB: 0 flags in last 24h
  NHL: 48 flags in last 24h
  NHL: classifications → PATTERN_ONLY=43, SHARP_MOVE_CONFIRMED=2, PUBLIC_MOVE_CONFIRMED=1, CONSENSUS_CONFIRMED=2
  UFC: 0 flags in last 24h

  ✓ 334/334 flags classified
======== [Fri 10/09/2026 18:59:44.85] all steps ok ======== 
 
======== [Fri 10/09/2026 19:26:01.52] multisport poller start ======== 
-- nhl_odds_pull.py 
=== NHL odds pull · 2026-10-09 19:26 ET ===
  Odds API ok · quota left 4968588
  skipped 3 in-progress game(s) — live prices must not overwrite the close
  events: 18 · rows built: 15
  date span: 2026-10-09 .. 2026-10-10 (2 dates)
  line_history: 846 rows from 15 events
  ✓ upserted 15/15 games into nhl_game_results
-- nba_odds_pull.py 
=== NBA odds pull · 2026-10-09 19:26 ET ===
  Odds API ok · quota left 4968585
  events: 46 · rows built: 46
  date span: 2026-10-20 .. 2026-12-25 (12 dates)
  line_history: 1082 rows from 46 events
  ✓ upserted 46/46 games into nba_game_results
-- nfl_odds_pull.py 
=== NFL odds pull · 2026-10-09 ===
  alias map: 32 team-name variants
  americanfootball_nfl: 26 events
    line_history: 1422 rows from 26 events
    ✓ wrote 26 rows to nfl_game_results

=== Summary: 26 games ===
-- ncaaf_odds_pull.py 
=== NCAAF odds pull · 2026-10-09 ===
  alias map: 2871 name variants
  Odds API events: 69
    line_history: 3458 rows from 68 events

✓ wrote 68 rows to ncaaf_game_results
-- ncaab_odds_pull.py 
=== NCAAB odds pull · 2026-10-09 ===
  alias map: 1542 name variants
  Odds API events: 0
  (offseason or no lines posted)
-- detect_line_movement NHL 
=== detect_line_movement · NHL · lookback 6h ===
  wrote 24 flags

TOTAL flags written: 24
-- detect_line_movement NBA 
=== detect_line_movement · NBA · lookback 6h ===
  wrote 2 flags

TOTAL flags written: 2
-- detect_line_movement NFL 
=== detect_line_movement · NFL · lookback 6h ===
  wrote 28 flags

TOTAL flags written: 28
-- detect_line_movement NCAAF 
=== detect_line_movement · NCAAF · lookback 6h ===
  wrote 114 flags

TOTAL flags written: 114
-- detect_line_movement NCAAB 
=== detect_line_movement · NCAAB · lookback 6h ===

TOTAL flags written: 0
-- classify_line_moves ALL 
=== classify_line_moves · MLB/NFL/NCAAF/NCAAB/NHL/UFC  ===
  MLB: 2 flags in last 24h
  MLB: classifications → PATTERN_ONLY=2
  NFL: 74 flags in last 24h
  NFL: classifications → PATTERN_ONLY=74
  NCAAF: 202 flags in last 24h
  NCAAF: classifications → PATTERN_ONLY=148, SHARP_MOVE_CONFIRMED=4, PUBLIC_MOVE_LEAN=4, NEUTRAL=20, SHARP_MOVE_LEAN=8, CONSENSUS_LEAN=12, CONSENSUS_CONFIRMED=3, PUBLIC_MOVE_CONFIRMED=2, SHARP_MOVE_TRIPLE_CONFIRMED=1
  NCAAB: 0 flags in last 24h
  NHL: 47 flags in last 24h
  NHL: classifications → PATTERN_ONLY=42, SHARP_MOVE_CONFIRMED=2, PUBLIC_MOVE_CONFIRMED=1, CONSENSUS_CONFIRMED=2
  UFC: 0 flags in last 24h

  ✓ 325/325 flags classified
======== [Fri 10/09/2026 19:29:38.79] all steps ok ======== 
 
======== [Fri 10/09/2026 19:56:01.60] multisport poller start ======== 
-- nhl_odds_pull.py 
=== NHL odds pull · 2026-10-09 19:56 ET ===
  Odds API ok · quota left 4968564
  skipped 3 in-progress game(s) — live prices must not overwrite the close
  events: 18 · rows built: 15
  date span: 2026-10-09 .. 2026-10-10 (2 dates)
  line_history: 852 rows from 15 events
  ✓ upserted 15/15 games into nhl_game_results
-- nba_odds_pull.py 
=== NBA odds pull · 2026-10-09 19:56 ET ===
  Odds API ok · quota left 4968561
  events: 46 · rows built: 46
  date span: 2026-10-20 .. 2026-12-25 (12 dates)
  line_history: 1082 rows from 46 events
  ✓ upserted 46/46 games into nba_game_results
-- nfl_odds_pull.py 
=== NFL odds pull · 2026-10-09 ===
  alias map: 32 team-name variants
  americanfootball_nfl: 26 events
    line_history: 1422 rows from 26 events
    ✓ wrote 26 rows to nfl_game_results

=== Summary: 26 games ===
-- ncaaf_odds_pull.py 
=== NCAAF odds pull · 2026-10-09 ===
  alias map: 2871 name variants
  Odds API events: 69
    line_history: 3452 rows from 68 events

✓ wrote 68 rows to ncaaf_game_results
-- ncaab_odds_pull.py 
=== NCAAB odds pull · 2026-10-09 ===
  alias map: 1542 name variants
  Odds API events: 0
  (offseason or no lines posted)
-- detect_line_movement NHL 
=== detect_line_movement · NHL · lookback 6h ===
  wrote 20 flags

TOTAL flags written: 20
-- detect_line_movement NBA 
=== detect_line_movement · NBA · lookback 6h ===
  wrote 2 flags

TOTAL flags written: 2
-- detect_line_movement NFL 
=== detect_line_movement · NFL · lookback 6h ===
  wrote 17 flags

TOTAL flags written: 17
-- detect_line_movement NCAAF 
=== detect_line_movement · NCAAF · lookback 6h ===
  wrote 64 flags

TOTAL flags written: 64
-- detect_line_movement NCAAB 
=== detect_line_movement · NCAAB · lookback 6h ===

TOTAL flags written: 0
-- classify_line_moves ALL 
=== classify_line_moves · MLB/NFL/NCAAF/NCAAB/NHL/UFC  ===
  MLB: 0 flags in last 24h
  NFL: 67 flags in last 24h
  NFL: classifications → PATTERN_ONLY=67
  NCAAF: 206 flags in last 24h
  NCAAF: classifications → NEUTRAL=22, SHARP_MOVE_LEAN=9, CONSENSUS_LEAN=12, PATTERN_ONLY=149, SHARP_MOVE_CONFIRMED=4, PUBLIC_MOVE_LEAN=4, CONSENSUS_CONFIRMED=3, PUBLIC_MOVE_CONFIRMED=2, SHARP_MOVE_TRIPLE_CONFIRMED=1
  NCAAB: 0 flags in last 24h
  NHL: 47 flags in last 24h
  NHL: classifications → PATTERN_ONLY=43, SHARP_MOVE_CONFIRMED=1, PUBLIC_MOVE_CONFIRMED=1, CONSENSUS_CONFIRMED=2
  UFC: 0 flags in last 24h

  ✓ 320/320 flags classified
======== [Fri 10/09/2026 20:00:00.27] all steps ok ======== 
 
======== [Fri 10/09/2026 20:26:01.54] multisport poller start ======== 
-- nhl_odds_pull.py 
=== NHL odds pull · 2026-10-09 20:26 ET ===
  Odds API ok · quota left 4968350
  skipped 4 in-progress game(s) — live prices must not overwrite the close
  events: 18 · rows built: 14
  date span: 2026-10-10 .. 2026-10-10 (1 dates)
  line_history: 734 rows from 14 events
  ✓ upserted 14/14 games into nhl_game_results
-- nba_odds_pull.py 
=== NBA odds pull · 2026-10-09 20:26 ET ===
  Odds API ok · quota left 4968347
  events: 46 · rows built: 46
  date span: 2026-10-20 .. 2026-12-25 (12 dates)
  line_history: 1082 rows from 46 events
  ✓ upserted 46/46 games into nba_game_results
-- nfl_odds_pull.py 
=== NFL odds pull · 2026-10-09 ===
  alias map: 32 team-name variants
  americanfootball_nfl: 26 events
    line_history: 1422 rows from 26 events
    ✓ wrote 26 rows to nfl_game_results

=== Summary: 26 games ===
-- ncaaf_odds_pull.py 
=== NCAAF odds pull · 2026-10-09 ===
  alias map: 2871 name variants
  Odds API events: 69
    line_history: 3470 rows from 68 events

✓ wrote 68 rows to ncaaf_game_results
-- ncaab_odds_pull.py 
=== NCAAB odds pull · 2026-10-09 ===
  alias map: 1542 name variants
  Odds API events: 0
  (offseason or no lines posted)
-- detect_line_movement NHL 
=== detect_line_movement · NHL · lookback 6h ===
  wrote 17 flags

TOTAL flags written: 17
-- detect_line_movement NBA 
=== detect_line_movement · NBA · lookback 6h ===
  wrote 2 flags

TOTAL flags written: 2
-- detect_line_movement NFL 
=== detect_line_movement · NFL · lookback 6h ===
  wrote 17 flags

TOTAL flags written: 17
-- detect_line_movement NCAAF 
=== detect_line_movement · NCAAF · lookback 6h ===
  wrote 64 flags

TOTAL flags written: 64
-- detect_line_movement NCAAB 
=== detect_line_movement · NCAAB · lookback 6h ===

TOTAL flags written: 0
-- classify_line_moves ALL 
=== classify_line_moves · MLB/NFL/NCAAF/NCAAB/NHL/UFC  ===
  MLB: 0 flags in last 24h
  NFL: 66 flags in last 24h
  NFL: classifications → PATTERN_ONLY=66
  NCAAF: 204 flags in last 24h
  NCAAF: classifications → SHARP_MOVE_LEAN=9, PATTERN_ONLY=148, NEUTRAL=22, CONSENSUS_LEAN=11, SHARP_MOVE_CONFIRMED=4, PUBLIC_MOVE_LEAN=4, CONSENSUS_CONFIRMED=3, PUBLIC_MOVE_CONFIRMED=2, SHARP_MOVE_TRIPLE_CONFIRMED=1
  NCAAB: 0 flags in last 24h
  NHL: 47 flags in last 24h
  NHL: classifications → PATTERN_ONLY=43, SHARP_MOVE_CONFIRMED=1, PUBLIC_MOVE_CONFIRMED=1, CONSENSUS_CONFIRMED=2
  UFC: 0 flags in last 24h

  ✓ 317/317 flags classified
======== [Fri 10/09/2026 20:29:32.70] all steps ok ======== 
 
======== [Fri 10/09/2026 20:56:01.59] multisport poller start ======== 
-- nhl_odds_pull.py 
=== NHL odds pull · 2026-10-09 20:56 ET ===
  Odds API ok · quota left 4968228
  skipped 4 in-progress game(s) — live prices must not overwrite the close
  events: 18 · rows built: 14
  date span: 2026-10-10 .. 2026-10-10 (1 dates)
  line_history: 788 rows from 14 events
  ✓ upserted 14/14 games into nhl_game_results
-- nba_odds_pull.py 
=== NBA odds pull · 2026-10-09 20:56 ET ===
  Odds API ok · quota left 4968225
  events: 46 · rows built: 46
  date span: 2026-10-20 .. 2026-12-25 (12 dates)
  line_history: 1082 rows from 46 events
  ✓ upserted 46/46 games into nba_game_results
-- nfl_odds_pull.py 
=== NFL odds pull · 2026-10-09 ===
  alias map: 32 team-name variants
  americanfootball_nfl: 26 events
    line_history: 1422 rows from 26 events
    ✓ wrote 26 rows to nfl_game_results

=== Summary: 26 games ===
-- ncaaf_odds_pull.py 
=== NCAAF odds pull · 2026-10-09 ===
  alias map: 2871 name variants
  Odds API events: 69
    line_history: 3470 rows from 68 events

✓ wrote 68 rows to ncaaf_game_results
-- ncaab_odds_pull.py 
=== NCAAB odds pull · 2026-10-09 ===
  alias map: 1542 name variants
  Odds API events: 0
  (offseason or no lines posted)
-- detect_line_movement NHL 
=== detect_line_movement · NHL · lookback 6h ===
  wrote 18 flags

TOTAL flags written: 18
-- detect_line_movement NBA 
=== detect_line_movement · NBA · lookback 6h ===
  wrote 2 flags

TOTAL flags written: 2
-- detect_line_movement NFL 
=== detect_line_movement · NFL · lookback 6h ===
  wrote 18 flags

TOTAL flags written: 18
-- detect_line_movement NCAAF 
=== detect_line_movement · NCAAF · lookback 6h ===
  wrote 64 flags

TOTAL flags written: 64
-- detect_line_movement NCAAB 
=== detect_line_movement · NCAAB · lookback 6h ===

TOTAL flags written: 0
-- classify_line_moves ALL 
=== classify_line_moves · MLB/NFL/NCAAF/NCAAB/NHL/UFC  ===
  MLB: 0 flags in last 24h
  NFL: 66 flags in last 24h
  NFL: classifications → PATTERN_ONLY=66
  NCAAF: 203 flags in last 24h
  NCAAF: classifications → PATTERN_ONLY=148, SHARP_MOVE_LEAN=9, NEUTRAL=22, SHARP_MOVE_CONFIRMED=4, PUBLIC_MOVE_LEAN=4, CONSENSUS_LEAN=10, CONSENSUS_CONFIRMED=3, PUBLIC_MOVE_CONFIRMED=2, SHARP_MOVE_TRIPLE_CONFIRMED=1
  NCAAB: 0 flags in last 24h
  NHL: 45 flags in last 24h
  NHL: classifications → PATTERN_ONLY=42, SHARP_MOVE_CONFIRMED=1, PUBLIC_MOVE_CONFIRMED=1, CONSENSUS_CONFIRMED=1
  UFC: 0 flags in last 24h

  ✓ 314/314 flags classified
======== [Fri 10/09/2026 20:59:31.90] all steps ok ======== 
 
======== [Fri 10/09/2026 21:26:01.61] multisport poller start ======== 
-- nhl_odds_pull.py 
=== NHL odds pull · 2026-10-09 21:26 ET ===
  Odds API ok · quota left 4967896
  skipped 4 in-progress game(s) — live prices must not overwrite the close
  events: 18 · rows built: 14
  date span: 2026-10-10 .. 2026-10-10 (1 dates)
  line_history: 794 rows from 14 events
  ✓ upserted 14/14 games into nhl_game_results
-- nba_odds_pull.py 
=== NBA odds pull · 2026-10-09 21:26 ET ===
  Odds API ok · quota left 4967893
  events: 46 · rows built: 46
  date span: 2026-10-20 .. 2026-12-25 (12 dates)
  line_history: 1082 rows from 46 events
  ✓ upserted 46/46 games into nba_game_results
-- nfl_odds_pull.py 
=== NFL odds pull · 2026-10-09 ===
  alias map: 32 team-name variants
  americanfootball_nfl: 26 events
    line_history: 1422 rows from 26 events
    ✓ wrote 26 rows to nfl_game_results

=== Summary: 26 games ===
-- ncaaf_odds_pull.py 
=== NCAAF odds pull · 2026-10-09 ===
  alias map: 2871 name variants
  Odds API events: 69
    line_history: 3266 rows from 65 events

✓ wrote 65 rows to ncaaf_game_results
-- ncaab_odds_pull.py 
=== NCAAB odds pull · 2026-10-09 ===
  alias map: 1542 name variants
  Odds API events: 0
  (offseason or no lines posted)
-- detect_line_movement NHL 
=== detect_line_movement · NHL · lookback 6h ===
  wrote 18 flags

TOTAL flags written: 18
-- detect_line_movement NBA 
=== detect_line_movement · NBA · lookback 6h ===
  wrote 2 flags

TOTAL flags written: 2
-- detect_line_movement NFL 
=== detect_line_movement · NFL · lookback 6h ===
  wrote 18 flags

TOTAL flags written: 18
-- detect_line_movement NCAAF 
=== detect_line_movement · NCAAF · lookback 6h ===
  wrote 64 flags

TOTAL flags written: 64
-- detect_line_movement NCAAB 
=== detect_line_movement · NCAAB · lookback 6h ===

TOTAL flags written: 0
-- classify_line_moves ALL 
=== classify_line_moves · MLB/NFL/NCAAF/NCAAB/NHL/UFC  ===
  MLB: 0 flags in last 24h
  NFL: 64 flags in last 24h
  NFL: classifications → PATTERN_ONLY=64
  NCAAF: 201 flags in last 24h
  NCAAF: classifications → SHARP_MOVE_LEAN=9, PATTERN_ONLY=147, NEUTRAL=21, SHARP_MOVE_CONFIRMED=4, PUBLIC_MOVE_LEAN=4, CONSENSUS_LEAN=10, CONSENSUS_CONFIRMED=3, PUBLIC_MOVE_CONFIRMED=2, SHARP_MOVE_TRIPLE_CONFIRMED=1
  NCAAB: 0 flags in last 24h
  NHL: 47 flags in last 24h
  NHL: classifications → PATTERN_ONLY=44, SHARP_MOVE_CONFIRMED=1, PUBLIC_MOVE_CONFIRMED=1, CONSENSUS_CONFIRMED=1
  UFC: 0 flags in last 24h

  ✓ 312/312 flags classified
======== [Fri 10/09/2026 21:29:48.76] all steps ok ======== 
 
======== [Fri 10/09/2026 21:56:01.65] multisport poller start ======== 
-- nhl_odds_pull.py 
=== NHL odds pull · 2026-10-09 21:56 ET ===
  Odds API ok · quota left 4966720
  skipped 2 in-progress game(s) — live prices must not overwrite the close
  events: 16 · rows built: 14
  date span: 2026-10-10 .. 2026-10-10 (1 dates)
  line_history: 814 rows from 14 events
  ✓ upserted 14/14 games into nhl_game_results
-- nba_odds_pull.py 
=== NBA odds pull · 2026-10-09 21:56 ET ===
  Odds API ok · quota left 4966717
  events: 46 · rows built: 46
  date span: 2026-10-20 .. 2026-12-25 (12 dates)
  line_history: 1082 rows from 46 events
  ✓ upserted 46/46 games into nba_game_results
-- nfl_odds_pull.py 
=== NFL odds pull · 2026-10-09 ===
  alias map: 32 team-name variants
  americanfootball_nfl: 26 events
    line_history: 1422 rows from 26 events
    ✓ wrote 26 rows to nfl_game_results

=== Summary: 26 games ===
-- ncaaf_odds_pull.py 
=== NCAAF odds pull · 2026-10-09 ===
  alias map: 2871 name variants
  Odds API events: 69
    line_history: 3272 rows from 65 events

✓ wrote 65 rows to ncaaf_game_results
-- ncaab_odds_pull.py 
=== NCAAB odds pull · 2026-10-09 ===
  alias map: 1542 name variants
  Odds API events: 0
  (offseason or no lines posted)
-- detect_line_movement NHL 
=== detect_line_movement · NHL · lookback 6h ===
  wrote 17 flags

TOTAL flags written: 17
-- detect_line_movement NBA 
=== detect_line_movement · NBA · lookback 6h ===
  wrote 2 flags

TOTAL flags written: 2
-- detect_line_movement NFL 
=== detect_line_movement · NFL · lookback 6h ===
  wrote 16 flags

TOTAL flags written: 16
-- detect_line_movement NCAAF 
=== detect_line_movement · NCAAF · lookback 6h ===
  wrote 70 flags

TOTAL flags written: 70
-- detect_line_movement NCAAB 
=== detect_line_movement · NCAAB · lookback 6h ===

TOTAL flags written: 0
-- classify_line_moves ALL 
=== classify_line_moves · MLB/NFL/NCAAF/NCAAB/NHL/UFC  ===
  MLB: 0 flags in last 24h
  NFL: 64 flags in last 24h
  NFL: classifications → PATTERN_ONLY=64
  NCAAF: 205 flags in last 24h
  NCAAF: classifications → SHARP_MOVE_LEAN=9, PATTERN_ONLY=152, NEUTRAL=20, SHARP_MOVE_CONFIRMED=4, CONSENSUS_LEAN=10, PUBLIC_MOVE_LEAN=4, CONSENSUS_CONFIRMED=3, PUBLIC_MOVE_CONFIRMED=2, SHARP_MOVE_TRIPLE_CONFIRMED=1
  NCAAB: 0 flags in last 24h
  NHL: 45 flags in last 24h
  NHL: classifications → PATTERN_ONLY=43, SHARP_MOVE_CONFIRMED=1, PUBLIC_MOVE_CONFIRMED=1
  UFC: 0 flags in last 24h

  ✓ 314/314 flags classified
======== [Fri 10/09/2026 21:59:36.99] all steps ok ======== 
 
======== [Fri 10/09/2026 22:26:01.67] multisport poller start ======== 
-- nhl_odds_pull.py 
=== NHL odds pull · 2026-10-09 22:26 ET ===
  Odds API ok · quota left 4966628
  skipped 1 in-progress game(s) — live prices must not overwrite the close
  events: 15 · rows built: 14
  date span: 2026-10-10 .. 2026-10-10 (1 dates)
  line_history: 802 rows from 14 events
  ✓ upserted 14/14 games into nhl_game_results
-- nba_odds_pull.py 
=== NBA odds pull · 2026-10-09 22:26 ET ===
  Odds API ok · quota left 4966625
  events: 46 · rows built: 46
  date span: 2026-10-20 .. 2026-12-25 (12 dates)
  line_history: 1082 rows from 46 events
  ✓ upserted 46/46 games into nba_game_results
-- nfl_odds_pull.py 
=== NFL odds pull · 2026-10-09 ===
  alias map: 32 team-name variants
  americanfootball_nfl: 26 events
    line_history: 1422 rows from 26 events
    ✓ wrote 26 rows to nfl_game_results

=== Summary: 26 games ===
-- ncaaf_odds_pull.py 
=== NCAAF odds pull · 2026-10-09 ===
  alias map: 2871 name variants
  Odds API events: 69
    line_history: 3272 rows from 65 events

✓ wrote 65 rows to ncaaf_game_results
-- ncaab_odds_pull.py 
=== NCAAB odds pull · 2026-10-09 ===
  alias map: 1542 name variants
  Odds API events: 0
  (offseason or no lines posted)
-- detect_line_movement NHL 
=== detect_line_movement · NHL · lookback 6h ===
  wrote 16 flags

TOTAL flags written: 16
-- detect_line_movement NBA 
=== detect_line_movement · NBA · lookback 6h ===
  wrote 1 flags

TOTAL flags written: 1
-- detect_line_movement NFL 
=== detect_line_movement · NFL · lookback 6h ===
  wrote 12 flags

TOTAL flags written: 12
-- detect_line_movement NCAAF 
=== detect_line_movement · NCAAF · lookback 6h ===
  wrote 63 flags

TOTAL flags written: 63
-- detect_line_movement NCAAB 
=== detect_line_movement · NCAAB · lookback 6h ===

TOTAL flags written: 0
-- classify_line_moves ALL 
=== classify_line_moves · MLB/NFL/NCAAF/NCAAB/NHL/UFC  ===
  MLB: 0 flags in last 24h
  NFL: 64 flags in last 24h
  NFL: classifications → PATTERN_ONLY=64
  NCAAF: 204 flags in last 24h
  NCAAF: classifications → SHARP_MOVE_LEAN=9, PATTERN_ONLY=151, NEUTRAL=19, SHARP_MOVE_CONFIRMED=4, PUBLIC_MOVE_LEAN=4, CONSENSUS_LEAN=11, CONSENSUS_CONFIRMED=3, PUBLIC_MOVE_CONFIRMED=2, SHARP_MOVE_TRIPLE_CONFIRMED=1
  NCAAB: 0 flags in last 24h
  NHL: 47 flags in last 24h
  NHL: classifications → PATTERN_ONLY=45, SHARP_MOVE_CONFIRMED=1, PUBLIC_MOVE_CONFIRMED=1
  UFC: 0 flags in last 24h

  ✓ 315/315 flags classified
======== [Fri 10/09/2026 22:29:27.31] all steps ok ======== 
 
======== [Fri 10/09/2026 23:23:29.60] multisport poller start ======== 
-- nhl_odds_pull.py 
=== NHL odds pull · 2026-10-09 23:23 ET ===
  Odds API ok · quota left 4966604
  events: 14 · rows built: 14
  date span: 2026-10-10 .. 2026-10-10 (1 dates)
  line_history: 842 rows from 14 events
  ✓ upserted 14/14 games into nhl_game_results
-- nba_odds_pull.py 
=== NBA odds pull · 2026-10-09 23:23 ET ===
  Odds API ok · quota left 4966595
  events: 46 · rows built: 46
  date span: 2026-10-20 .. 2026-12-25 (12 dates)
  line_history: 1070 rows from 46 events
  ✓ upserted 46/46 games into nba_game_results
-- nfl_odds_pull.py 
=== NFL odds pull · 2026-10-09 ===
  alias map: 32 team-name variants
  americanfootball_nfl: 26 events
    line_history: 1338 rows from 26 events
    ✓ wrote 26 rows to nfl_game_results

=== Summary: 26 games ===
-- ncaaf_odds_pull.py 
=== NCAAF odds pull · 2026-10-09 ===
  alias map: 2871 name variants
  Odds API events: 68
    line_history: 3206 rows from 64 events

✓ wrote 64 rows to ncaaf_game_results
-- ncaab_odds_pull.py 
=== NCAAB odds pull · 2026-10-09 ===
  alias map: 1542 name variants
  Odds API events: 0
  (offseason or no lines posted)
-- detect_line_movement NHL 
=== detect_line_movement · NHL · lookback 6h ===
  wrote 18 flags

TOTAL flags written: 18
-- detect_line_movement NBA 
=== detect_line_movement · NBA · lookback 6h ===
  wrote 1 flags

TOTAL flags written: 1
-- detect_line_movement NFL 
=== detect_line_movement · NFL · lookback 6h ===
  wrote 2 flags

TOTAL flags written: 2
-- detect_line_movement NCAAF 
=== detect_line_movement · NCAAF · lookback 6h ===
  wrote 59 flags

TOTAL flags written: 59
-- detect_line_movement NCAAB 
=== detect_line_movement · NCAAB · lookback 6h ===

TOTAL flags written: 0
-- classify_line_moves ALL 
=== classify_line_moves · MLB/NFL/NCAAF/NCAAB/NHL/UFC  ===
  MLB: 0 flags in last 24h
  NFL: 65 flags in last 24h
  NFL: classifications → PATTERN_ONLY=65
  NCAAF: 206 flags in last 24h
  NCAAF: classifications → SHARP_MOVE_LEAN=9, PATTERN_ONLY=152, SHARP_MOVE_CONFIRMED=4, NEUTRAL=20, PUBLIC_MOVE_LEAN=4, CONSENSUS_LEAN=11, CONSENSUS_CONFIRMED=3, PUBLIC_MOVE_CONFIRMED=2, SHARP_MOVE_TRIPLE_CONFIRMED=1
  NCAAB: 0 flags in last 24h
  NHL: 48 flags in last 24h
  NHL: classifications → PATTERN_ONLY=46, SHARP_MOVE_CONFIRMED=1, PUBLIC_MOVE_CONFIRMED=1
  UFC: 0 flags in last 24h

  ✓ 319/319 flags classified
======== [Fri 10/09/2026 23:27:53.61] all steps ok ======== 
 
======== [Fri 10/09/2026 23:56:01.92] multisport poller start ======== 
-- nhl_odds_pull.py 
=== NHL odds pull · 2026-10-09 23:56 ET ===
  Odds API ok · quota left 4966422
  events: 14 · rows built: 14
  date span: 2026-10-10 .. 2026-10-10 (1 dates)
  line_history: 804 rows from 14 events
  ✓ upserted 14/14 games into nhl_game_results
-- nba_odds_pull.py 
=== NBA odds pull · 2026-10-09 23:56 ET ===
  Odds API ok · quota left 4966419
  events: 46 · rows built: 46
  date span: 2026-10-20 .. 2026-12-25 (12 dates)
  line_history: 1070 rows from 46 events
  ✓ upserted 46/46 games into nba_game_results
-- nfl_odds_pull.py 
=== NFL odds pull · 2026-10-09 ===
  alias map: 32 team-name variants
  americanfootball_nfl: 26 events
    line_history: 1422 rows from 26 events
    ✓ wrote 26 rows to nfl_game_results

=== Summary: 26 games ===
-- ncaaf_odds_pull.py 
=== NCAAF odds pull · 2026-10-09 ===
  alias map: 2871 name variants
  Odds API events: 68
    line_history: 3206 rows from 64 events

✓ wrote 64 rows to ncaaf_game_results
-- ncaab_odds_pull.py 
=== NCAAB odds pull · 2026-10-09 ===
  alias map: 1542 name variants
  Odds API events: 0
  (offseason or no lines posted)
-- detect_line_movement NHL 
=== detect_line_movement · NHL · lookback 6h ===
  wrote 18 flags

TOTAL flags written: 18
-- detect_line_movement NBA 
=== detect_line_movement · NBA · lookback 6h ===
  wrote 1 flags

TOTAL flags written: 1
-- detect_line_movement NFL 
=== detect_line_movement · NFL · lookback 6h ===
  wrote 10 flags

TOTAL flags written: 10
-- detect_line_movement NCAAF 
=== detect_line_movement · NCAAF · lookback 6h ===
  wrote 40 flags

TOTAL flags written: 40
-- detect_line_movement NCAAB 
=== detect_line_movement · NCAAB · lookback 6h ===

TOTAL flags written: 0
-- classify_line_moves ALL 
=== classify_line_moves · MLB/NFL/NCAAF/NCAAB/NHL/UFC  ===
  MLB: 0 flags in last 24h
  NFL: 65 flags in last 24h
  NFL: classifications → PATTERN_ONLY=65
  NCAAF: 206 flags in last 24h
  NCAAF: classifications → SHARP_MOVE_LEAN=9, PATTERN_ONLY=152, SHARP_MOVE_CONFIRMED=4, NEUTRAL=20, CONSENSUS_LEAN=11, PUBLIC_MOVE_LEAN=4, CONSENSUS_CONFIRMED=3, PUBLIC_MOVE_CONFIRMED=2, SHARP_MOVE_TRIPLE_CONFIRMED=1
  NCAAB: 0 flags in last 24h
  NHL: 48 flags in last 24h
  NHL: classifications → PATTERN_ONLY=46, SHARP_MOVE_CONFIRMED=1, PUBLIC_MOVE_CONFIRMED=1
  UFC: 0 flags in last 24h

  ✓ 319/319 flags classified
======== [Fri 10/09/2026 23:59:27.70] all steps ok ======== 
 
======== [Sat 10/10/2026  0:26:01.94] multisport poller start ======== 
-- nhl_odds_pull.py 
=== NHL odds pull · 2026-10-10 00:26 ET ===
  Odds API ok · quota left 4966398
  events: 14 · rows built: 14
  date span: 2026-10-10 .. 2026-10-10 (1 dates)
  line_history: 878 rows from 14 events
  ✓ upserted 14/14 games into nhl_game_results
-- nba_odds_pull.py 
=== NBA odds pull · 2026-10-10 00:26 ET ===
  Odds API ok · quota left 4966395
  events: 46 · rows built: 46
  date span: 2026-10-20 .. 2026-12-25 (12 dates)
  line_history: 1070 rows from 46 events
  ✓ upserted 46/46 games into nba_game_results
-- nfl_odds_pull.py 
=== NFL odds pull · 2026-10-10 ===
  alias map: 32 team-name variants
  americanfootball_nfl: 26 events
    line_history: 1338 rows from 26 events
    ✓ wrote 26 rows to nfl_game_results

=== Summary: 26 games ===
-- ncaaf_odds_pull.py 
=== NCAAF odds pull · 2026-10-10 ===
  alias map: 2871 name variants
  Odds API events: 68
    line_history: 3200 rows from 64 events

✓ wrote 64 rows to ncaaf_game_results
-- ncaab_odds_pull.py 
=== NCAAB odds pull · 2026-10-10 ===
  alias map: 1542 name variants
  Odds API events: 0
  (offseason or no lines posted)
-- detect_line_movement NHL 
=== detect_line_movement · NHL · lookback 6h ===
  wrote 17 flags

TOTAL flags written: 17
-- detect_line_movement NBA 
=== detect_line_movement · NBA · lookback 6h ===
  wrote 1 flags

TOTAL flags written: 1
-- detect_line_movement NFL 
=== detect_line_movement · NFL · lookback 6h ===
  wrote 4 flags

TOTAL flags written: 4
-- detect_line_movement NCAAF 
=== detect_line_movement · NCAAF · lookback 6h ===
  wrote 31 flags

TOTAL flags written: 31
-- detect_line_movement NCAAB 
=== detect_line_movement · NCAAB · lookback 6h ===

TOTAL flags written: 0
-- classify_line_moves ALL 
=== classify_line_moves · MLB/NFL/NCAAF/NCAAB/NHL/UFC  ===
  MLB: 0 flags in last 24h
  NFL: 65 flags in last 24h
  NFL: classifications → PATTERN_ONLY=65
  NCAAF: 205 flags in last 24h
  NCAAF: classifications → SHARP_MOVE_LEAN=8, PATTERN_ONLY=152, SHARP_MOVE_CONFIRMED=4, NEUTRAL=20, CONSENSUS_LEAN=11, PUBLIC_MOVE_LEAN=4, CONSENSUS_CONFIRMED=3, PUBLIC_MOVE_CONFIRMED=2, SHARP_MOVE_TRIPLE_CONFIRMED=1
  NCAAB: 0 flags in last 24h
  NHL: 49 flags in last 24h
  NHL: classifications → PATTERN_ONLY=47, SHARP_MOVE_CONFIRMED=1, PUBLIC_MOVE_CONFIRMED=1
  UFC: 0 flags in last 24h

  ✓ 319/319 flags classified
======== [Sat 10/10/2026  0:29:28.06] all steps ok ======== 
 
======== [Sat 10/10/2026  0:56:01.94] multisport poller start ======== 
-- nhl_odds_pull.py 
=== NHL odds pull · 2026-10-10 00:56 ET ===
  Odds API ok · quota left 4966362
  events: 14 · rows built: 14
  date span: 2026-10-10 .. 2026-10-10 (1 dates)
  line_history: 878 rows from 14 events
  ✓ upserted 14/14 games into nhl_game_results
-- nba_odds_pull.py 
=== NBA odds pull · 2026-10-10 00:56 ET ===
  Odds API ok · quota left 4966359
  events: 46 · rows built: 46
  date span: 2026-10-20 .. 2026-12-25 (12 dates)
  line_history: 1070 rows from 46 events
  ✓ upserted 46/46 games into nba_game_results
-- nfl_odds_pull.py 
=== NFL odds pull · 2026-10-10 ===
  alias map: 32 team-name variants
  americanfootball_nfl: 26 events
    line_history: 1338 rows from 26 events
    ✓ wrote 26 rows to nfl_game_results

=== Summary: 26 games ===
-- ncaaf_odds_pull.py 
=== NCAAF odds pull · 2026-10-10 ===
  alias map: 2871 name variants
  Odds API events: 65
    line_history: 3200 rows from 64 events

✓ wrote 64 rows to ncaaf_game_results
-- ncaab_odds_pull.py 
=== NCAAB odds pull · 2026-10-10 ===
  alias map: 1542 name variants
  Odds API events: 0
  (offseason or no lines posted)
-- detect_line_movement NHL 
=== detect_line_movement · NHL · lookback 6h ===
  wrote 15 flags

TOTAL flags written: 15
-- detect_line_movement NBA 
=== detect_line_movement · NBA · lookback 6h ===
  wrote 1 flags

TOTAL flags written: 1
-- detect_line_movement NFL 
=== detect_line_movement · NFL · lookback 6h ===
  wrote 5 flags

TOTAL flags written: 5
-- detect_line_movement NCAAF 
=== detect_line_movement · NCAAF · lookback 6h ===
  wrote 17 flags

TOTAL flags written: 17
-- detect_line_movement NCAAB 
=== detect_line_movement · NCAAB · lookback 6h ===

TOTAL flags written: 0
-- classify_line_moves ALL 
=== classify_line_moves · MLB/NFL/NCAAF/NCAAB/NHL/UFC  ===
  MLB: 0 flags in last 24h
  NFL: 61 flags in last 24h
  NFL: classifications → PATTERN_ONLY=61
  NCAAF: 204 flags in last 24h
  NCAAF: classifications → SHARP_MOVE_LEAN=8, PATTERN_ONLY=152, SHARP_MOVE_CONFIRMED=4, NEUTRAL=19, CONSENSUS_LEAN=11, PUBLIC_MOVE_LEAN=4, CONSENSUS_CONFIRMED=3, PUBLIC_MOVE_CONFIRMED=2, SHARP_MOVE_TRIPLE_CONFIRMED=1
  NCAAB: 0 flags in last 24h
  NHL: 49 flags in last 24h
  NHL: classifications → PATTERN_ONLY=47, SHARP_MOVE_CONFIRMED=1, PUBLIC_MOVE_CONFIRMED=1
  UFC: 0 flags in last 24h

  ✓ 314/314 flags classified
======== [Sat 10/10/2026  0:59:18.14] all steps ok ======== 
 
======== [Sat 10/10/2026  1:26:02.01] multisport poller start ======== 
-- nhl_odds_pull.py 
=== NHL odds pull · 2026-10-10 01:26 ET ===
  Odds API ok · quota left 4966338
  events: 14 · rows built: 14
  date span: 2026-10-10 .. 2026-10-10 (1 dates)
  line_history: 878 rows from 14 events
  ✓ upserted 14/14 games into nhl_game_results
-- nba_odds_pull.py 
=== NBA odds pull · 2026-10-10 01:26 ET ===
  Odds API ok · quota left 4966335
  events: 46 · rows built: 46
  date span: 2026-10-20 .. 2026-12-25 (12 dates)
  line_history: 1070 rows from 46 events
  ✓ upserted 46/46 games into nba_game_results
-- nfl_odds_pull.py 
=== NFL odds pull · 2026-10-10 ===
  alias map: 32 team-name variants
  americanfootball_nfl: 26 events
    line_history: 1338 rows from 26 events
    ✓ wrote 26 rows to nfl_game_results

=== Summary: 26 games ===
-- ncaaf_odds_pull.py 
=== NCAAF odds pull · 2026-10-10 ===
  alias map: 2871 name variants
  Odds API events: 64
    line_history: 3188 rows from 63 events

✓ wrote 63 rows to ncaaf_game_results
-- ncaab_odds_pull.py 
=== NCAAB odds pull · 2026-10-10 ===
  alias map: 1542 name variants
  Odds API events: 0
  (offseason or no lines posted)
-- detect_line_movement NHL 
=== detect_line_movement · NHL · lookback 6h ===
  wrote 15 flags

TOTAL flags written: 15
-- detect_line_movement NBA 
=== detect_line_movement · NBA · lookback 6h ===
  wrote 1 flags

TOTAL flags written: 1
-- detect_line_movement NFL 
=== detect_line_movement · NFL · lookback 6h ===
  wrote 5 flags

TOTAL flags written: 5
-- detect_line_movement NCAAF 
=== detect_line_movement · NCAAF · lookback 6h ===
  wrote 26 flags

TOTAL flags written: 26
-- detect_line_movement NCAAB 
=== detect_line_movement · NCAAB · lookback 6h ===

TOTAL flags written: 0
-- classify_line_moves ALL 
=== classify_line_moves · MLB/NFL/NCAAF/NCAAB/NHL/UFC  ===
  MLB: 0 flags in last 24h
  NFL: 60 flags in last 24h
  NFL: classifications → PATTERN_ONLY=60
  NCAAF: 202 flags in last 24h
  NCAAF: classifications → PATTERN_ONLY=150, SHARP_MOVE_LEAN=8, SHARP_MOVE_CONFIRMED=4, NEUTRAL=19, CONSENSUS_LEAN=11, PUBLIC_MOVE_LEAN=4, CONSENSUS_CONFIRMED=3, PUBLIC_MOVE_CONFIRMED=2, SHARP_MOVE_TRIPLE_CONFIRMED=1
  NCAAB: 0 flags in last 24h
  NHL: 49 flags in last 24h
  NHL: classifications → PATTERN_ONLY=47, SHARP_MOVE_CONFIRMED=1, PUBLIC_MOVE_CONFIRMED=1
  UFC: 0 flags in last 24h

  ✓ 311/311 flags classified
======== [Sat 10/10/2026  1:29:04.68] all steps ok ======== 
 
======== [Sat 10/10/2026  1:56:02.04] multisport poller start ======== 
-- nhl_odds_pull.py 
=== NHL odds pull · 2026-10-10 01:56 ET ===
  Odds API ok · quota left 4966314
  events: 14 · rows built: 14
  date span: 2026-10-10 .. 2026-10-10 (1 dates)
  line_history: 896 rows from 14 events
  ✓ upserted 14/14 games into nhl_game_results
-- nba_odds_pull.py 
=== NBA odds pull · 2026-10-10 01:56 ET ===
  Odds API ok · quota left 4966311
  events: 46 · rows built: 46
  date span: 2026-10-20 .. 2026-12-25 (12 dates)
  line_history: 1070 rows from 46 events
  ✓ upserted 46/46 games into nba_game_results
-- nfl_odds_pull.py 
=== NFL odds pull · 2026-10-10 ===
  alias map: 32 team-name variants
  americanfootball_nfl: 26 events
    line_history: 1338 rows from 26 events
    ✓ wrote 26 rows to nfl_game_results

=== Summary: 26 games ===
-- ncaaf_odds_pull.py 
=== NCAAF odds pull · 2026-10-10 ===
  alias map: 2871 name variants
  Odds API events: 62
    line_history: 3176 rows from 62 events

✓ wrote 62 rows to ncaaf_game_results
-- ncaab_odds_pull.py 
=== NCAAB odds pull · 2026-10-10 ===
  alias map: 1542 name variants
  Odds API events: 0
  (offseason or no lines posted)
-- detect_line_movement NHL 
=== detect_line_movement · NHL · lookback 6h ===
  wrote 14 flags

TOTAL flags written: 14
-- detect_line_movement NBA 
=== detect_line_movement · NBA · lookback 6h ===

TOTAL flags written: 0
-- detect_line_movement NFL 
=== detect_line_movement · NFL · lookback 6h ===
  wrote 4 flags

TOTAL flags written: 4
-- detect_line_movement NCAAF 
=== detect_line_movement · NCAAF · lookback 6h ===
  wrote 22 flags

TOTAL flags written: 22
-- detect_line_movement NCAAB 
=== detect_line_movement · NCAAB · lookback 6h ===

TOTAL flags written: 0
-- classify_line_moves ALL 
=== classify_line_moves · MLB/NFL/NCAAF/NCAAB/NHL/UFC  ===
  MLB: 0 flags in last 24h
  NFL: 60 flags in last 24h
  NFL: classifications → PATTERN_ONLY=60
  NCAAF: 203 flags in last 24h
  NCAAF: classifications → SHARP_MOVE_LEAN=8, PATTERN_ONLY=151, SHARP_MOVE_CONFIRMED=4, NEUTRAL=19, CONSENSUS_LEAN=11, PUBLIC_MOVE_LEAN=4, CONSENSUS_CONFIRMED=3, PUBLIC_MOVE_CONFIRMED=2, SHARP_MOVE_TRIPLE_CONFIRMED=1
  NCAAB: 0 flags in last 24h
  NHL: 49 flags in last 24h
  NHL: classifications → PATTERN_ONLY=47, SHARP_MOVE_CONFIRMED=1, PUBLIC_MOVE_CONFIRMED=1
  UFC: 0 flags in last 24h

  ✓ 312/312 flags classified
======== [Sat 10/10/2026  1:59:11.81] all steps ok ======== 
 
======== [Sat 10/10/2026  2:26:02.04] multisport poller start ======== 
-- nhl_odds_pull.py 
=== NHL odds pull · 2026-10-10 02:26 ET ===
  Odds API ok · quota left 4966290
  events: 14 · rows built: 14
  date span: 2026-10-10 .. 2026-10-10 (1 dates)
  line_history: 896 rows from 14 events
  ✓ upserted 14/14 games into nhl_game_results
-- nba_odds_pull.py 
=== NBA odds pull · 2026-10-10 02:26 ET ===
  Odds API ok · quota left 4966287
  events: 46 · rows built: 46
  date span: 2026-10-20 .. 2026-12-25 (12 dates)
  line_history: 1070 rows from 46 events
  ✓ upserted 46/46 games into nba_game_results
-- nfl_odds_pull.py 
=== NFL odds pull · 2026-10-10 ===
  alias map: 32 team-name variants
  americanfootball_nfl: 26 events
    line_history: 1338 rows from 26 events
    ✓ wrote 26 rows to nfl_game_results

=== Summary: 26 games ===
-- ncaaf_odds_pull.py 
=== NCAAF odds pull · 2026-10-10 ===
  alias map: 2871 name variants
  Odds API events: 62
    line_history: 3172 rows from 62 events

✓ wrote 62 rows to ncaaf_game_results
-- ncaab_odds_pull.py 
=== NCAAB odds pull · 2026-10-10 ===
  alias map: 1542 name variants
  Odds API events: 0
  (offseason or no lines posted)
-- detect_line_movement NHL 
=== detect_line_movement · NHL · lookback 6h ===
  wrote 14 flags

TOTAL flags written: 14
-- detect_line_movement NBA 
=== detect_line_movement · NBA · lookback 6h ===

TOTAL flags written: 0
-- detect_line_movement NFL 
=== detect_line_movement · NFL · lookback 6h ===
  wrote 4 flags

TOTAL flags written: 4
-- detect_line_movement NCAAF 
=== detect_line_movement · NCAAF · lookback 6h ===
  wrote 24 flags

TOTAL flags written: 24
-- detect_line_movement NCAAB 
=== detect_line_movement · NCAAB · lookback 6h ===

TOTAL flags written: 0
-- classify_line_moves ALL 
=== classify_line_moves · MLB/NFL/NCAAF/NCAAB/NHL/UFC  ===
  MLB: 0 flags in last 24h
  NFL: 60 flags in last 24h
  NFL: classifications → PATTERN_ONLY=60
  NCAAF: 205 flags in last 24h
  NCAAF: classifications → SHARP_MOVE_LEAN=8, PATTERN_ONLY=151, SHARP_MOVE_CONFIRMED=4, NEUTRAL=20, CONSENSUS_LEAN=12, PUBLIC_MOVE_LEAN=4, CONSENSUS_CONFIRMED=3, PUBLIC_MOVE_CONFIRMED=2, SHARP_MOVE_TRIPLE_CONFIRMED=1
  NCAAB: 0 flags in last 24h
  NHL: 49 flags in last 24h
  NHL: classifications → PATTERN_ONLY=47, SHARP_MOVE_CONFIRMED=1, PUBLIC_MOVE_CONFIRMED=1
  UFC: 0 flags in last 24h

  ✓ 314/314 flags classified
======== [Sat 10/10/2026  2:29:08.74] all steps ok ======== 
 
======== [Sat 10/10/2026  2:56:02.07] multisport poller start ======== 
-- nhl_odds_pull.py 
=== NHL odds pull · 2026-10-10 02:56 ET ===
  Odds API ok · quota left 4966266
  events: 14 · rows built: 14
  date span: 2026-10-10 .. 2026-10-10 (1 dates)
  line_history: 896 rows from 14 events
  ✓ upserted 14/14 games into nhl_game_results
-- nba_odds_pull.py 
=== NBA odds pull · 2026-10-10 02:56 ET ===
  Odds API ok · quota left 4966263
  events: 46 · rows built: 46
  date span: 2026-10-20 .. 2026-12-25 (12 dates)
  line_history: 1070 rows from 46 events
  ✓ upserted 46/46 games into nba_game_results
-- nfl_odds_pull.py 
=== NFL odds pull · 2026-10-10 ===
  alias map: 32 team-name variants
  americanfootball_nfl: 26 events
    line_history: 1338 rows from 26 events
    ✓ wrote 26 rows to nfl_game_results

=== Summary: 26 games ===
-- ncaaf_odds_pull.py 
=== NCAAF odds pull · 2026-10-10 ===
  alias map: 2871 name variants
  Odds API events: 62
    line_history: 3172 rows from 62 events

✓ wrote 62 rows to ncaaf_game_results
-- ncaab_odds_pull.py 
=== NCAAB odds pull · 2026-10-10 ===
  alias map: 1542 name variants
  Odds API events: 0
  (offseason or no lines posted)
-- detect_line_movement NHL 
=== detect_line_movement · NHL · lookback 6h ===
  wrote 11 flags

TOTAL flags written: 11
-- detect_line_movement NBA 
=== detect_line_movement · NBA · lookback 6h ===

TOTAL flags written: 0
-- detect_line_movement NFL 
=== detect_line_movement · NFL · lookback 6h ===
  wrote 3 flags

TOTAL flags written: 3
-- detect_line_movement NCAAF 
=== detect_line_movement · NCAAF · lookback 6h ===
  wrote 17 flags

TOTAL flags written: 17
-- detect_line_movement NCAAB 
=== detect_line_movement · NCAAB · lookback 6h ===

TOTAL flags written: 0
-- classify_line_moves ALL 
=== classify_line_moves · MLB/NFL/NCAAF/NCAAB/NHL/UFC  ===
  MLB: 0 flags in last 24h
  NFL: 59 flags in last 24h
  NFL: classifications → PATTERN_ONLY=59
  NCAAF: 209 flags in last 24h
  NCAAF: classifications → SHARP_MOVE_LEAN=9, PATTERN_ONLY=153, SHARP_MOVE_CONFIRMED=4, NEUTRAL=21, CONSENSUS_LEAN=12, PUBLIC_MOVE_LEAN=4, CONSENSUS_CONFIRMED=3, PUBLIC_MOVE_CONFIRMED=2, SHARP_MOVE_TRIPLE_CONFIRMED=1
  NCAAB: 0 flags in last 24h
  NHL: 49 flags in last 24h
  NHL: classifications → PATTERN_ONLY=47, SHARP_MOVE_CONFIRMED=1, PUBLIC_MOVE_CONFIRMED=1
  UFC: 0 flags in last 24h

  ✓ 317/317 flags classified
======== [Sat 10/10/2026  2:59:19.15] all steps ok ======== 
 
======== [Sat 10/10/2026  3:26:02.07] multisport poller start ======== 
-- nhl_odds_pull.py 
=== NHL odds pull · 2026-10-10 03:26 ET ===
  Odds API ok · quota left 4966242
  events: 14 · rows built: 14
  date span: 2026-10-10 .. 2026-10-10 (1 dates)
  line_history: 896 rows from 14 events
  ✓ upserted 14/14 games into nhl_game_results
-- nba_odds_pull.py 
=== NBA odds pull · 2026-10-10 03:26 ET ===
  Odds API ok · quota left 4966239
  events: 46 · rows built: 46
  date span: 2026-10-20 .. 2026-12-25 (12 dates)
  line_history: 1070 rows from 46 events
  ✓ upserted 46/46 games into nba_game_results
-- nfl_odds_pull.py 
=== NFL odds pull · 2026-10-10 ===
  alias map: 32 team-name variants
  americanfootball_nfl: 26 events
    line_history: 1338 rows from 26 events
    ✓ wrote 26 rows to nfl_game_results

=== Summary: 26 games ===
-- ncaaf_odds_pull.py 
=== NCAAF odds pull · 2026-10-10 ===
  alias map: 2871 name variants
  Odds API events: 62
    line_history: 3172 rows from 62 events

✓ wrote 62 rows to ncaaf_game_results
-- ncaab_odds_pull.py 
=== NCAAB odds pull · 2026-10-10 ===
  alias map: 1542 name variants
  Odds API events: 0
  (offseason or no lines posted)
-- detect_line_movement NHL 
=== detect_line_movement · NHL · lookback 6h ===
  wrote 13 flags

TOTAL flags written: 13
-- detect_line_movement NBA 
=== detect_line_movement · NBA · lookback 6h ===

TOTAL flags written: 0
-- detect_line_movement NFL 
=== detect_line_movement · NFL · lookback 6h ===
  wrote 4 flags

TOTAL flags written: 4
-- detect_line_movement NCAAF 
=== detect_line_movement · NCAAF · lookback 6h ===
  wrote 21 flags

TOTAL flags written: 21
-- detect_line_movement NCAAB 
=== detect_line_movement · NCAAB · lookback 6h ===

TOTAL flags written: 0
-- classify_line_moves ALL 
=== classify_line_moves · MLB/NFL/NCAAF/NCAAB/NHL/UFC  ===
  MLB: 0 flags in last 24h
  NFL: 59 flags in last 24h
  NFL: classifications → PATTERN_ONLY=59
  NCAAF: 212 flags in last 24h
  NCAAF: classifications → SHARP_MOVE_LEAN=9, PATTERN_ONLY=154, SHARP_MOVE_CONFIRMED=4, NEUTRAL=22, CONSENSUS_LEAN=13, PUBLIC_MOVE_LEAN=4, CONSENSUS_CONFIRMED=3, PUBLIC_MOVE_CONFIRMED=2, SHARP_MOVE_TRIPLE_CONFIRMED=1
  NCAAB: 0 flags in last 24h
  NHL: 49 flags in last 24h
  NHL: classifications → PATTERN_ONLY=47, SHARP_MOVE_CONFIRMED=1, PUBLIC_MOVE_CONFIRMED=1
  UFC: 0 flags in last 24h

  ✓ 320/320 flags classified
======== [Sat 10/10/2026  3:29:23.44] all steps ok ======== 
 
======== [Sat 10/10/2026  3:56:02.09] multisport poller start ======== 
-- nhl_odds_pull.py 
=== NHL odds pull · 2026-10-10 03:56 ET ===
  Odds API ok · quota left 4966218
  events: 14 · rows built: 14
  date span: 2026-10-10 .. 2026-10-10 (1 dates)
  line_history: 896 rows from 14 events
  ✓ upserted 14/14 games into nhl_game_results
-- nba_odds_pull.py 
=== NBA odds pull · 2026-10-10 03:56 ET ===
  Odds API ok · quota left 4966215
  events: 46 · rows built: 46
  date span: 2026-10-20 .. 2026-12-25 (12 dates)
  line_history: 1070 rows from 46 events
  ✓ upserted 46/46 games into nba_game_results
-- nfl_odds_pull.py 
=== NFL odds pull · 2026-10-10 ===
  alias map: 32 team-name variants
  americanfootball_nfl: 26 events
    line_history: 1338 rows from 26 events
    ✓ wrote 26 rows to nfl_game_results

=== Summary: 26 games ===
-- ncaaf_odds_pull.py 
=== NCAAF odds pull · 2026-10-10 ===
  alias map: 2871 name variants
  Odds API events: 62
    line_history: 3172 rows from 62 events

✓ wrote 62 rows to ncaaf_game_results
-- ncaab_odds_pull.py 
=== NCAAB odds pull · 2026-10-10 ===
  alias map: 1542 name variants
  Odds API events: 0
  (offseason or no lines posted)
-- detect_line_movement NHL 
=== detect_line_movement · NHL · lookback 6h ===
  wrote 11 flags

TOTAL flags written: 11
-- detect_line_movement NBA 
=== detect_line_movement · NBA · lookback 6h ===

TOTAL flags written: 0
-- detect_line_movement NFL 
=== detect_line_movement · NFL · lookback 6h ===
  wrote 4 flags

TOTAL flags written: 4
-- detect_line_movement NCAAF 
=== detect_line_movement · NCAAF · lookback 6h ===
  wrote 30 flags

TOTAL flags written: 30
-- detect_line_movement NCAAB 
=== detect_line_movement · NCAAB · lookback 6h ===

TOTAL flags written: 0
-- classify_line_moves ALL 
=== classify_line_moves · MLB/NFL/NCAAF/NCAAB/NHL/UFC  ===
  MLB: 0 flags in last 24h
  NFL: 59 flags in last 24h
  NFL: classifications → PATTERN_ONLY=59
  NCAAF: 220 flags in last 24h
  NCAAF: classifications → SHARP_MOVE_LEAN=12, PATTERN_ONLY=154, SHARP_MOVE_CONFIRMED=4, NEUTRAL=26, CONSENSUS_LEAN=13, PUBLIC_MOVE_LEAN=5, CONSENSUS_CONFIRMED=3, PUBLIC_MOVE_CONFIRMED=2, SHARP_MOVE_TRIPLE_CONFIRMED=1
  NCAAB: 0 flags in last 24h
  NHL: 49 flags in last 24h
  NHL: classifications → PATTERN_ONLY=47, SHARP_MOVE_CONFIRMED=1, PUBLIC_MOVE_CONFIRMED=1
  UFC: 0 flags in last 24h

  ✓ 328/328 flags classified
======== [Sat 10/10/2026  3:59:17.48] all steps ok ======== 
 
======== [Sat 10/10/2026  4:26:02.08] multisport poller start ======== 
-- nhl_odds_pull.py 
=== NHL odds pull · 2026-10-10 04:26 ET ===
  Odds API ok · quota left 4966194
  events: 14 · rows built: 14
  date span: 2026-10-10 .. 2026-10-10 (1 dates)
  line_history: 896 rows from 14 events
  ✓ upserted 14/14 games into nhl_game_results
-- nba_odds_pull.py 
=== NBA odds pull · 2026-10-10 04:26 ET ===
  Odds API ok · quota left 4966191
  events: 46 · rows built: 46
  date span: 2026-10-20 .. 2026-12-25 (12 dates)
  line_history: 1070 rows from 46 events
  ✓ upserted 46/46 games into nba_game_results
-- nfl_odds_pull.py 
=== NFL odds pull · 2026-10-10 ===
  alias map: 32 team-name variants
  americanfootball_nfl: 26 events
    line_history: 1338 rows from 26 events
    ✓ wrote 26 rows to nfl_game_results

=== Summary: 26 games ===
-- ncaaf_odds_pull.py 
=== NCAAF odds pull · 2026-10-10 ===
  alias map: 2871 name variants
  Odds API events: 62
    line_history: 3172 rows from 62 events

✓ wrote 62 rows to ncaaf_game_results
-- ncaab_odds_pull.py 
=== NCAAB odds pull · 2026-10-10 ===
  alias map: 1542 name variants
  Odds API events: 0
  (offseason or no lines posted)
-- detect_line_movement NHL 
=== detect_line_movement · NHL · lookback 6h ===
  wrote 7 flags

TOTAL flags written: 7
-- detect_line_movement NBA 
=== detect_line_movement · NBA · lookback 6h ===

TOTAL flags written: 0
-- detect_line_movement NFL 
=== detect_line_movement · NFL · lookback 6h ===
  wrote 4 flags

TOTAL flags written: 4
-- detect_line_movement NCAAF 
=== detect_line_movement · NCAAF · lookback 6h ===
  wrote 28 flags

TOTAL flags written: 28
-- detect_line_movement NCAAB 
=== detect_line_movement · NCAAB · lookback 6h ===

TOTAL flags written: 0
-- classify_line_moves ALL 
=== classify_line_moves · MLB/NFL/NCAAF/NCAAB/NHL/UFC  ===
  MLB: 0 flags in last 24h
  NFL: 59 flags in last 24h
  NFL: classifications → PATTERN_ONLY=59
  NCAAF: 220 flags in last 24h
  NCAAF: classifications → SHARP_MOVE_LEAN=15, PATTERN_ONLY=149, SHARP_MOVE_CONFIRMED=4, NEUTRAL=27, CONSENSUS_LEAN=14, PUBLIC_MOVE_LEAN=5, CONSENSUS_CONFIRMED=3, PUBLIC_MOVE_CONFIRMED=2, SHARP_MOVE_TRIPLE_CONFIRMED=1
  NCAAB: 0 flags in last 24h
  NHL: 49 flags in last 24h
  NHL: classifications → PATTERN_ONLY=47, SHARP_MOVE_CONFIRMED=1, PUBLIC_MOVE_CONFIRMED=1
  UFC: 0 flags in last 24h

  ✓ 328/328 flags classified
======== [Sat 10/10/2026  4:29:16.14] all steps ok ======== 
 
======== [Sat 10/10/2026  4:56:02.08] multisport poller start ======== 
-- nhl_odds_pull.py 
=== NHL odds pull · 2026-10-10 04:56 ET ===
  Odds API ok · quota left 4966170
  events: 14 · rows built: 14
  date span: 2026-10-10 .. 2026-10-10 (1 dates)
  line_history: 896 rows from 14 events
  ✓ upserted 14/14 games into nhl_game_results
-- nba_odds_pull.py 
=== NBA odds pull · 2026-10-10 04:56 ET ===
  Odds API ok · quota left 4966167
  events: 46 · rows built: 46
  date span: 2026-10-20 .. 2026-12-25 (12 dates)
  line_history: 1076 rows from 46 events
  ✓ upserted 46/46 games into nba_game_results
-- nfl_odds_pull.py 
=== NFL odds pull · 2026-10-10 ===
  alias map: 32 team-name variants
  americanfootball_nfl: 26 events
    line_history: 1338 rows from 26 events
    ✓ wrote 26 rows to nfl_game_results

=== Summary: 26 games ===
-- ncaaf_odds_pull.py 
=== NCAAF odds pull · 2026-10-10 ===
  alias map: 2871 name variants
  Odds API events: 62
    line_history: 3176 rows from 62 events

✓ wrote 62 rows to ncaaf_game_results
-- ncaab_odds_pull.py 
=== NCAAB odds pull · 2026-10-10 ===
  alias map: 1542 name variants
  Odds API events: 0
  (offseason or no lines posted)
-- detect_line_movement NHL 
=== detect_line_movement · NHL · lookback 6h ===
  wrote 10 flags

TOTAL flags written: 10
-- detect_line_movement NBA 
=== detect_line_movement · NBA · lookback 6h ===
  wrote 5 flags

TOTAL flags written: 5
-- detect_line_movement NFL 
=== detect_line_movement · NFL · lookback 6h ===
  wrote 3 flags

TOTAL flags written: 3
-- detect_line_movement NCAAF 
=== detect_line_movement · NCAAF · lookback 6h ===
  wrote 28 flags

TOTAL flags written: 28
-- detect_line_movement NCAAB 
=== detect_line_movement · NCAAB · lookback 6h ===

TOTAL flags written: 0
-- classify_line_moves ALL 
=== classify_line_moves · MLB/NFL/NCAAF/NCAAB/NHL/UFC  ===
  MLB: 0 flags in last 24h
  NFL: 59 flags in last 24h
  NFL: classifications → PATTERN_ONLY=59
  NCAAF: 219 flags in last 24h
  NCAAF: classifications → SHARP_MOVE_LEAN=15, PATTERN_ONLY=148, SHARP_MOVE_CONFIRMED=4, NEUTRAL=27, CONSENSUS_LEAN=14, PUBLIC_MOVE_LEAN=5, CONSENSUS_CONFIRMED=3, PUBLIC_MOVE_CONFIRMED=2, SHARP_MOVE_TRIPLE_CONFIRMED=1
  NCAAB: 0 flags in last 24h
  NHL: 49 flags in last 24h
  NHL: classifications → PATTERN_ONLY=47, SHARP_MOVE_CONFIRMED=1, PUBLIC_MOVE_CONFIRMED=1
  UFC: 0 flags in last 24h

  ✓ 327/327 flags classified
======== [Sat 10/10/2026  4:59:16.48] all steps ok ======== 
 
======== [Sat 10/10/2026  5:26:02.10] multisport poller start ======== 
-- nhl_odds_pull.py 
=== NHL odds pull · 2026-10-10 05:26 ET ===
  Odds API ok · quota left 4966146
  events: 14 · rows built: 14
  date span: 2026-10-10 .. 2026-10-10 (1 dates)
  line_history: 896 rows from 14 events
  ✓ upserted 14/14 games into nhl_game_results
-- nba_odds_pull.py 
=== NBA odds pull · 2026-10-10 05:26 ET ===
  Odds API ok · quota left 4966143
  events: 46 · rows built: 46
  date span: 2026-10-20 .. 2026-12-25 (12 dates)
  line_history: 1076 rows from 46 events
  ✓ upserted 46/46 games into nba_game_results
-- nfl_odds_pull.py 
=== NFL odds pull · 2026-10-10 ===
  alias map: 32 team-name variants
  americanfootball_nfl: 26 events
    line_history: 1422 rows from 26 events
    ✓ wrote 26 rows to nfl_game_results

=== Summary: 26 games ===
-- ncaaf_odds_pull.py 
=== NCAAF odds pull · 2026-10-10 ===
  alias map: 2871 name variants
  Odds API events: 62
    line_history: 3176 rows from 62 events

✓ wrote 62 rows to ncaaf_game_results
-- ncaab_odds_pull.py 
=== NCAAB odds pull · 2026-10-10 ===
  alias map: 1542 name variants
  Odds API events: 0
  (offseason or no lines posted)
-- detect_line_movement NHL 
=== detect_line_movement · NHL · lookback 6h ===
  wrote 12 flags

TOTAL flags written: 12
-- detect_line_movement NBA 
=== detect_line_movement · NBA · lookback 6h ===
  wrote 5 flags

TOTAL flags written: 5
-- detect_line_movement NFL 
=== detect_line_movement · NFL · lookback 6h ===
  wrote 4 flags

TOTAL flags written: 4
-- detect_line_movement NCAAF 
=== detect_line_movement · NCAAF · lookback 6h ===
  wrote 32 flags

TOTAL flags written: 32
-- detect_line_movement NCAAB 
=== detect_line_movement · NCAAB · lookback 6h ===

TOTAL flags written: 0
-- classify_line_moves ALL 
=== classify_line_moves · MLB/NFL/NCAAF/NCAAB/NHL/UFC  ===
  MLB: 0 flags in last 24h
  NFL: 60 flags in last 24h
  NFL: classifications → PATTERN_ONLY=60
  NCAAF: 220 flags in last 24h
  NCAAF: classifications → SHARP_MOVE_LEAN=16, PATTERN_ONLY=147, SHARP_MOVE_CONFIRMED=4, NEUTRAL=28, CONSENSUS_LEAN=14, PUBLIC_MOVE_LEAN=5, CONSENSUS_CONFIRMED=3, PUBLIC_MOVE_CONFIRMED=2, SHARP_MOVE_TRIPLE_CONFIRMED=1
  NCAAB: 0 flags in last 24h
  NHL: 49 flags in last 24h
  NHL: classifications → PATTERN_ONLY=47, SHARP_MOVE_CONFIRMED=1, PUBLIC_MOVE_CONFIRMED=1
  UFC: 0 flags in last 24h

  ✓ 329/329 flags classified
======== [Sat 10/10/2026  5:29:22.48] all steps ok ======== 
 
======== [Sat 10/10/2026  5:56:02.17] multisport poller start ======== 
-- nhl_odds_pull.py 
=== NHL odds pull · 2026-10-10 05:56 ET ===
  Odds API ok · quota left 4966122
  events: 14 · rows built: 14
  date span: 2026-10-10 .. 2026-10-10 (1 dates)
  line_history: 896 rows from 14 events
  ✓ upserted 14/14 games into nhl_game_results
-- nba_odds_pull.py 
=== NBA odds pull · 2026-10-10 05:56 ET ===
  Odds API ok · quota left 4966119
  events: 46 · rows built: 46
  date span: 2026-10-20 .. 2026-12-25 (12 dates)
  line_history: 1076 rows from 46 events
  ✓ upserted 46/46 games into nba_game_results
-- nfl_odds_pull.py 
=== NFL odds pull · 2026-10-10 ===
  alias map: 32 team-name variants
  americanfootball_nfl: 26 events
    line_history: 1422 rows from 26 events
    ✓ wrote 26 rows to nfl_game_results

=== Summary: 26 games ===
-- ncaaf_odds_pull.py 
=== NCAAF odds pull · 2026-10-10 ===
  alias map: 2871 name variants
  Odds API events: 62
    line_history: 3176 rows from 62 events

✓ wrote 62 rows to ncaaf_game_results
-- ncaab_odds_pull.py 
=== NCAAB odds pull · 2026-10-10 ===
  alias map: 1542 name variants
  Odds API events: 0
  (offseason or no lines posted)
-- detect_line_movement NHL 
=== detect_line_movement · NHL · lookback 6h ===
  wrote 15 flags

TOTAL flags written: 15
-- detect_line_movement NBA 
=== detect_line_movement · NBA · lookback 6h ===
  wrote 5 flags

TOTAL flags written: 5
-- detect_line_movement NFL 
=== detect_line_movement · NFL · lookback 6h ===
  wrote 2 flags

TOTAL flags written: 2
-- detect_line_movement NCAAF 
=== detect_line_movement · NCAAF · lookback 6h ===
  wrote 30 flags

TOTAL flags written: 30
-- detect_line_movement NCAAB 
=== detect_line_movement · NCAAB · lookback 6h ===

TOTAL flags written: 0
-- classify_line_moves ALL 
=== classify_line_moves · MLB/NFL/NCAAF/NCAAB/NHL/UFC  ===
  MLB: 0 flags in last 24h
  NFL: 60 flags in last 24h
  NFL: classifications → PATTERN_ONLY=60
  NCAAF: 221 flags in last 24h
  NCAAF: classifications → SHARP_MOVE_LEAN=16, PATTERN_ONLY=147, SHARP_MOVE_CONFIRMED=4, NEUTRAL=29, CONSENSUS_LEAN=14, PUBLIC_MOVE_LEAN=6, CONSENSUS_CONFIRMED=3, PUBLIC_MOVE_CONFIRMED=1, SHARP_MOVE_TRIPLE_CONFIRMED=1
  NCAAB: 0 flags in last 24h
  NHL: 50 flags in last 24h
  NHL: classifications → PATTERN_ONLY=48, SHARP_MOVE_CONFIRMED=1, PUBLIC_MOVE_CONFIRMED=1
  UFC: 0 flags in last 24h

  ✓ 331/331 flags classified
======== [Sat 10/10/2026  5:59:22.06] all steps ok ======== 
 
======== [Sat 10/10/2026  6:26:02.16] multisport poller start ======== 
-- nhl_odds_pull.py 
=== NHL odds pull · 2026-10-10 06:26 ET ===
  Odds API ok · quota left 4966098
  events: 14 · rows built: 14
  date span: 2026-10-10 .. 2026-10-10 (1 dates)
  line_history: 896 rows from 14 events
  ✓ upserted 14/14 games into nhl_game_results
-- nba_odds_pull.py 
=== NBA odds pull · 2026-10-10 06:26 ET ===
  Odds API ok · quota left 4966095
  events: 46 · rows built: 46
  date span: 2026-10-20 .. 2026-12-25 (12 dates)
  line_history: 1076 rows from 46 events
  ✓ upserted 46/46 games into nba_game_results
-- nfl_odds_pull.py 
=== NFL odds pull · 2026-10-10 ===
  alias map: 32 team-name variants
  americanfootball_nfl: 26 events
    line_history: 1338 rows from 26 events
    ✓ wrote 26 rows to nfl_game_results

=== Summary: 26 games ===
-- ncaaf_odds_pull.py 
=== NCAAF odds pull · 2026-10-10 ===
  alias map: 2871 name variants
  Odds API events: 62
    line_history: 2906 rows from 62 events

✓ wrote 62 rows to ncaaf_game_results
-- ncaab_odds_pull.py 
=== NCAAB odds pull · 2026-10-10 ===
  alias map: 1542 name variants
  Odds API events: 0
  (offseason or no lines posted)
-- detect_line_movement NHL 
=== detect_line_movement · NHL · lookback 6h ===
  wrote 17 flags

TOTAL flags written: 17
-- detect_line_movement NBA 
=== detect_line_movement · NBA · lookback 6h ===
  wrote 5 flags

TOTAL flags written: 5
-- detect_line_movement NFL 
=== detect_line_movement · NFL · lookback 6h ===
  wrote 2 flags

TOTAL flags written: 2
-- detect_line_movement NCAAF 
=== detect_line_movement · NCAAF · lookback 6h ===
  wrote 30 flags

TOTAL flags written: 30
-- detect_line_movement NCAAB 
=== detect_line_movement · NCAAB · lookback 6h ===

TOTAL flags written: 0
-- classify_line_moves ALL 
=== classify_line_moves · MLB/NFL/NCAAF/NCAAB/NHL/UFC  ===
  MLB: 0 flags in last 24h
  NFL: 58 flags in last 24h
  NFL: classifications → PATTERN_ONLY=58
  NCAAF: 220 flags in last 24h
  NCAAF: classifications → SHARP_MOVE_LEAN=17, PATTERN_ONLY=145, SHARP_MOVE_CONFIRMED=4, NEUTRAL=29, CONSENSUS_LEAN=14, PUBLIC_MOVE_LEAN=6, CONSENSUS_CONFIRMED=3, PUBLIC_MOVE_CONFIRMED=1, SHARP_MOVE_TRIPLE_CONFIRMED=1
  NCAAB: 0 flags in last 24h
  NHL: 50 flags in last 24h
  NHL: classifications → PATTERN_ONLY=48, SHARP_MOVE_CONFIRMED=1, PUBLIC_MOVE_CONFIRMED=1
  UFC: 0 flags in last 24h

  ✓ 328/328 flags classified
======== [Sat 10/10/2026  6:29:18.46] all steps ok ======== 
 
======== [Sat 10/10/2026  6:56:02.20] multisport poller start ======== 
-- nhl_odds_pull.py 
=== NHL odds pull · 2026-10-10 06:56 ET ===
  Odds API ok · quota left 4965996
  events: 14 · rows built: 14
  date span: 2026-10-10 .. 2026-10-10 (1 dates)
  line_history: 896 rows from 14 events
  ✓ upserted 14/14 games into nhl_game_results
-- nba_odds_pull.py 
=== NBA odds pull · 2026-10-10 06:56 ET ===
  Odds API ok · quota left 4965993
  events: 46 · rows built: 46
  date span: 2026-10-20 .. 2026-12-25 (12 dates)
  line_history: 1076 rows from 46 events
  ✓ upserted 46/46 games into nba_game_results
-- nfl_odds_pull.py 
=== NFL odds pull · 2026-10-10 ===
  alias map: 32 team-name variants
  americanfootball_nfl: 26 events
    line_history: 1418 rows from 26 events
    ✓ wrote 26 rows to nfl_game_results

=== Summary: 26 games ===
-- ncaaf_odds_pull.py 
=== NCAAF odds pull · 2026-10-10 ===
  alias map: 2871 name variants
  Odds API events: 62
    line_history: 3176 rows from 62 events

✓ wrote 62 rows to ncaaf_game_results
-- ncaab_odds_pull.py 
=== NCAAB odds pull · 2026-10-10 ===
  alias map: 1542 name variants
  Odds API events: 0
  (offseason or no lines posted)
-- detect_line_movement NHL 
=== detect_line_movement · NHL · lookback 6h ===
  wrote 18 flags

TOTAL flags written: 18
-- detect_line_movement NBA 
=== detect_line_movement · NBA · lookback 6h ===
  wrote 5 flags

TOTAL flags written: 5
-- detect_line_movement NFL 
=== detect_line_movement · NFL · lookback 6h ===
  wrote 2 flags

TOTAL flags written: 2
-- detect_line_movement NCAAF 
=== detect_line_movement · NCAAF · lookback 6h ===
  wrote 14 flags

TOTAL flags written: 14
-- detect_line_movement NCAAB 
=== detect_line_movement · NCAAB · lookback 6h ===

TOTAL flags written: 0
-- classify_line_moves ALL 
=== classify_line_moves · MLB/NFL/NCAAF/NCAAB/NHL/UFC  ===
  MLB: 0 flags in last 24h
  NFL: 58 flags in last 24h
  NFL: classifications → PATTERN_ONLY=58
  NCAAF: 220 flags in last 24h
  NCAAF: classifications → NEUTRAL=21, PATTERN_ONLY=164, SHARP_MOVE_LEAN=10, CONSENSUS_LEAN=14, SHARP_MOVE_CONFIRMED=3, PUBLIC_MOVE_LEAN=1, CONSENSUS_CONFIRMED=3, PUBLIC_MOVE_CONFIRMED=3, SHARP_MOVE_TRIPLE_CONFIRMED=1
  NCAAB: 0 flags in last 24h
  NHL: 50 flags in last 24h
  NHL: classifications → CONSENSUS_LEAN=11, PUBLIC_MOVE_LEAN=9, NEUTRAL=8, SHARP_MOVE_LEAN=8, PATTERN_ONLY=12, SHARP_MOVE_CONFIRMED=1, PUBLIC_MOVE_CONFIRMED=1
  UFC: 0 flags in last 24h

  ✓ 328/328 flags classified
======== [Sat 10/10/2026  6:59:18.13] all steps ok ======== 
 
======== [Sat 10/10/2026  7:45:28.84] multisport poller start ======== 
-- nhl_odds_pull.py 
=== NHL odds pull · 2026-10-10 07:45 ET ===
  Odds API ok · quota left 4965962
  events: 14 · rows built: 14
  date span: 2026-10-10 .. 2026-10-10 (1 dates)
  line_history: 896 rows from 14 events
  ✓ upserted 14/14 games into nhl_game_results
-- nba_odds_pull.py 
=== NBA odds pull · 2026-10-10 07:45 ET ===
  Odds API ok · quota left 4965953
  events: 46 · rows built: 46
  date span: 2026-10-20 .. 2026-12-25 (12 dates)
  line_history: 1076 rows from 46 events
  ✓ upserted 46/46 games into nba_game_results
-- nfl_odds_pull.py 
=== NFL odds pull · 2026-10-10 ===
  alias map: 32 team-name variants
  americanfootball_nfl: 26 events
    line_history: 1338 rows from 26 events
    ✓ wrote 26 rows to nfl_game_results

=== Summary: 26 games ===
-- ncaaf_odds_pull.py 
=== NCAAF odds pull · 2026-10-10 ===
  alias map: 2871 name variants
  Odds API events: 62
    line_history: 3178 rows from 62 events

✓ wrote 62 rows to ncaaf_game_results
-- ncaab_odds_pull.py 
=== NCAAB odds pull · 2026-10-10 ===
  alias map: 1542 name variants
  Odds API events: 0
  (offseason or no lines posted)
-- detect_line_movement NHL 
=== detect_line_movement · NHL · lookback 6h ===
  wrote 18 flags

TOTAL flags written: 18
-- detect_line_movement NBA 
=== detect_line_movement · NBA · lookback 6h ===
  wrote 5 flags

TOTAL flags written: 5
-- detect_line_movement NFL 
=== detect_line_movement · NFL · lookback 6h ===
  wrote 3 flags

TOTAL flags written: 3
-- detect_line_movement NCAAF 
=== detect_line_movement · NCAAF · lookback 6h ===
  wrote 8 flags

TOTAL flags written: 8
-- detect_line_movement NCAAB 
=== detect_line_movement · NCAAB · lookback 6h ===

TOTAL flags written: 0
-- classify_line_moves ALL 
=== classify_line_moves · MLB/NFL/NCAAF/NCAAB/NHL/UFC  ===
  MLB: 0 flags in last 24h
  NFL: 58 flags in last 24h
  NFL: classifications → PATTERN_ONLY=58
  NCAAF: 218 flags in last 24h
  NCAAF: classifications → NEUTRAL=21, PATTERN_ONLY=162, SHARP_MOVE_LEAN=10, CONSENSUS_LEAN=14, SHARP_MOVE_CONFIRMED=3, PUBLIC_MOVE_LEAN=1, CONSENSUS_CONFIRMED=3, PUBLIC_MOVE_CONFIRMED=3, SHARP_MOVE_TRIPLE_CONFIRMED=1
  NCAAB: 0 flags in last 24h
  NHL: 50 flags in last 24h
  NHL: classifications → CONSENSUS_LEAN=11, NEUTRAL=8, PUBLIC_MOVE_LEAN=9, SHARP_MOVE_LEAN=8, PATTERN_ONLY=12, SHARP_MOVE_CONFIRMED=1, PUBLIC_MOVE_CONFIRMED=1
  UFC: 0 flags in last 24h

  ✓ 326/326 flags classified
======== [Sat 10/10/2026  7:50:33.75] all steps ok ======== 
